/* Generated by tools/mkartwork.py - do not edit. */
const unsigned char DefaultSS160_444[] = {
  0x78, 0x00, 0xa0, 0x00, 0x13, 0x00, 0x13, 0x00, 0x13, 0x00, 0x13, 0x00,
  0x13, 0x00, 0x13, 0x00, 0x13, 0x00, 0x13, 0x00, 0x13, 0x00, 0x13, 0x00,
  0x13, 0x00, 0x13, 0x00, 0x13, 0x00, 0x13, 0x00, 0x13, 0x00, 0x13, 0x00,
  0x13, 0x00, 0x13, 0x00, 0x13, 0x00, 0x13, 0x00, 0x13, 0x00, 0x13, 0x00,
  0x13, 0x00, 0x13, 0x00, 0x13, 0x00, 0x13, 0x00, 0x13, 0x00, 0x13, 0x00,
  0x13, 0x00, 0x13, 0x00, 0x13, 0x00, 0x13, 0x00, 0x13, 0x00, 0x13, 0x00,
  0x13, 0x00, 0x13, 0x00, 0x13, 0x00, 0x13, 0x00, 0x13, 0x00, 0x13, 0x00,
  0x13, 0x00, 0x13, 0x00, 0x13, 0x00, 0x13, 0x00, 0x13, 0x00, 0x13, 0x00,
  0x13, 0x00, 0x13, 0x00, 0x13, 0x00, 0x13, 0x00, 0x13, 0x00, 0x13, 0x00,
  0x13, 0x00, 0x13, 0x00, 0x13, 0x00, 0x13, 0x00, 0x13, 0x00, 0x13, 0x00,
  0x13, 0x00, 0x13, 0x00, 0x13, 0x00, 0x13, 0x00, 0x13, 0x00, 0x13, 0x00,
  0x13, 0x00, 0x13, 0x00, 0x13, 0x00, 0x13, 0x00, 0x13, 0x00, 0x13, 0x00,
  0x13, 0x00, 0x13, 0x00, 0x13, 0x00, 0x13, 0x00, 0x13, 0x00, 0x13, 0x00,
  0x13, 0x00, 0x13, 0x00, 0x13, 0x00, 0x13, 0x00, 0x13, 0x00, 0x13, 0x00,
  0x13, 0x00, 0x13, 0x00, 0x13, 0x00, 0x13, 0x00, 0x13, 0x00, 0x13, 0x00,
  0x13, 0x00, 0x13, 0x00, 0x13, 0x00, 0x13, 0x00, 0x13, 0x00, 0x13, 0x00,
  0x13, 0x00, 0x13, 0x00, 0x13, 0x00, 0x13, 0x00, 0x13, 0x00, 0x13, 0x00,
  0x13, 0x00, 0x13, 0x00, 0x13, 0x00, 0x13, 0x00, 0x13, 0x00, 0x13, 0x00,
  0x13, 0x00, 0x13, 0x00, 0x13, 0x00, 0x13, 0x00, 0x13, 0x00, 0x13, 0x00,
  0x13, 0x00, 0x13, 0x00, 0x13, 0x00, 0x13, 0x00, 0x13, 0x00, 0x13, 0x00,
  0x13, 0x00, 0x13, 0x00, 0x13, 0x00, 0x13, 0x00, 0x13, 0x00, 0x13, 0x00,
  0x13, 0x00, 0x13, 0x00, 0x13, 0x00, 0x13, 0x00, 0x13, 0x00, 0x13, 0x00,
  0x13, 0x00, 0x13, 0x00, 0x13, 0x00, 0x13, 0x00, 0x13, 0x00, 0x13, 0x00,
  0x13, 0x00, 0x13, 0x00, 0x13, 0x00, 0x13, 0x00, 0x13, 0x00, 0x13, 0x00,
  0x13, 0x00, 0x13, 0x00, 0x13, 0x00, 0x99, 0x0e, 0x13, 0x00, 0x13, 0x00,
  0x13, 0x00, 0x13, 0x00, 0x13, 0x00, 0x13, 0x00, 0x13, 0x00, 0x13, 0x00,
  0x13, 0x00, 0x13, 0x00, 0x13, 0x00, 0x13, 0x00, 0x13, 0x00, 0x13, 0x00,
  0x13, 0x00, 0x13, 0x00, 0x13, 0x00, 0x13, 0x00, 0x13, 0x00, 0x13, 0x00,
  0x13, 0x00, 0x13, 0x00, 0x13, 0x00, 0x13, 0x00, 0x13, 0x00, 0x13, 0x00,
  0x13, 0x00, 0x13, 0x00, 0x13, 0x00, 0x13, 0x00, 0x13, 0x00, 0x13, 0x00,
  0x13, 0x00, 0x13, 0x00, 0x13, 0x00, 0x13, 0x00, 0x13, 0x00, 0x13, 0x00,
  0x13, 0x00, 0x13, 0x00, 0x13, 0x00, 0x13, 0x00, 0x13, 0x00, 0x13, 0x00,
  0x13, 0x00, 0x13, 0x00, 0x13, 0x00, 0x13, 0x00, 0x13, 0x00, 0x13, 0x00,
  0x13, 0x00, 0x13, 0x00, 0x13, 0x00, 0x13, 0x00, 0x13, 0x00, 0x13, 0x00,
  0x13, 0x00, 0x13, 0x00, 0x13, 0x00, 0x13, 0x00, 0x13, 0x00, 0x13, 0x00,
  0x13, 0x00, 0x13, 0x00, 0x13, 0x00, 0x13, 0x00, 0x13, 0x00, 0x13, 0x00,
  0x13, 0x00, 0x13, 0x00, 0x13, 0x00, 0x13, 0x00, 0x13, 0x00, 0x13, 0x00,
  0x13, 0x00, 0x13, 0x00, 0x13, 0x00, 0x13, 0x00, 0x13, 0x00, 0x13, 0x00,
  0x13, 0x00, 0x13, 0x00, 0x13, 0x00, 0x13, 0x00, 0x13, 0x00, 0x13, 0x00,
  0x13, 0x00, 0x13, 0x00, 0x13, 0x00, 0x13, 0x00, 0x13, 0x00, 0x13, 0x00,
  0x13, 0x00, 0x13, 0x00, 0x13, 0x00, 0x13, 0x00, 0x13, 0x00, 0x13, 0x00,
  0x13, 0x00, 0x13, 0x00, 0x13, 0x00, 0x13, 0x00, 0x13, 0x00, 0x13, 0x00,
  0x13, 0x00, 0x13, 0x00, 0x13, 0x00, 0x13, 0x00, 0x13, 0x00, 0x13, 0x00,
  0x13, 0x00, 0x13, 0x00, 0x13, 0x00, 0x13, 0x00, 0x13, 0x00, 0x13, 0x00,
  0x13, 0x00, 0x13, 0x00, 0x13, 0x00, 0x13, 0x00, 0x13, 0x00, 0x13, 0x00,
  0x13, 0x00, 0x13, 0x00, 0x13, 0x00, 0x13, 0x00, 0x13, 0x00, 0x13, 0x00,
  0x13, 0x00, 0x13, 0x00, 0x13, 0x00, 0x13, 0x00, 0x13, 0x00, 0x13, 0x00,
  0x13, 0x00, 0x13, 0x00, 0x13, 0x00, 0x13, 0x00, 0x13, 0x00, 0x13, 0x00,
  0x13, 0x00, 0x13, 0x00, 0x13, 0x00, 0x13, 0x00, 0x13, 0x00, 0x13, 0x00,
  0x13, 0x00, 0x13, 0x00, 0x13, 0x00, 0x13, 0x00, 0x13, 0x00, 0x13, 0x00,
  0x13, 0x00, 0x13, 0x00, 0x13, 0x00, 0x13, 0x00, 0x13, 0x00, 0x13, 0x00,
  0x13, 0x00, 0x13, 0x00, 0x13, 0x00, 0x13, 0x00, 0x13, 0x00, 0x13, 0x00,
  0x13, 0x00, 0x13, 0x00, 0x13, 0x00, 0x13, 0x00, 0x13, 0x00, 0x13, 0x00,
  0x13, 0x00, 0x13, 0x00, 0x13, 0x00, 0x13, 0x00, 0x13, 0x00, 0x13, 0x00,
  0x13, 0x00, 0x13, 0x00, 0x13, 0x00, 0x13, 0x00, 0x13, 0x00, 0x13, 0x00,
  0x13, 0x00, 0x13, 0x00, 0x13, 0x00, 0x13, 0x00, 0x13, 0x00, 0x13, 0x00,
  0x13, 0x00, 0x13, 0x00, 0x13, 0x00, 0x13, 0x00, 0x13, 0x00, 0x13, 0x00,
  0x13, 0x00, 0x13, 0x00, 0x13, 0x00, 0x13, 0x00, 0x13, 0x00, 0x13, 0x00,
  0x13, 0x00, 0x13, 0x00, 0x13, 0x00, 0x13, 0x00, 0x13, 0x00, 0x13, 0x00,
  0x13, 0x00, 0x13, 0x00, 0x13, 0x00, 0x13, 0x00, 0x13, 0x00, 0x13, 0x00,
  0x13, 0x00, 0x13, 0x00, 0x13, 0x00, 0x13, 0x00, 0x13, 0x00, 0x13, 0x00,
  0x13, 0x00, 0x13, 0x00, 0x13, 0x00, 0x13, 0x00, 0x13, 0x00, 0x13, 0x00,
  0x13, 0x00, 0x13, 0x00, 0x13, 0x00, 0x13, 0x00, 0x13, 0x00, 0x13, 0x00,
  0x13, 0x00, 0x13, 0x00, 0x13, 0x00, 0x13, 0x00, 0x13, 0x00, 0x13, 0x00,
  0x13, 0x00, 0x13, 0x00, 0x13, 0x00, 0x13, 0x00, 0x13, 0x00, 0x13, 0x00,
  0x13, 0x00, 0x13, 0x00, 0x13, 0x00, 0x13, 0x00, 0x13, 0x00, 0x13, 0x00,
  0x13, 0x00, 0x13, 0x00, 0x13, 0x00, 0x13, 0x00, 0x13, 0x00, 0x13, 0x00,
  0x13, 0x00, 0x13, 0x00, 0x13, 0x00, 0x13, 0x00, 0x13, 0x00, 0x13, 0x00,
  0x13, 0x00, 0x13, 0x00, 0x13, 0x00, 0x13, 0x00, 0x13, 0x00, 0x13, 0x00,
  0x13, 0x00, 0x13, 0x00, 0x13, 0x00, 0x13, 0x00, 0x13, 0x00, 0x13, 0x00,
  0x13, 0x00, 0x13, 0x00, 0x13, 0x00, 0x13, 0x00, 0x13, 0x00, 0x13, 0x00,
  0x13, 0x00, 0x13, 0x00, 0x13, 0x00, 0x13, 0x00, 0x13, 0x00, 0x13, 0x00,
  0x13, 0x00, 0x13, 0x00, 0x13, 0x00, 0x13, 0x00, 0x13, 0x00, 0x13, 0x00,
  0x13, 0x00, 0x13, 0x00, 0x13, 0x00, 0x13, 0x00, 0x13, 0x00, 0x13, 0x00,
  0x13, 0x00, 0x13, 0x00, 0x13, 0x00, 0x13, 0x00, 0x13, 0x00, 0x13, 0x00,
  0x13, 0x00, 0x13, 0x00, 0x13, 0x00, 0x13, 0x00, 0x13, 0x00, 0x13, 0x00,
  0x13, 0x00, 0x13, 0x00, 0x13, 0x00, 0x13, 0x00, 0x13, 0x00, 0x13, 0x00,
  0x13, 0x00, 0x13, 0x00, 0x13, 0x00, 0x13, 0x00, 0x13, 0x00, 0x13, 0x00,
  0x13, 0x00, 0x13, 0x00, 0x13, 0x00, 0x13, 0x00, 0x13, 0x00, 0x13, 0x00,
  0x13, 0x00, 0x13, 0x00, 0x13, 0x00, 0x13, 0x00, 0x13, 0x00, 0x13, 0x00,
  0x13, 0x00, 0x13, 0x00, 0x13, 0x00, 0x13, 0x00, 0x13, 0x00, 0x13, 0x00,
  0x13, 0x00, 0x13, 0x00, 0x13, 0x00, 0x13, 0x00, 0x13, 0x00, 0x13, 0x00,
  0x13, 0x00, 0x13, 0x00, 0x13, 0x00, 0x13, 0x00, 0x13, 0x00, 0x13, 0x00,
  0x13, 0x00, 0x13, 0x00, 0x13, 0x00, 0x13, 0x00, 0x13, 0x00, 0x13, 0x00,
  0x13, 0x00, 0x13, 0x00, 0x13, 0x00, 0x13, 0x00, 0x13, 0x00, 0x13, 0x00,
  0x13, 0x00, 0x13, 0x00, 0x13, 0x00, 0x13, 0x00, 0x13, 0x00, 0x13, 0x00,
  0x13, 0x00, 0x13, 0x00, 0x13, 0x00, 0x13, 0x00, 0x13, 0x00, 0x13, 0x00,
  0x13, 0x00, 0x13, 0x00, 0x13, 0x00, 0x13, 0x00, 0x77, 0x0a, 0x13, 0x00,
  0x13, 0x00, 0x13, 0x00, 0x13, 0x00, 0x13, 0x00, 0x13, 0x00, 0x13, 0x00,
  0x13, 0x00, 0x13, 0x00, 0x13, 0x00, 0x13, 0x00, 0x86, 0x09, 0x13, 0x00,
  0x13, 0x00, 0x13, 0x00, 0x13, 0x00, 0x13, 0x00, 0x13, 0x00, 0x13, 0x00,
  0x13, 0x00, 0x13, 0x00, 0x13, 0x00, 0x13, 0x00, 0x13, 0x00, 0x13, 0x00,
  0x13, 0x00, 0x13, 0x00, 0x13, 0x00, 0x13, 0x00, 0x13, 0x00, 0x13, 0x00,
  0x13, 0x00, 0x13, 0x00, 0x13, 0x00, 0x13, 0x00, 0x13, 0x00, 0x13, 0x00,
  0x13, 0x00, 0x13, 0x00, 0x13, 0x00, 0x13, 0x00, 0x13, 0x00, 0x13, 0x00,
  0x13, 0x00, 0x13, 0x00, 0x13, 0x00, 0x13, 0x00, 0x13, 0x00, 0x13, 0x00,
  0x13, 0x00, 0x13, 0x00, 0x13, 0x00, 0x13, 0x00, 0x13, 0x00, 0x13, 0x00,
  0x13, 0x00, 0x13, 0x00, 0x13, 0x00, 0x13, 0x00, 0x13, 0x00, 0x13, 0x00,
  0x13, 0x00, 0x13, 0x00, 0x13, 0x00, 0x13, 0x00, 0x13, 0x00, 0x13, 0x00,
  0x13, 0x00, 0x13, 0x00, 0x13, 0x00, 0x13, 0x00, 0x13, 0x00, 0x13, 0x00,
  0x13, 0x00, 0x13, 0x00, 0x13, 0x00, 0x13, 0x00, 0x13, 0x00, 0x13, 0x00,
  0x13, 0x00, 0x13, 0x00, 0x13, 0x00, 0x13, 0x00, 0x13, 0x00, 0x13, 0x00,
  0x13, 0x00, 0x13, 0x00, 0x13, 0x00, 0x13, 0x00, 0x13, 0x00, 0x13, 0x00,
  0x13, 0x00, 0x13, 0x00, 0x13, 0x00, 0x13, 0x00, 0x13, 0x00, 0x13, 0x00,
  0x13, 0x00, 0x13, 0x00, 0x13, 0x00, 0x13, 0x00, 0x13, 0x00, 0x13, 0x00,
  0x13, 0x00, 0x13, 0x00, 0x13, 0x00, 0x13, 0x00, 0x13, 0x00, 0x13, 0x00,
  0x13, 0x00, 0x13, 0x00, 0x13, 0x00, 0x13, 0x00, 0x13, 0x00, 0x13, 0x00,
  0x13, 0x00, 0x13, 0x00, 0x13, 0x00, 0x13, 0x00, 0x13, 0x00, 0x13, 0x00,
  0x13, 0x00, 0x13, 0x00, 0x13, 0x00, 0x13, 0x00, 0x13, 0x00, 0x13, 0x00,
  0x13, 0x00, 0x13, 0x00, 0x13, 0x00, 0x13, 0x00, 0x13, 0x00, 0x13, 0x00,
  0x13, 0x00, 0x13, 0x00, 0x13, 0x00, 0x13, 0x00, 0x13, 0x00, 0x13, 0x00,
  0x13, 0x00, 0x13, 0x00, 0x13, 0x00, 0x13, 0x00, 0x13, 0x00, 0x13, 0x00,
  0x13, 0x00, 0x13, 0x00, 0x13, 0x00, 0x13, 0x00, 0x13, 0x00, 0x13, 0x00,
  0x13, 0x00, 0x13, 0x00, 0x13, 0x00, 0x13, 0x00, 0x13, 0x00, 0x13, 0x00,
  0x13, 0x00, 0x13, 0x00, 0x13, 0x00, 0x13, 0x00, 0x13, 0x00, 0x13, 0x00,
  0x13, 0x00, 0x13, 0x00, 0x13, 0x00, 0x13, 0x00, 0x13, 0x00, 0x13, 0x00,
  0x13, 0x00, 0x13, 0x00, 0x13, 0x00, 0x13, 0x00, 0x13, 0x00, 0x13, 0x00,
  0x13, 0x00, 0x13, 0x00, 0x13, 0x00, 0x13, 0x00, 0x13, 0x00, 0x13, 0x00,
  0x13, 0x00, 0x13, 0x00, 0x13, 0x00, 0x13, 0x00, 0x13, 0x00, 0x13, 0x00,
  0x13, 0x00, 0x13, 0x00, 0x13, 0x00, 0x13, 0x00, 0x13, 0x00, 0x13, 0x00,
  0x13, 0x00, 0x13, 0x00, 0x13, 0x00, 0x13, 0x00, 0x13, 0x00, 0x13, 0x00,
  0x13, 0x00, 0x13, 0x00, 0x13, 0x00, 0x13, 0x00, 0x13, 0x00, 0x13, 0x00,
  0x13, 0x00, 0x13, 0x00, 0x13, 0x00, 0x13, 0x00, 0x13, 0x00, 0x13, 0x00,
  0x13, 0x00, 0x13, 0x00, 0x13, 0x00, 0x13, 0x00, 0x13, 0x00, 0x13, 0x00,
  0x13, 0x00, 0x13, 0x00, 0x13, 0x00, 0x13, 0x00, 0x13, 0x00, 0x13, 0x00,
  0xaa, 0x0a, 0x13, 0x00, 0x13, 0x00, 0x13, 0x00, 0x13, 0x00, 0x13, 0x00,
  0x13, 0x00, 0x13, 0x00, 0x13, 0x00, 0x13, 0x00, 0x13, 0x00, 0x13, 0x00,
  0x13, 0x00, 0x13, 0x00, 0x13, 0x00, 0x13, 0x00, 0x13, 0x00, 0x13, 0x00,
  0x13, 0x00, 0x13, 0x00, 0x13, 0x00, 0x13, 0x00, 0x13, 0x00, 0x13, 0x00,
  0x13, 0x00, 0x13, 0x00, 0x13, 0x00, 0x13, 0x00, 0x13, 0x00, 0x13, 0x00,
  0x13, 0x00, 0x13, 0x00, 0x13, 0x00, 0x13, 0x00, 0x13, 0x00, 0x13, 0x00,
  0x13, 0x00, 0x13, 0x00, 0x13, 0x00, 0x13, 0x00, 0x13, 0x00, 0x13, 0x00,
  0x13, 0x00, 0x13, 0x00, 0x13, 0x00, 0x13, 0x00, 0x13, 0x00, 0x13, 0x00,
  0x13, 0x00, 0x13, 0x00, 0x13, 0x00, 0x13, 0x00, 0x13, 0x00, 0x13, 0x00,
  0x13, 0x00, 0x13, 0x00, 0x13, 0x00, 0x13, 0x00, 0x13, 0x00, 0x13, 0x00,
  0x13, 0x00, 0x13, 0x00, 0x13, 0x00, 0x13, 0x00, 0x13, 0x00, 0x13, 0x00,
  0x13, 0x00, 0x13, 0x00, 0x13, 0x00, 0x13, 0x00, 0x13, 0x00, 0x13, 0x00,
  0x13, 0x00, 0x13, 0x00, 0x13, 0x00, 0x13, 0x00, 0x13, 0x00, 0x13, 0x00,
  0x13, 0x00, 0x13, 0x00, 0x13, 0x00, 0x13, 0x00, 0x13, 0x00, 0x13, 0x00,
  0x13, 0x00, 0x13, 0x00, 0x13, 0x00, 0x13, 0x00, 0x13, 0x00, 0x13, 0x00,
  0x13, 0x00, 0x13, 0x00, 0x13, 0x00, 0x13, 0x00, 0x13, 0x00, 0x13, 0x00,
  0x13, 0x00, 0x13, 0x00, 0x13, 0x00, 0x13, 0x00, 0x13, 0x00, 0x13, 0x00,
  0x13, 0x00, 0x13, 0x00, 0x13, 0x00, 0x13, 0x00, 0x13, 0x00, 0x13, 0x00,
  0x13, 0x00, 0x13, 0x00, 0x13, 0x00, 0x13, 0x00, 0x13, 0x00, 0x13, 0x00,
  0x13, 0x00, 0x13, 0x00, 0x13, 0x00, 0x13, 0x00, 0x13, 0x00, 0x13, 0x00,
  0x13, 0x00, 0x13, 0x00, 0x13, 0x00, 0x13, 0x00, 0x13, 0x00, 0x13, 0x00,
  0x13, 0x00, 0x13, 0x00, 0x13, 0x00, 0x13, 0x00, 0x13, 0x00, 0x13, 0x00,
  0x13, 0x00, 0x13, 0x00, 0x13, 0x00, 0x13, 0x00, 0x13, 0x00, 0x13, 0x00,
  0x13, 0x00, 0x13, 0x00, 0x13, 0x00, 0x13, 0x00, 0x13, 0x00, 0x13, 0x00,
  0x13, 0x00, 0x13, 0x00, 0x13, 0x00, 0x13, 0x00, 0x13, 0x00, 0x13, 0x00,
  0x13, 0x00, 0x13, 0x00, 0x13, 0x00, 0x13, 0x00, 0x13, 0x00, 0x13, 0x00,
  0x13, 0x00, 0x13, 0x00, 0x13, 0x00, 0x13, 0x00, 0x13, 0x00, 0x13, 0x00,
  0x13, 0x00, 0x13, 0x00, 0x13, 0x00, 0x13, 0x00, 0x13, 0x00, 0x13, 0x00,
  0x13, 0x00, 0x13, 0x00, 0x13, 0x00, 0x13, 0x00, 0x13, 0x00, 0x13, 0x00,
  0x13, 0x00, 0x13, 0x00, 0x13, 0x00, 0x13, 0x00, 0x13, 0x00, 0x13, 0x00,
  0x13, 0x00, 0x13, 0x00, 0x13, 0x00, 0x13, 0x00, 0x13, 0x00, 0x13, 0x00,
  0x13, 0x00, 0x13, 0x00, 0x13, 0x00, 0x13, 0x00, 0x13, 0x00, 0x13, 0x00,
  0x13, 0x00, 0x13, 0x00, 0x13, 0x00, 0x13, 0x00, 0x13, 0x00, 0x13, 0x00,
  0x13, 0x00, 0x13, 0x00, 0x13, 0x00, 0x13, 0x00, 0x13, 0x00, 0x13, 0x00,
  0x13, 0x00, 0x13, 0x00, 0x13, 0x00, 0x13, 0x00, 0x13, 0x00, 0x13, 0x00,
  0x13, 0x00, 0x13, 0x00, 0x13, 0x00, 0x13, 0x00, 0x13, 0x00, 0x13, 0x00,
  0x13, 0x00, 0x13, 0x00, 0x13, 0x00, 0x13, 0x00, 0x13, 0x00, 0x13, 0x00,
  0x13, 0x00, 0x13, 0x00, 0x13, 0x00, 0x13, 0x00, 0x13, 0x00, 0x13, 0x00,
  0x13, 0x00, 0x13, 0x00, 0x13, 0x00, 0x13, 0x00, 0x13, 0x00, 0x13, 0x00,
  0x13, 0x00, 0x13, 0x00, 0x13, 0x00, 0x13, 0x00, 0x13, 0x00, 0x13, 0x00,
  0x13, 0x00, 0x13, 0x00, 0x13, 0x00, 0x13, 0x00, 0x13, 0x00, 0x13, 0x00,
  0x13, 0x00, 0x13, 0x00, 0x13, 0x00, 0x13, 0x00, 0x13, 0x00, 0x13, 0x00,
  0x13, 0x00, 0x13, 0x00, 0x13, 0x00, 0x13, 0x00, 0x13, 0x00, 0x13, 0x00,
  0x13, 0x00, 0x13, 0x00, 0x13, 0x00, 0x13, 0x00, 0x13, 0x00, 0x13, 0x00,
  0x13, 0x00, 0x13, 0x00, 0x13, 0x00, 0x13, 0x00, 0x13, 0x00, 0x13, 0x00,
  0x13, 0x00, 0x13, 0x00, 0x13, 0x00, 0x13, 0x00, 0x13, 0x00, 0x13, 0x00,
  0x13, 0x00, 0x13, 0x00, 0x13, 0x00, 0x13, 0x00, 0x13, 0x00, 0x13, 0x00,
  0x13, 0x00, 0x13, 0x00, 0x13, 0x00, 0x13, 0x00, 0x13, 0x00, 0x13, 0x00,
  0x13, 0x00, 0x13, 0x00, 0x13, 0x00, 0x13, 0x00, 0x13, 0x00, 0x13, 0x00,
  0x13, 0x00, 0x13, 0x00, 0x13, 0x00, 0x13, 0x00, 0x13, 0x00, 0x13, 0x00,
  0x13, 0x00, 0x13, 0x00, 0x13, 0x00, 0x13, 0x00, 0x13, 0x00, 0x13, 0x00,
  0x13, 0x00, 0x13, 0x00, 0x13, 0x00, 0x13, 0x00, 0x13, 0x00, 0x13, 0x00,
  0x13, 0x00, 0x13, 0x00, 0x13, 0x00, 0x13, 0x00, 0x13, 0x00, 0x13, 0x00,
  0x13, 0x00, 0x13, 0x00, 0x13, 0x00, 0x13, 0x00, 0x13, 0x00, 0x13, 0x00,
  0x13, 0x00, 0x13, 0x00, 0x13, 0x00, 0x13, 0x00, 0x13, 0x00, 0x13, 0x00,
  0x13, 0x00, 0x13, 0x00, 0x13, 0x00, 0x13, 0x00, 0x13, 0x00, 0x13, 0x00,
  0x13, 0x00, 0x13, 0x00, 0x13, 0x00, 0x13, 0x00, 0x13, 0x00, 0x13, 0x00,
  0x13, 0x00, 0x13, 0x00, 0x13, 0x00, 0x13, 0x00, 0x13, 0x00, 0x13, 0x00,
  0x13, 0x00, 0x13, 0x00, 0x13, 0x00, 0x13, 0x00, 0x13, 0x00, 0x13, 0x00,
  0x13, 0x00, 0x13, 0x00, 0x13, 0x00, 0x13, 0x00, 0x13, 0x00, 0x13, 0x00,
  0x13, 0x00, 0x13, 0x00, 0x13, 0x00, 0x13, 0x00, 0x13, 0x00, 0x13, 0x00,
  0x13, 0x00, 0x13, 0x00, 0x13, 0x00, 0x13, 0x00, 0x13, 0x00, 0x13, 0x00,
  0x13, 0x00, 0x13, 0x00, 0x13, 0x00, 0x13, 0x00, 0x13, 0x00, 0x13, 0x00,
  0x13, 0x00, 0x13, 0x00, 0x13, 0x00, 0x13, 0x00, 0x13, 0x00, 0x13, 0x00,
  0x13, 0x00, 0x13, 0x00, 0x13, 0x00, 0x13, 0x00, 0x13, 0x00, 0x13, 0x00,
  0x13, 0x00, 0x13, 0x00, 0x13, 0x00, 0x13, 0x00, 0x13, 0x00, 0x13, 0x00,
  0x13, 0x00, 0x13, 0x00, 0x13, 0x00, 0x13, 0x00, 0x13, 0x00, 0x13, 0x00,
  0x13, 0x00, 0x13, 0x00, 0x13, 0x00, 0x13, 0x00, 0x13, 0x00, 0x13, 0x00,
  0x13, 0x00, 0x13, 0x00, 0x13, 0x00, 0x13, 0x00, 0x13, 0x00, 0x13, 0x00,
  0x13, 0x00, 0x13, 0x00, 0x23, 0x02, 0x55, 0x05, 0x86, 0x08, 0x97, 0x0a,
  0xb8, 0x0c, 0x96, 0x09, 0x34, 0x03, 0x13, 0x00, 0x13, 0x00, 0x13, 0x00,
  0x13, 0x00, 0x13, 0x00, 0x13, 0x00, 0x13, 0x00, 0x13, 0x00, 0x13, 0x00,
  0x13, 0x00, 0x13, 0x00, 0x13, 0x00, 0x13, 0x00, 0x13, 0x00, 0x13, 0x00,
  0x13, 0x00, 0x13, 0x00, 0x13, 0x00, 0x13, 0x00, 0x13, 0x00, 0x13, 0x00,
  0x13, 0x00, 0x13, 0x00, 0x13, 0x00, 0x13, 0x00, 0x13, 0x00, 0x13, 0x00,
  0x13, 0x00, 0x13, 0x00, 0x13, 0x00, 0x13, 0x00, 0x13, 0x00, 0x13, 0x00,
  0x13, 0x00, 0x13, 0x00, 0x13, 0x00, 0x13, 0x00, 0x13, 0x00, 0x13, 0x00,
  0x13, 0x00, 0x13, 0x00, 0x13, 0x00, 0x13, 0x00, 0x13, 0x00, 0x13, 0x00,
  0x13, 0x00, 0x13, 0x00, 0x13, 0x00, 0x13, 0x00, 0x13, 0x00, 0x13, 0x00,
  0x13, 0x00, 0x13, 0x00, 0x13, 0x00, 0xa7, 0x0a, 0x13, 0x00, 0x13, 0x00,
  0x13, 0x00, 0x13, 0x00, 0x13, 0x00, 0x13, 0x00, 0x13, 0x00, 0x13, 0x00,
  0x13, 0x00, 0x13, 0x00, 0x13, 0x00, 0x13, 0x00, 0x13, 0x00, 0x13, 0x00,
  0x13, 0x00, 0x13, 0x00, 0x13, 0x00, 0x13, 0x00, 0x13, 0x00, 0x13, 0x00,
  0x13, 0x00, 0x13, 0x00, 0x13, 0x00, 0x13, 0x00, 0x13, 0x00, 0x13, 0x00,
  0x13, 0x00, 0x13, 0x00, 0x13, 0x00, 0x13, 0x00, 0x13, 0x00, 0x13, 0x00,
  0x13, 0x00, 0x13, 0x00, 0x13, 0x00, 0x13, 0x00, 0x13, 0x00, 0x13, 0x00,
  0x13, 0x00, 0x13, 0x00, 0x13, 0x00, 0x13, 0x00, 0x13, 0x00, 0x13, 0x00,
  0x8b, 0x07, 0x13, 0x00, 0x13, 0x00, 0x13, 0x00, 0x13, 0x00, 0x13, 0x00,
  0x13, 0x00, 0x13, 0x00, 0x13, 0x00, 0x13, 0x00, 0x13, 0x00, 0x13, 0x00,
  0x44, 0x04, 0x97, 0x09, 0xc8, 0x0d, 0xc8, 0x0d, 0xc8, 0x0d, 0xc8, 0x0d,
  0x65, 0x06, 0x13, 0x00, 0x13, 0x00, 0x13, 0x00, 0x13, 0x00, 0x13, 0x00,
  0x13, 0x00, 0x13, 0x00, 0x13, 0x00, 0x13, 0x00, 0x13, 0x00, 0x13, 0x00,
  0x13, 0x00, 0x13, 0x00, 0x13, 0x00, 0x13, 0x00, 0x13, 0x00, 0x13, 0x00,
  0x13, 0x00, 0x13, 0x00, 0x13, 0x00, 0x13, 0x00, 0x13, 0x00, 0x13, 0x00,
  0x13, 0x00, 0x13, 0x00, 0x13, 0x00, 0x13, 0x00, 0x13, 0x00, 0x13, 0x00,
  0x13, 0x00, 0x13, 0x00, 0x13, 0x00, 0x13, 0x00, 0x13, 0x00, 0x13, 0x00,
  0x13, 0x00, 0x13, 0x00, 0x13, 0x00, 0x13, 0x00, 0x13, 0x00, 0x13, 0x00,
  0x13, 0x00, 0x13, 0x00, 0x13, 0x00, 0x13, 0x00, 0x13, 0x00, 0x13, 0x00,
  0x13, 0x00, 0x13, 0x00, 0x13, 0x00, 0x13, 0x00, 0x13, 0x00, 0x13, 0x00,
  0x13, 0x00, 0x13, 0x00, 0x13, 0x00, 0x13, 0x00, 0x13, 0x00, 0x13, 0x00,
  0x13, 0x00, 0x13, 0x00, 0x13, 0x00, 0x13, 0x00, 0x13, 0x00, 0x13, 0x00,
  0x13, 0x00, 0x13, 0x00, 0x13, 0x00, 0x13, 0x00, 0x13, 0x00, 0x13, 0x00,
  0x13, 0x00, 0x13, 0x00, 0x13, 0x00, 0x13, 0x00, 0x13, 0x00, 0x13, 0x00,
  0x13, 0x00, 0x13, 0x00, 0x13, 0x00, 0x13, 0x00, 0x13, 0x00, 0x13, 0x00,
  0x13, 0x00, 0x13, 0x00, 0x13, 0x00, 0x13, 0x00, 0x13, 0x00, 0x13, 0x00,
  0x13, 0x00, 0x13, 0x00, 0x13, 0x00, 0x13, 0x00, 0x13, 0x00, 0x13, 0x00,
  0x13, 0x00, 0x13, 0x00, 0x13, 0x00, 0x13, 0x00, 0x13, 0x00, 0x13, 0x00,
  0x13, 0x00, 0x13, 0x00, 0x13, 0x00, 0x13, 0x00, 0x13, 0x00, 0x13, 0x00,
  0x13, 0x00, 0x13, 0x00, 0x13, 0x00, 0x13, 0x00, 0x23, 0x02, 0xa7, 0x0b,
  0xd9, 0x0e, 0xd8, 0x0e, 0xc8, 0x0d, 0xc8, 0x0d, 0xb8, 0x0c, 0x44, 0x04,
  0x13, 0x00, 0x13, 0x00, 0x13, 0x00, 0x13, 0x00, 0x13, 0x00, 0x13, 0x00,
  0x13, 0x00, 0x13, 0x00, 0x13, 0x00, 0x13, 0x00, 0x13, 0x00, 0x13, 0x00,
  0x13, 0x00, 0x13, 0x00, 0x13, 0x00, 0x13, 0x00, 0x13, 0x00, 0x13, 0x00,
  0x13, 0x00, 0x13, 0x00, 0x13, 0x00, 0x13, 0x00, 0x13, 0x00, 0x13, 0x00,
  0x13, 0x00, 0x13, 0x00, 0x13, 0x00, 0x13, 0x00, 0x13, 0x00, 0x13, 0x00,
  0x13, 0x00, 0x13, 0x00, 0x13, 0x00, 0x13, 0x00, 0x13, 0x00, 0x13, 0x00,
  0x13, 0x00, 0x13, 0x00, 0x13, 0x00, 0x13, 0x00, 0x13, 0x00, 0x13, 0x00,
  0x13, 0x00, 0x13, 0x00, 0x13, 0x00, 0x13, 0x00, 0x13, 0x00, 0x13, 0x00,
  0x13, 0x00, 0x13, 0x00, 0x13, 0x00, 0x13, 0x00, 0x13, 0x00, 0x13, 0x00,
  0x13, 0x00, 0x13, 0x00, 0x13, 0x00, 0x13, 0x00, 0x13, 0x00, 0x13, 0x00,
  0x13, 0x00, 0x13, 0x00, 0x13, 0x00, 0x13, 0x00, 0x13, 0x00, 0x13, 0x00,
  0x13, 0x00, 0x13, 0x00, 0x13, 0x00, 0x13, 0x00, 0x13, 0x00, 0x13, 0x00,
  0x13, 0x00, 0x13, 0x00, 0x13, 0x00, 0x13, 0x00, 0x13, 0x00, 0x13, 0x00,
  0x13, 0x00, 0x13, 0x00, 0x13, 0x00, 0x13, 0x00, 0x13, 0x00, 0x13, 0x00,
  0x13, 0x00, 0x13, 0x00, 0x13, 0x00, 0x13, 0x00, 0x13, 0x00, 0x13, 0x00,
  0x13, 0x00, 0x13, 0x00, 0x13, 0x00, 0x13, 0x00, 0x13, 0x00, 0x13, 0x00,
  0x13, 0x00, 0x13, 0x00, 0x13, 0x00, 0x13, 0x00, 0x13, 0x00, 0x13, 0x00,
  0x13, 0x00, 0x13, 0x00, 0x13, 0x00, 0x13, 0x00, 0x13, 0x00, 0x13, 0x00,
  0x13, 0x00, 0x13, 0x00, 0x13, 0x00, 0x55, 0x06, 0xc9, 0x0d, 0xd9, 0x0e,
  0xd9, 0x0e, 0xd8, 0x0e, 0xc8, 0x0d, 0xc8, 0x0d, 0x34, 0x03, 0x13, 0x00,
  0x13, 0x00, 0x13, 0x00, 0x13, 0x00, 0x13, 0x00, 0x13, 0x00, 0x13, 0x00,
  0x13, 0x00, 0x13, 0x00, 0x13, 0x00, 0x13, 0x00, 0x13, 0x00, 0x13, 0x00,
  0x13, 0x00, 0x13, 0x00, 0x13, 0x00, 0x13, 0x00, 0x13, 0x00, 0x13, 0x00,
  0x13, 0x00, 0x13, 0x00, 0x13, 0x00, 0x13, 0x00, 0x13, 0x00, 0x13, 0x00,
  0x13, 0x00, 0x13, 0x00, 0x13, 0x00, 0x13, 0x00, 0x13, 0x00, 0x13, 0x00,
  0x13, 0x00, 0x13, 0x00, 0x13, 0x00, 0x13, 0x00, 0x13, 0x00, 0x13, 0x00,
  0x13, 0x00, 0x13, 0x00, 0x13, 0x00, 0x13, 0x00, 0x13, 0x00, 0x13, 0x00,
  0x13, 0x00, 0x13, 0x00, 0x13, 0x00, 0x13, 0x00, 0x13, 0x00, 0x13, 0x00,
  0x13, 0x00, 0x13, 0x00, 0x13, 0x00, 0x13, 0x00, 0x13, 0x00, 0x13, 0x00,
  0x13, 0x00, 0x13, 0x00, 0x13, 0x00, 0x13, 0x00, 0x13, 0x00, 0x13, 0x00,
  0x13, 0x00, 0x13, 0x00, 0x13, 0x00, 0x13, 0x00, 0x13, 0x00, 0x13, 0x00,
  0x13, 0x00, 0x13, 0x00, 0x13, 0x00, 0x13, 0x00, 0x13, 0x00, 0x13, 0x00,
  0x13, 0x00, 0x13, 0x00, 0x13, 0x00, 0x13, 0x00, 0x13, 0x00, 0x13, 0x00,
  0x13, 0x00, 0x13, 0x00, 0x13, 0x00, 0x13, 0x00, 0x13, 0x00, 0x13, 0x00,
  0x13, 0x00, 0x13, 0x00, 0x13, 0x00, 0x13, 0x00, 0x13, 0x00, 0x13, 0x00,
  0x13, 0x00, 0x13, 0x00, 0x13, 0x00, 0x13, 0x00, 0x13, 0x00, 0x13, 0x00,
  0x13, 0x00, 0x13, 0x00, 0x13, 0x00, 0x13, 0x00, 0x13, 0x00, 0x13, 0x00,
  0x13, 0x00, 0x13, 0x00, 0x13, 0x00, 0x13, 0x00, 0x13, 0x00, 0x13, 0x00,
  0x13, 0x00, 0x13, 0x00, 0x86, 0x08, 0xd9, 0x0e, 0xd9, 0x0e, 0xd9, 0x0e,
  0xd9, 0x0e, 0xd8, 0x0e, 0xc8, 0x0d, 0x65, 0x06, 0x13, 0x00, 0x13, 0x00,
  0x13, 0x00, 0x13, 0x00, 0x13, 0x00, 0x13, 0x00, 0x13, 0x00, 0x13, 0x00,
  0x13, 0x00, 0x13, 0x00, 0x13, 0x00, 0xdd, 0x0d, 0x13, 0x00, 0x13, 0x00,
  0x13, 0x00, 0x13, 0x00, 0x13, 0x00, 0x13, 0x00, 0x13, 0x00, 0x13, 0x00,
  0x13, 0x00, 0x13, 0x00, 0x13, 0x00, 0x13, 0x00, 0x13, 0x00, 0x13, 0x00,
  0x13, 0x00, 0x13, 0x00, 0x13, 0x00, 0x13, 0x00, 0x13, 0x00, 0x13, 0x00,
  0x13, 0x00, 0x13, 0x00, 0x13, 0x00, 0x13, 0x00, 0x13, 0x00, 0x13, 0x00,
  0x13, 0x00, 0x13, 0x00, 0x13, 0x00, 0x13, 0x00, 0x13, 0x00, 0x13, 0x00,
  0x13, 0x00, 0x13, 0x00, 0x13, 0x00, 0x13, 0x00, 0x13, 0x00, 0x13, 0x00,
  0x13, 0x00, 0x13, 0x00, 0x13, 0x00, 0x13, 0x00, 0x13, 0x00, 0x13, 0x00,
  0x13, 0x00, 0x13, 0x00, 0x13, 0x00, 0x13, 0x00, 0x13, 0x00, 0x13, 0x00,
  0x13, 0x00, 0x13, 0x00, 0x13, 0x00, 0x13, 0x00, 0x13, 0x00, 0x13, 0x00,
  0x13, 0x00, 0x13, 0x00, 0x13, 0x00, 0x13, 0x00, 0x13, 0x00, 0x13, 0x00,
  0x13, 0x00, 0x13, 0x00, 0x13, 0x00, 0x13, 0x00, 0x13, 0x00, 0x13, 0x00,
  0x13, 0x00, 0x13, 0x00, 0x13, 0x00, 0x13, 0x00, 0x13, 0x00, 0x13, 0x00,
  0x13, 0x00, 0x13, 0x00, 0x13, 0x00, 0x13, 0x00, 0x13, 0x00, 0x13, 0x00,
  0x13, 0x00, 0x13, 0x00, 0x13, 0x00, 0x13, 0x00, 0x13, 0x00, 0x13, 0x00,
  0x13, 0x00, 0x13, 0x00, 0x13, 0x00, 0x13, 0x00, 0x13, 0x00, 0x13, 0x00,
  0x13, 0x00, 0x13, 0x00, 0x13, 0x00, 0x13, 0x00, 0x13, 0x00, 0x13, 0x00,
  0x13, 0x00, 0x86, 0x09, 0xe9, 0x0f, 0xd9, 0x0e, 0xd9, 0x0e, 0xd9, 0x0e,
  0xd9, 0x0e, 0xd8, 0x0e, 0x97, 0x0a, 0x13, 0x00, 0x13, 0x00, 0x13, 0x00,
  0x13, 0x00, 0x13, 0x00, 0x13, 0x00, 0x13, 0x00, 0x13, 0x00, 0x13, 0x00,
  0x13, 0x00, 0x13, 0x00, 0x13, 0x00, 0x13, 0x00, 0x13, 0x00, 0x13, 0x00,
  0x13, 0x00, 0x13, 0x00, 0x86, 0x09, 0x13, 0x00, 0x13, 0x00, 0x13, 0x00,
  0x13, 0x00, 0x13, 0x00, 0x13, 0x00, 0x13, 0x00, 0x13, 0x00, 0x13, 0x00,
  0x13, 0x00, 0x13, 0x00, 0x13, 0x00, 0x13, 0x00, 0x13, 0x00, 0x13, 0x00,
  0x13, 0x00, 0x13, 0x00, 0x13, 0x00, 0x13, 0x00, 0x13, 0x00, 0x13, 0x00,
  0x13, 0x00, 0x13, 0x00, 0x13, 0x00, 0x13, 0x00, 0x13, 0x00, 0x13, 0x00,
  0x13, 0x00, 0x13, 0x00, 0x13, 0x00, 0x13, 0x00, 0x13, 0x00, 0x13, 0x00,
  0x13, 0x00, 0x13, 0x00, 0x13, 0x00, 0x13, 0x00, 0x13, 0x00, 0x13, 0x00,
  0x13, 0x00, 0x13, 0x00, 0x13, 0x00, 0x13, 0x00, 0x13, 0x00, 0x13, 0x00,
  0x13, 0x00, 0x13, 0x00, 0x13, 0x00, 0x13, 0x00, 0x13, 0x00, 0x13, 0x00,
  0x13, 0x00, 0x13, 0x00, 0x13, 0x00, 0x13, 0x00, 0x13, 0x00, 0x13, 0x00,
  0x13, 0x00, 0x13, 0x00, 0x13, 0x00, 0x13, 0x00, 0x13, 0x00, 0x13, 0x00,
  0x13, 0x00, 0x13, 0x00, 0x13, 0x00, 0x13, 0x00, 0x13, 0x00, 0x13, 0x00,
  0x13, 0x00, 0x13, 0x00, 0x13, 0x00, 0x13, 0x00, 0x13, 0x00, 0x13, 0x00,
  0x13, 0x00, 0x13, 0x00, 0x13, 0x00, 0x13, 0x00, 0x13, 0x00, 0x13, 0x00,
  0x13, 0x00, 0x13, 0x00, 0x13, 0x00, 0x13, 0x00, 0x13, 0x00, 0x13, 0x00,
  0x13, 0x00, 0x13, 0x00, 0x13, 0x00, 0x13, 0x00, 0x13, 0x00, 0x13, 0x00,
  0x65, 0x06, 0xe9, 0x0f, 0xe9, 0x0f, 0xd9, 0x0e, 0xd9, 0x0e, 0xd9, 0x0e,
  0xd9, 0x0e, 0xd8, 0x0e, 0x34, 0x03, 0x13, 0x00, 0x13, 0x00, 0x13, 0x00,
  0x13, 0x00, 0x13, 0x00, 0x13, 0x00, 0x13, 0x00, 0x13, 0x00, 0x13, 0x00,
  0x13, 0x00, 0x13, 0x00, 0x13, 0x00, 0x13, 0x00, 0x13, 0x00, 0x13, 0x00,
  0x13, 0x00, 0x13, 0x00, 0x13, 0x00, 0x13, 0x00, 0x13, 0x00, 0x13, 0x00,
  0x13, 0x00, 0x13, 0x00, 0x13, 0x00, 0x13, 0x00, 0x13, 0x00, 0x13, 0x00,
  0x13, 0x00, 0x13, 0x00, 0x13, 0x00, 0x13, 0x00, 0x13, 0x00, 0x13, 0x00,
  0x13, 0x00, 0x13, 0x00, 0x12, 0x00, 0x12, 0x00, 0x12, 0x00, 0x12, 0x00,
  0x12, 0x00, 0x12, 0x00, 0x12, 0x00, 0x12, 0x00, 0x12, 0x00, 0x12, 0x00,
  0x12, 0x00, 0x12, 0x00, 0x12, 0x00, 0x12, 0x00, 0x12, 0x00, 0x12, 0x00,
  0x12, 0x00, 0x12, 0x00, 0x12, 0x00, 0x12, 0x00, 0x12, 0x00, 0x12, 0x00,
  0x12, 0x00, 0x12, 0x00, 0x12, 0x00, 0x12, 0x00, 0x12, 0x00, 0x12, 0x00,
  0x12, 0x00, 0x12, 0x00, 0x12, 0x00, 0x12, 0x00, 0x12, 0x00, 0x12, 0x00,
  0x12, 0x00, 0x12, 0x00, 0x12, 0x00, 0x12, 0x00, 0x12, 0x00, 0x12, 0x00,
  0x12, 0x00, 0x12, 0x00, 0x12, 0x00, 0x12, 0x00, 0x12, 0x00, 0x12, 0x00,
  0x12, 0x00, 0x12, 0x00, 0x12, 0x00, 0x12, 0x00, 0x12, 0x00, 0x12, 0x00,
  0x12, 0x00, 0x12, 0x00, 0x12, 0x00, 0x12, 0x00, 0x12, 0x00, 0x12, 0x00,
  0x12, 0x00, 0x12, 0x00, 0x12, 0x00, 0x12, 0x00, 0x12, 0x00, 0x12, 0x00,
  0x12, 0x00, 0x12, 0x00, 0x12, 0x00, 0x12, 0x00, 0x12, 0x00, 0x12, 0x00,
  0x12, 0x00, 0x12, 0x00, 0x12, 0x00, 0x12, 0x00, 0x12, 0x00, 0x23, 0x02,
  0xd9, 0x0e, 0xe9, 0x0f, 0xe9, 0x0f, 0xd9, 0x0e, 0xd9, 0x0e, 0xd9, 0x0e,
  0xd9, 0x0e, 0x97, 0x09, 0x66, 0x09, 0x12, 0x00, 0x12, 0x00, 0x12, 0x00,
  0x12, 0x00, 0x12, 0x00, 0x12, 0x00, 0x12, 0x00, 0x12, 0x00, 0x12, 0x00,
  0x12, 0x00, 0x12, 0x00, 0x12, 0x00, 0x12, 0x00, 0x12, 0x00, 0x12, 0x00,
  0x12, 0x00, 0x12, 0x00, 0x12, 0x00, 0x12, 0x00, 0x12, 0x00, 0x12, 0x00,
  0x12, 0x00, 0x12, 0x00, 0x12, 0x00, 0x12, 0x00, 0x12, 0x00, 0x12, 0x00,
  0x12, 0x00, 0x12, 0x00, 0x12, 0x00, 0x12, 0x00, 0x12, 0x00, 0x12, 0x00,
  0x12, 0x00, 0x12, 0x00, 0x12, 0x00, 0x12, 0x00, 0x12, 0x00, 0x12, 0x00,
  0x12, 0x00, 0x12, 0x00, 0x12, 0x00, 0x12, 0x00, 0x12, 0x00, 0x12, 0x00,
  0x12, 0x00, 0x12, 0x00, 0x12, 0x00, 0x12, 0x00, 0x12, 0x00, 0x12, 0x00,
  0x12, 0x00, 0x12, 0x00, 0x12, 0x00, 0x12, 0x00, 0x12, 0x00, 0x12, 0x00,
  0x12, 0x00, 0x12, 0x00, 0x12, 0x00, 0x12, 0x00, 0x12, 0x00, 0x12, 0x00,
  0x12, 0x00, 0x12, 0x00, 0x12, 0x00, 0x12, 0x00, 0x12, 0x00, 0x12, 0x00,
  0x12, 0x00, 0x12, 0x00, 0x12, 0x00, 0x12, 0x00, 0x12, 0x00, 0x12, 0x00,
  0x12, 0x00, 0x12, 0x00, 0x12, 0x00, 0x12, 0x00, 0x12, 0x00, 0x12, 0x00,
  0x12, 0x00, 0x12, 0x00, 0x12, 0x00, 0x12, 0x00, 0x12, 0x00, 0x12, 0x00,
  0x12, 0x00, 0x12, 0x00, 0x12, 0x00, 0x12, 0x00, 0x12, 0x00, 0x12, 0x00,
  0x12, 0x00, 0x12, 0x00, 0x12, 0x00, 0x12, 0x00, 0x12, 0x00, 0x12, 0x00,
  0x12, 0x00, 0x12, 0x00, 0x12, 0x00, 0x12, 0x00, 0x12, 0x00, 0x12, 0x00,
  0x12, 0x00, 0x12, 0x00, 0x12, 0x00, 0x12, 0x00, 0x12, 0x00, 0xb8, 0x0b,
  0xea, 0x0f, 0xe9, 0x0f, 0xe9, 0x0f, 0xd9, 0x0e, 0xd9, 0x0e, 0xd9, 0x0e,
  0xd9, 0x0e, 0x44, 0x04, 0x12, 0x00, 0x12, 0x00, 0x12, 0x00, 0x12, 0x00,
  0x12, 0x00, 0x12, 0x00, 0x12, 0x00, 0x12, 0x00, 0x12, 0x00, 0x12, 0x00,
  0x12, 0x00, 0x12, 0x00, 0x12, 0x00, 0x12, 0x00, 0x12, 0x00, 0x12, 0x00,
  0x12, 0x00, 0x12, 0x00, 0x12, 0x00, 0x12, 0x00, 0x12, 0x00, 0x12, 0x00,
  0x12, 0x00, 0x12, 0x00, 0x12, 0x00, 0x12, 0x00, 0x12, 0x00, 0x12, 0x00,
  0x12, 0x00, 0x12, 0x00, 0x12, 0x00, 0x12, 0x00, 0x12, 0x00, 0x12, 0x00,
  0x12, 0x00, 0x12, 0x00, 0x12, 0x00, 0x12, 0x00, 0x12, 0x00, 0x12, 0x00,
  0x12, 0x00, 0x12, 0x00, 0x12, 0x00, 0x12, 0x00, 0x12, 0x00, 0x12, 0x00,
  0x12, 0x00, 0x12, 0x00, 0x12, 0x00, 0x12, 0x00, 0x12, 0x00, 0x12, 0x00,
  0x12, 0x00, 0x12, 0x00, 0x12, 0x00, 0x12, 0x00, 0x12, 0x00, 0x12, 0x00,
  0x12, 0x00, 0x12, 0x00, 0x12, 0x00, 0x12, 0x00, 0x12, 0x00, 0x12, 0x00,
  0x12, 0x00, 0x12, 0x00, 0x12, 0x00, 0x12, 0x00, 0x12, 0x00, 0x12, 0x00,
  0x12, 0x00, 0x12, 0x00, 0x12, 0x00, 0x12, 0x00, 0x12, 0x00, 0x12, 0x00,
  0x12, 0x00, 0x12, 0x00, 0x12, 0x00, 0x12, 0x00, 0x12, 0x00, 0x12, 0x00,
  0x12, 0x00, 0x12, 0x00, 0x12, 0x00, 0x12, 0x00, 0x12, 0x00, 0x12, 0x00,
  0x12, 0x00, 0x12, 0x00, 0x12, 0x00, 0x12, 0x00, 0x12, 0x00, 0x12, 0x00,
  0x12, 0x00, 0x12, 0x00, 0x12, 0x00, 0x12, 0x00, 0x12, 0x00, 0x12, 0x00,
  0x12, 0x00, 0x12, 0x00, 0x12, 0x00, 0x12, 0x00, 0x12, 0x00, 0x12, 0x00,
  0x12, 0x00, 0x12, 0x00, 0x12, 0x00, 0x12, 0x00, 0x44, 0x04, 0xea, 0x0f,
  0xea, 0x0f, 0xe9, 0x0f, 0xe9, 0x0f, 0xd9, 0x0e, 0xd9, 0x0e, 0xd9, 0x0e,
  0xd9, 0x0e, 0x12, 0x00, 0x12, 0x00, 0x12, 0x00, 0x12, 0x00, 0x12, 0x00,
  0x12, 0x00, 0x12, 0x00, 0x12, 0x00, 0x12, 0x00, 0x12, 0x00, 0x12, 0x00,
  0x12, 0x00, 0x12, 0x00, 0x12, 0x00, 0x12, 0x00, 0x12, 0x00, 0x12, 0x00,
  0x12, 0x00, 0x12, 0x00, 0x12, 0x00, 0x12, 0x00, 0x12, 0x00, 0x12, 0x00,
  0x12, 0x00, 0x12, 0x00, 0x12, 0x00, 0x12, 0x00, 0x12, 0x00, 0x12, 0x00,
  0x12, 0x00, 0x12, 0x00, 0x12, 0x00, 0x12, 0x00, 0x12, 0x00, 0x12, 0x00,
  0x12, 0x00, 0x12, 0x00, 0x12, 0x00, 0x12, 0x00, 0x12, 0x00, 0x12, 0x00,
  0x12, 0x00, 0x12, 0x00, 0x12, 0x00, 0x12, 0x00, 0x12, 0x00, 0x12, 0x00,
  0x12, 0x00, 0x12, 0x00, 0x12, 0x00, 0x12, 0x00, 0x12, 0x00, 0x12, 0x00,
  0x12, 0x00, 0x12, 0x00, 0x12, 0x00, 0x12, 0x00, 0x12, 0x00, 0x12, 0x00,
  0x12, 0x00, 0x12, 0x00, 0x12, 0x00, 0x12, 0x00, 0x12, 0x00, 0x12, 0x00,
  0x12, 0x00, 0x12, 0x00, 0x12, 0x00, 0x12, 0x00, 0x12, 0x00, 0x12, 0x00,
  0x12, 0x00, 0x12, 0x00, 0x12, 0x00, 0x12, 0x00, 0x12, 0x00, 0x12, 0x00,
  0x12, 0x00, 0x12, 0x00, 0x12, 0x00, 0x12, 0x00, 0x12, 0x00, 0x12, 0x00,
  0x12, 0x00, 0x12, 0x00, 0x12, 0x00, 0x12, 0x00, 0x12, 0x00, 0x12, 0x00,
  0x12, 0x00, 0x12, 0x00, 0x12, 0x00, 0x12, 0x00, 0x12, 0x00, 0x12, 0x00,
  0x12, 0x00, 0x12, 0x00, 0x12, 0x00, 0x12, 0x00, 0x12, 0x00, 0x12, 0x00,
  0x12, 0x00, 0x12, 0x00, 0x12, 0x00, 0x12, 0x00, 0x12, 0x00, 0x12, 0x00,
  0x12, 0x00, 0x12, 0x00, 0x12, 0x00, 0x12, 0x00, 0xa7, 0x0b, 0xea, 0x0f,
  0xea, 0x0f, 0xe9, 0x0f, 0xc8, 0x0d, 0xb7, 0x0b, 0xc8, 0x0d, 0xd9, 0x0e,
  0xa7, 0x0a, 0x12, 0x00, 0x12, 0x00, 0x12, 0x00, 0x12, 0x00, 0x12, 0x00,
  0x12, 0x00, 0x12, 0x00, 0x12, 0x00, 0x12, 0x00, 0x12, 0x00, 0x12, 0x00,
  0x12, 0x00, 0x12, 0x00, 0x12, 0x00, 0x12, 0x00, 0x12, 0x00, 0x12, 0x00,
  0x12, 0x00, 0x12, 0x00, 0x12, 0x00, 0x12, 0x00, 0x12, 0x00, 0x12, 0x00,
  0x12, 0x00, 0x12, 0x00, 0x12, 0x00, 0x12, 0x00, 0x12, 0x00, 0x12, 0x00,
  0x12, 0x00, 0x12, 0x00, 0x12, 0x00, 0x12, 0x00, 0x12, 0x00, 0x12, 0x00,
  0x12, 0x00, 0x12, 0x00, 0x12, 0x00, 0x12, 0x00, 0x12, 0x00, 0x12, 0x00,
  0x12, 0x00, 0x12, 0x00, 0x12, 0x00, 0x12, 0x00, 0x12, 0x00, 0x12, 0x00,
  0x12, 0x00, 0x12, 0x00, 0x12, 0x00, 0x12, 0x00, 0x12, 0x00, 0x12, 0x00,
  0x12, 0x00, 0x12, 0x00, 0x12, 0x00, 0x12, 0x00, 0x12, 0x00, 0x12, 0x00,
  0x12, 0x00, 0x12, 0x00, 0x12, 0x00, 0x12, 0x00, 0x12, 0x00, 0x12, 0x00,
  0x12, 0x00, 0x12, 0x00, 0x12, 0x00, 0x12, 0x00, 0x12, 0x00, 0x12, 0x00,
  0x12, 0x00, 0x12, 0x00, 0x12, 0x00, 0x12, 0x00, 0x12, 0x00, 0x12, 0x00,
  0x12, 0x00, 0x12, 0x00, 0x12, 0x00, 0x12, 0x00, 0x12, 0x00, 0x12, 0x00,
  0x12, 0x00, 0x12, 0x00, 0x12, 0x00, 0x12, 0x00, 0x12, 0x00, 0x12, 0x00,
  0x12, 0x00, 0x12, 0x00, 0x12, 0x00, 0x12, 0x00, 0x12, 0x00, 0x12, 0x00,
  0x12, 0x00, 0x12, 0x00, 0x12, 0x00, 0x12, 0x00, 0x12, 0x00, 0x12, 0x00,
  0x12, 0x00, 0x12, 0x00, 0x12, 0x00, 0x12, 0x00, 0x12, 0x00, 0x12, 0x00,
  0x12, 0x00, 0x12, 0x00, 0x12, 0x00, 0x23, 0x02, 0xea, 0x0f, 0xea, 0x0f,
  0xea, 0x0f, 0xe9, 0x0f, 0xc8, 0x0d, 0xb7, 0x0b, 0xc8, 0x0d, 0xd9, 0x0e,
  0x86, 0x09, 0x12, 0x00, 0x12, 0x00, 0x12, 0x00, 0x12, 0x00, 0x12, 0x00,
  0x12, 0x00, 0x12, 0x00, 0x12, 0x00, 0x12, 0x00, 0x12, 0x00, 0x12, 0x00,
  0x12, 0x00, 0x12, 0x00, 0x12, 0x00, 0x12, 0x00, 0x12, 0x00, 0x12, 0x00,
  0x12, 0x00, 0x12, 0x00, 0x12, 0x00, 0x12, 0x00, 0x12, 0x00, 0x12, 0x00,
  0x12, 0x00, 0x12, 0x00, 0x12, 0x00, 0x12, 0x00, 0x12, 0x00, 0x12, 0x00,
  0x12, 0x00, 0x12, 0x00, 0x12, 0x00, 0x12, 0x00, 0x12, 0x00, 0x12, 0x00,
  0x12, 0x00, 0x12, 0x00, 0x12, 0x00, 0x12, 0x00, 0x12, 0x00, 0x12, 0x00,
  0x12, 0x00, 0x12, 0x00, 0x12, 0x00, 0xbe, 0x09, 0x12, 0x00, 0x12, 0x00,
  0x12, 0x00, 0x12, 0x00, 0x12, 0x00, 0x12, 0x00, 0x12, 0x00, 0x12, 0x00,
  0x12, 0x00, 0x12, 0x00, 0x12, 0x00, 0x12, 0x00, 0x12, 0x00, 0x12, 0x00,
  0x12, 0x00, 0x12, 0x00, 0x12, 0x00, 0x12, 0x00, 0x12, 0x00, 0x12, 0x00,
  0x12, 0x00, 0x12, 0x00, 0x12, 0x00, 0x12, 0x00, 0x12, 0x00, 0x12, 0x00,
  0x12, 0x00, 0x12, 0x00, 0x12, 0x00, 0x12, 0x00, 0x12, 0x00, 0x12, 0x00,
  0x12, 0x00, 0x12, 0x00, 0x12, 0x00, 0x12, 0x00, 0x12, 0x00, 0x12, 0x00,
  0x12, 0x00, 0x12, 0x00, 0x12, 0x00, 0x12, 0x00, 0x12, 0x00, 0x12, 0x00,
  0x12, 0x00, 0x12, 0x00, 0x12, 0x00, 0x12, 0x00, 0x12, 0x00, 0x12, 0x00,
  0x12, 0x00, 0x12, 0x00, 0x12, 0x00, 0x12, 0x00, 0x12, 0x00, 0x12, 0x00,
  0x12, 0x00, 0x12, 0x00, 0x12, 0x00, 0x12, 0x00, 0x12, 0x00, 0x12, 0x00,
  0x12, 0x00, 0x12, 0x00, 0x12, 0x00, 0x65, 0x06, 0xea, 0x0f, 0xea, 0x0f,
  0xea, 0x0f, 0xe9, 0x0f, 0xe9, 0x0f, 0xd9, 0x0e, 0xd9, 0x0e, 0xd9, 0x0e,
  0x76, 0x07, 0x12, 0x00, 0x12, 0x00, 0x12, 0x00, 0x12, 0x00, 0x12, 0x00,
  0x12, 0x00, 0x12, 0x00, 0x12, 0x00, 0x12, 0x00, 0x12, 0x00, 0x12, 0x00,
  0x12, 0x00, 0x12, 0x00, 0x12, 0x00, 0x12, 0x00, 0x12, 0x00, 0x12, 0x00,
  0x12, 0x00, 0x12, 0x00, 0x12, 0x00, 0x12, 0x00, 0x12, 0x00, 0x12, 0x00,
  0x12, 0x00, 0x12, 0x00, 0x12, 0x00, 0x12, 0x00, 0x12, 0x00, 0x12, 0x00,
  0x12, 0x00, 0xeb, 0x0a, 0x12, 0x00, 0x12, 0x00, 0x12, 0x00, 0x12, 0x00,
  0x12, 0x00, 0x12, 0x00, 0x02, 0x00, 0x02, 0x00, 0x02, 0x00, 0x02, 0x00,
  0x02, 0x00, 0x02, 0x00, 0x02, 0x00, 0x02, 0x00, 0x02, 0x00, 0x02, 0x00,
  0x02, 0x00, 0x02, 0x00, 0x02, 0x00, 0x02, 0x00, 0x02, 0x00, 0x02, 0x00,
  0x02, 0x00, 0x02, 0x00, 0x02, 0x00, 0x02, 0x00, 0x02, 0x00, 0x02, 0x00,
  0x02, 0x00, 0x02, 0x00, 0x02, 0x00, 0x02, 0x00, 0x02, 0x00, 0x02, 0x00,
  0x02, 0x00, 0x02, 0x00, 0x02, 0x00, 0x02, 0x00, 0x02, 0x00, 0x02, 0x00,
  0x02, 0x00, 0x02, 0x00, 0x02, 0x00, 0x02, 0x00, 0x02, 0x00, 0x02, 0x00,
  0x02, 0x00, 0x12, 0x03, 0x12, 0x03, 0x02, 0x00, 0x02, 0x00, 0x02, 0x00,
  0x02, 0x00, 0x02, 0x00, 0x02, 0x00, 0x02, 0x00, 0x02, 0x00, 0x02, 0x00,
  0x02, 0x00, 0x02, 0x00, 0x02, 0x00, 0x02, 0x00, 0x02, 0x00, 0x02, 0x00,
  0x02, 0x00, 0x02, 0x00, 0x02, 0x00, 0x02, 0x00, 0x02, 0x00, 0x02, 0x00,
  0x02, 0x00, 0x02, 0x00, 0x02, 0x00, 0x02, 0x00, 0x02, 0x00, 0x02, 0x00,
  0x02, 0x00, 0x02, 0x00, 0x02, 0x00, 0x97, 0x0a, 0xea, 0x0f, 0xea, 0x0f,
  0xea, 0x0f, 0xe9, 0x0f, 0xe9, 0x0f, 0xd9, 0x0e, 0xd9, 0x0e, 0xd9, 0x0e,
  0x76, 0x07, 0x02, 0x00, 0x02, 0x00, 0x02, 0x00, 0x02, 0x00, 0x02, 0x00,
  0x02, 0x00, 0x02, 0x00, 0x02, 0x00, 0x02, 0x00, 0x02, 0x00, 0x02, 0x00,
  0x02, 0x00, 0x02, 0x00, 0x02, 0x00, 0x02, 0x00, 0x02, 0x00, 0x02, 0x00,
  0x02, 0x00, 0x02, 0x00, 0x02, 0x00, 0x02, 0x00, 0x02, 0x00, 0x02, 0x00,
  0x02, 0x00, 0x02, 0x00, 0x02, 0x00, 0x02, 0x00, 0x02, 0x00, 0x02, 0x00,
  0x02, 0x00, 0x02, 0x00, 0x02, 0x00, 0x02, 0x00, 0x02, 0x00, 0x02, 0x00,
  0x02, 0x00, 0x02, 0x00, 0x02, 0x00, 0x02, 0x00, 0x02, 0x00, 0x02, 0x00,
  0x02, 0x00, 0x02, 0x00, 0x02, 0x00, 0x02, 0x00, 0x02, 0x00, 0x02, 0x00,
  0x02, 0x00, 0x02, 0x00, 0x02, 0x00, 0x02, 0x00, 0x02, 0x00, 0x02, 0x00,
  0x02, 0x00, 0x02, 0x00, 0x02, 0x00, 0x02, 0x00, 0x02, 0x00, 0x02, 0x00,
  0x02, 0x00, 0x02, 0x00, 0x02, 0x00, 0x02, 0x00, 0x02, 0x00, 0x02, 0x00,
  0x02, 0x00, 0x02, 0x00, 0x02, 0x00, 0x02, 0x00, 0x02, 0x00, 0x02, 0x00,
  0x02, 0x00, 0x02, 0x00, 0x02, 0x00, 0x02, 0x00, 0x02, 0x00, 0x02, 0x00,
  0x02, 0x00, 0x23, 0x0b, 0x23, 0x0b, 0x02, 0x00, 0x02, 0x00, 0x02, 0x00,
  0x02, 0x00, 0x02, 0x00, 0x02, 0x00, 0x02, 0x00, 0x02, 0x00, 0x02, 0x00,
  0x02, 0x00, 0x02, 0x00, 0x02, 0x00, 0x02, 0x00, 0x02, 0x00, 0x02, 0x00,
  0x02, 0x00, 0x02, 0x00, 0x02, 0x00, 0x02, 0x00, 0x02, 0x00, 0x02, 0x00,
  0x02, 0x00, 0x02, 0x00, 0x02, 0x00, 0x02, 0x00, 0x02, 0x00, 0x02, 0x00,
  0x02, 0x00, 0x02, 0x00, 0x02, 0x00, 0xb8, 0x0b, 0xea, 0x0f, 0xea, 0x0f,
  0xea, 0x0f, 0xe9, 0x0f, 0xe9, 0x0f, 0xd9, 0x0e, 0xd9, 0x0e, 0xd9, 0x0e,
  0x76, 0x07, 0x02, 0x00, 0x02, 0x00, 0x02, 0x00, 0x02, 0x00, 0x02, 0x00,
  0x02, 0x00, 0x02, 0x00, 0x02, 0x00, 0x02, 0x00, 0x02, 0x00, 0x02, 0x00,
  0x02, 0x00, 0x02, 0x00, 0x02, 0x00, 0x02, 0x00, 0x02, 0x00, 0x02, 0x00,
  0x02, 0x00, 0x02, 0x00, 0x02, 0x00, 0x02, 0x00, 0x02, 0x00, 0x02, 0x00,
  0x02, 0x00, 0x02, 0x00, 0x02, 0x00, 0x02, 0x00, 0x02, 0x00, 0x02, 0x00,
  0x02, 0x00, 0x02, 0x00, 0x02, 0x00, 0x02, 0x00, 0x02, 0x00, 0x02, 0x00,
  0x02, 0x00, 0x02, 0x00, 0x02, 0x00, 0x02, 0x00, 0x02, 0x00, 0x02, 0x00,
  0x02, 0x00, 0x02, 0x00, 0x02, 0x00, 0x02, 0x00, 0x02, 0x00, 0x02, 0x00,
  0x02, 0x00, 0x02, 0x00, 0x02, 0x00, 0x02, 0x00, 0x02, 0x00, 0x02, 0x00,
  0x02, 0x00, 0x02, 0x00, 0x02, 0x00, 0x02, 0x00, 0x02, 0x00, 0x02, 0x00,
  0x02, 0x00, 0x02, 0x00, 0x02, 0x00, 0x02, 0x00, 0x02, 0x00, 0x02, 0x00,
  0x02, 0x00, 0x02, 0x00, 0x02, 0x00, 0x02, 0x00, 0x02, 0x00, 0x02, 0x00,
  0x02, 0x00, 0x02, 0x00, 0x02, 0x00, 0x02, 0x00, 0x02, 0x00, 0x02, 0x00,
  0x12, 0x06, 0x23, 0x0d, 0x23, 0x0d, 0x12, 0x06, 0x02, 0x00, 0x02, 0x00,
  0x02, 0x00, 0x02, 0x00, 0x02, 0x00, 0x02, 0x00, 0x02, 0x00, 0x02, 0x00,
  0x02, 0x00, 0x02, 0x00, 0x02, 0x00, 0x02, 0x00, 0x02, 0x00, 0x02, 0x00,
  0x02, 0x00, 0x02, 0x00, 0x02, 0x00, 0x02, 0x00, 0x02, 0x00, 0x02, 0x00,
  0x02, 0x00, 0x02, 0x00, 0x02, 0x00, 0x02, 0x00, 0x02, 0x00, 0x02, 0x00,
  0x02, 0x00, 0x02, 0x00, 0x02, 0x00, 0xea, 0x0f, 0xea, 0x0f, 0xea, 0x0f,
  0xea, 0x0f, 0xe9, 0x0f, 0xe9, 0x0f, 0xd9, 0x0e, 0xd9, 0x0e, 0xd9, 0x0e,
  0xa7, 0x0a, 0x02, 0x00, 0x02, 0x00, 0x02, 0x00, 0x02, 0x00, 0x02, 0x00,
  0x02, 0x00, 0x02, 0x00, 0x02, 0x00, 0x02, 0x00, 0x02, 0x00, 0x02, 0x00,
  0x02, 0x00, 0x02, 0x00, 0x02, 0x00, 0x02, 0x00, 0x02, 0x00, 0x02, 0x00,
  0x02, 0x00, 0x02, 0x00, 0x02, 0x00, 0x02, 0x00, 0x02, 0x00, 0x02, 0x00,
  0x02, 0x00, 0x02, 0x00, 0x02, 0x00, 0x02, 0x00, 0x02, 0x00, 0x02, 0x00,
  0x02, 0x00, 0x02, 0x00, 0x02, 0x00, 0x02, 0x00, 0x02, 0x00, 0x02, 0x00,
  0x02, 0x00, 0x02, 0x00, 0x02, 0x00, 0x02, 0x00, 0x02, 0x00, 0x02, 0x00,
  0x02, 0x00, 0x02, 0x00, 0x02, 0x00, 0x02, 0x00, 0x02, 0x00, 0x02, 0x00,
  0x02, 0x00, 0x02, 0x00, 0x02, 0x00, 0x02, 0x00, 0x02, 0x00, 0x02, 0x00,
  0x02, 0x00, 0x02, 0x00, 0x02, 0x00, 0x02, 0x00, 0x02, 0x00, 0x02, 0x00,
  0x02, 0x00, 0x02, 0x00, 0x02, 0x00, 0x02, 0x00, 0x02, 0x00, 0x02, 0x00,
  0x02, 0x00, 0x02, 0x00, 0x02, 0x00, 0x44, 0x06, 0x02, 0x00, 0x02, 0x00,
  0x02, 0x00, 0x02, 0x00, 0x02, 0x00, 0x02, 0x00, 0x02, 0x00, 0x12, 0x02,
  0x23, 0x0c, 0x23, 0x0d, 0x23, 0x0d, 0x23, 0x0c, 0x12, 0x02, 0x02, 0x00,
  0x02, 0x00, 0x02, 0x00, 0x02, 0x00, 0x02, 0x00, 0x02, 0x00, 0x02, 0x00,
  0x02, 0x00, 0x02, 0x00, 0x02, 0x00, 0x02, 0x00, 0x02, 0x00, 0x02, 0x00,
  0x02, 0x00, 0x02, 0x00, 0x02, 0x00, 0x02, 0x00, 0x02, 0x00, 0x02, 0x00,
  0x02, 0x00, 0x02, 0x00, 0x02, 0x00, 0x02, 0x00, 0x02, 0x00, 0x02, 0x00,
  0x02, 0x00, 0x02, 0x00, 0x02, 0x00, 0xea, 0x0f, 0xea, 0x0f, 0xea, 0x0f,
  0xea, 0x0f, 0xe9, 0x0f, 0xe9, 0x0f, 0xd9, 0x0e, 0xd9, 0x0e, 0xd9, 0x0e,
  0xb8, 0x0c, 0x02, 0x00, 0x02, 0x00, 0x02, 0x00, 0x02, 0x00, 0x02, 0x00,
  0x02, 0x00, 0x02, 0x00, 0x02, 0x00, 0x02, 0x00, 0x02, 0x00, 0x02, 0x00,
  0x02, 0x00, 0x02, 0x00, 0x02, 0x00, 0x02, 0x00, 0x02, 0x00, 0x02, 0x00,
  0x02, 0x00, 0x02, 0x00, 0x02, 0x00, 0x02, 0x00, 0x02, 0x00, 0x02, 0x00,
  0x02, 0x00, 0x02, 0x00, 0x02, 0x00, 0x02, 0x00, 0x02, 0x00, 0x02, 0x00,
  0x02, 0x00, 0x02, 0x00, 0x02, 0x00, 0x02, 0x00, 0x02, 0x00, 0x02, 0x00,
  0x02, 0x00, 0x02, 0x00, 0x02, 0x00, 0x02, 0x00, 0x02, 0x00, 0x02, 0x00,
  0x02, 0x00, 0x02, 0x00, 0x02, 0x00, 0x02, 0x00, 0x02, 0x00, 0x02, 0x00,
  0x02, 0x00, 0x02, 0x00, 0x02, 0x00, 0x02, 0x00, 0x02, 0x00, 0x02, 0x00,
  0x02, 0x00, 0x02, 0x00, 0x02, 0x00, 0x02, 0x00, 0x02, 0x00, 0x02, 0x00,
  0x02, 0x00, 0x02, 0x00, 0x02, 0x00, 0x02, 0x00, 0x02, 0x00, 0x02, 0x00,
  0x02, 0x00, 0x02, 0x00, 0x02, 0x00, 0x02, 0x00, 0x02, 0x00, 0x02, 0x00,
  0x02, 0x00, 0x02, 0x00, 0x02, 0x00, 0x02, 0x00, 0x02, 0x00, 0x23, 0x09,
  0x23, 0x0d, 0x23, 0x0d, 0x23, 0x0d, 0x23, 0x0d, 0x23, 0x09, 0x02, 0x00,
  0x02, 0x00, 0x02, 0x00, 0x02, 0x00, 0x02, 0x00, 0x02, 0x00, 0x02, 0x00,
  0x02, 0x00, 0x02, 0x00, 0x02, 0x00, 0x02, 0x00, 0x02, 0x00, 0x02, 0x00,
  0x02, 0x00, 0x02, 0x00, 0x02, 0x00, 0x02, 0x00, 0x02, 0x00, 0x02, 0x00,
  0x02, 0x00, 0x02, 0x00, 0x02, 0x00, 0x02, 0x00, 0x02, 0x00, 0x02, 0x00,
  0x02, 0x00, 0x02, 0x00, 0x02, 0x00, 0xea, 0x0f, 0xea, 0x0f, 0xea, 0x0f,
  0xea, 0x0f, 0xe9, 0x0f, 0xe9, 0x0f, 0xd9, 0x0e, 0xc8, 0x0d, 0xc8, 0x0d,
  0xd9, 0x0e, 0x23, 0x02, 0x02, 0x00, 0x02, 0x00, 0x02, 0x00, 0x02, 0x00,
  0x02, 0x00, 0x02, 0x00, 0x02, 0x00, 0x02, 0x00, 0x02, 0x00, 0x02, 0x00,
  0x02, 0x00, 0x02, 0x00, 0x02, 0x00, 0x02, 0x00, 0x02, 0x00, 0x02, 0x00,
  0x02, 0x00, 0x02, 0x00, 0x02, 0x00, 0x02, 0x00, 0x02, 0x00, 0x02, 0x00,
  0x02, 0x00, 0x02, 0x00, 0x02, 0x00, 0x02, 0x00, 0x02, 0x00, 0x02, 0x00,
  0x02, 0x00, 0x02, 0x00, 0x02, 0x00, 0x02, 0x00, 0x02, 0x00, 0x02, 0x00,
  0x02, 0x00, 0x02, 0x00, 0x02, 0x00, 0x02, 0x00, 0x02, 0x00, 0x02, 0x00,
  0x02, 0x00, 0x02, 0x00, 0x02, 0x00, 0x02, 0x00, 0x02, 0x00, 0x02, 0x00,
  0x02, 0x00, 0x02, 0x00, 0x02, 0x00, 0x02, 0x00, 0x02, 0x00, 0x02, 0x00,
  0x02, 0x00, 0x02, 0x00, 0x02, 0x00, 0x02, 0x00, 0x02, 0x00, 0x02, 0x00,
  0x02, 0x00, 0x02, 0x00, 0x02, 0x00, 0x02, 0x00, 0x02, 0x00, 0x02, 0x00,
  0x02, 0x00, 0x02, 0x00, 0x02, 0x00, 0x02, 0x00, 0x02, 0x00, 0x02, 0x00,
  0x02, 0x00, 0x02, 0x00, 0x02, 0x00, 0x02, 0x00, 0x12, 0x03, 0x23, 0x0d,
  0x23, 0x0d, 0x23, 0x0d, 0x23, 0x0d, 0x23, 0x0d, 0x23, 0x0d, 0x12, 0x03,
  0x02, 0x00, 0x02, 0x00, 0x02, 0x00, 0x02, 0x00, 0x02, 0x00, 0x02, 0x00,
  0x02, 0x00, 0x02, 0x00, 0x02, 0x00, 0x02, 0x00, 0x02, 0x00, 0x02, 0x00,
  0x02, 0x00, 0x02, 0x00, 0x02, 0x00, 0x02, 0x00, 0x02, 0x00, 0x02, 0x00,
  0x02, 0x00, 0x02, 0x00, 0x02, 0x00, 0x02, 0x00, 0x02, 0x00, 0x02, 0x00,
  0x02, 0x00, 0x02, 0x00, 0x02, 0x00, 0xea, 0x0f, 0xea, 0x0f, 0xea, 0x0f,
  0xea, 0x0f, 0xe9, 0x0f, 0xd9, 0x0e, 0xb7, 0x0c, 0xa7, 0x0b, 0xa7, 0x0b,
  0xc8, 0x0d, 0x75, 0x07, 0x02, 0x00, 0x02, 0x00, 0x02, 0x00, 0x02, 0x00,
  0x02, 0x00, 0x02, 0x00, 0x02, 0x00, 0x02, 0x00, 0x02, 0x00, 0x02, 0x00,
  0x02, 0x00, 0x02, 0x00, 0x02, 0x00, 0x02, 0x00, 0x02, 0x00, 0x02, 0x00,
  0x02, 0x00, 0x02, 0x00, 0x02, 0x00, 0x02, 0x00, 0x02, 0x00, 0x02, 0x00,
  0x02, 0x00, 0x02, 0x00, 0x02, 0x00, 0x02, 0x00, 0x02, 0x00, 0x02, 0x00,
  0x02, 0x00, 0x02, 0x00, 0x02, 0x00, 0x02, 0x00, 0x02, 0x00, 0x02, 0x00,
  0x02, 0x00, 0x02, 0x00, 0x02, 0x00, 0x02, 0x00, 0x02, 0x00, 0x02, 0x00,
  0x02, 0x00, 0x02, 0x00, 0x02, 0x00, 0x02, 0x00, 0x02, 0x00, 0x02, 0x00,
  0x02, 0x00, 0x02, 0x00, 0x02, 0x00, 0x02, 0x00, 0x02, 0x00, 0x02, 0x00,
  0x02, 0x00, 0x02, 0x00, 0x02, 0x00, 0x02, 0x00, 0x02, 0x00, 0x02, 0x00,
  0x02, 0x00, 0x02, 0x00, 0x02, 0x00, 0x02, 0x00, 0x02, 0x00, 0x02, 0x00,
  0x02, 0x00, 0x02, 0x00, 0x02, 0x00, 0x02, 0x00, 0x02, 0x00, 0x02, 0x00,
  0x02, 0x00, 0x02, 0x00, 0x02, 0x00, 0x02, 0x00, 0x23, 0x0a, 0x23, 0x0d,
  0x23, 0x0d, 0x23, 0x0d, 0x23, 0x0d, 0x23, 0x0d, 0x23, 0x0d, 0x23, 0x0a,
  0x02, 0x00, 0x02, 0x00, 0x02, 0x00, 0x02, 0x00, 0x02, 0x00, 0x02, 0x00,
  0x02, 0x00, 0x02, 0x00, 0x02, 0x00, 0x02, 0x00, 0x02, 0x00, 0x02, 0x00,
  0x02, 0x00, 0x02, 0x00, 0x02, 0x00, 0x02, 0x00, 0x02, 0x00, 0x02, 0x00,
  0x02, 0x00, 0x02, 0x00, 0x02, 0x00, 0x02, 0x00, 0x02, 0x00, 0x02, 0x00,
  0x02, 0x00, 0x02, 0x00, 0x02, 0x00, 0xb8, 0x0b, 0xea, 0x0f, 0xea, 0x0f,
  0xea, 0x0f, 0xe9, 0x0f, 0xd8, 0x0e, 0xb7, 0x0b, 0xa7, 0x0b, 0xa7, 0x0b,
  0xb7, 0x0c, 0xb8, 0x0c, 0x02, 0x00, 0x02, 0x00, 0x02, 0x00, 0x02, 0x00,
  0x02, 0x00, 0x02, 0x00, 0x02, 0x00, 0x02, 0x00, 0x02, 0x00, 0x02, 0x00,
  0x02, 0x00, 0x02, 0x00, 0x02, 0x00, 0x02, 0x00, 0x02, 0x00, 0x02, 0x00,
  0x02, 0x00, 0x02, 0x00, 0x02, 0x00, 0x02, 0x00, 0x02, 0x00, 0x02, 0x00,
  0x02, 0x00, 0x02, 0x00, 0x02, 0x00, 0x02, 0x00, 0x02, 0x00, 0x02, 0x00,
  0x02, 0x00, 0x02, 0x00, 0x02, 0x00, 0x02, 0x00, 0x02, 0x00, 0x02, 0x00,
  0x02, 0x00, 0x02, 0x00, 0x02, 0x00, 0x02, 0x00, 0x02, 0x00, 0x02, 0x00,
  0x02, 0x00, 0x02, 0x00, 0x02, 0x00, 0x02, 0x00, 0x02, 0x00, 0x02, 0x00,
  0x02, 0x00, 0x02, 0x00, 0x02, 0x00, 0x02, 0x00, 0x02, 0x00, 0x02, 0x00,
  0x02, 0x00, 0x02, 0x00, 0x02, 0x00, 0x02, 0x00, 0x02, 0x00, 0x02, 0x00,
  0x02, 0x00, 0x02, 0x00, 0x02, 0x00, 0x02, 0x00, 0x02, 0x00, 0x02, 0x00,
  0x02, 0x00, 0x02, 0x00, 0x02, 0x00, 0x02, 0x00, 0x02, 0x00, 0x02, 0x00,
  0x02, 0x00, 0x02, 0x00, 0x02, 0x00, 0x12, 0x06, 0x23, 0x0d, 0x23, 0x0d,
  0x23, 0x0d, 0x23, 0x0d, 0x23, 0x0d, 0x23, 0x0d, 0x23, 0x0d, 0x23, 0x0d,
  0x12, 0x06, 0x02, 0x00, 0x02, 0x00, 0x02, 0x00, 0x02, 0x00, 0x02, 0x00,
  0x02, 0x00, 0x02, 0x00, 0x02, 0x00, 0x02, 0x00, 0x02, 0x00, 0x02, 0x00,
  0x02, 0x00, 0x02, 0x00, 0x02, 0x00, 0x02, 0x00, 0x02, 0x00, 0x02, 0x00,
  0x02, 0x00, 0x02, 0x00, 0x02, 0x00, 0x02, 0x00, 0x02, 0x00, 0x02, 0x00,
  0x02, 0x00, 0x02, 0x00, 0x02, 0x00, 0x97, 0x0a, 0xea, 0x0f, 0xea, 0x0f,
  0xea, 0x0f, 0xe9, 0x0f, 0xd9, 0x0e, 0xb7, 0x0b, 0xa7, 0x0b, 0xa7, 0x0b,
  0xc8, 0x0d, 0xd8, 0x0e, 0x65, 0x06, 0x02, 0x00, 0x02, 0x00, 0x02, 0x00,
  0x02, 0x00, 0x02, 0x00, 0x02, 0x00, 0x02, 0x00, 0x02, 0x00, 0x02, 0x00,
  0x02, 0x00, 0x02, 0x00, 0x02, 0x00, 0x02, 0x00, 0x02, 0x00, 0x02, 0x00,
  0x02, 0x00, 0x02, 0x00, 0x02, 0x00, 0x02, 0x00, 0x02, 0x00, 0x02, 0x00,
  0x02, 0x00, 0x02, 0x00, 0x02, 0x00, 0x02, 0x00, 0x02, 0x00, 0x02, 0x00,
  0x02, 0x00, 0x02, 0x00, 0x02, 0x00, 0x02, 0x00, 0x02, 0x00, 0x02, 0x00,
  0x02, 0x00, 0x02, 0x00, 0x02, 0x00, 0x02, 0x00, 0x02, 0x00, 0x02, 0x00,
  0x02, 0x00, 0x02, 0x00, 0x02, 0x00, 0x02, 0x00, 0x02, 0x00, 0x02, 0x00,
  0x02, 0x00, 0x02, 0x00, 0x02, 0x00, 0x02, 0x00, 0x02, 0x00, 0x02, 0x00,
  0x02, 0x00, 0x02, 0x00, 0x02, 0x00, 0x02, 0x00, 0x02, 0x00, 0x02, 0x00,
  0x02, 0x00, 0x02, 0x00, 0x02, 0x00, 0x02, 0x00, 0x02, 0x00, 0x02, 0x00,
  0x02, 0x00, 0x02, 0x00, 0x02, 0x00, 0x02, 0x00, 0x99, 0x0e, 0x02, 0x00,
  0x02, 0x00, 0x02, 0x00, 0x12, 0x01, 0x23, 0x0c, 0x23, 0x0d, 0x23, 0x0d,
  0x23, 0x0d, 0x23, 0x0d, 0x23, 0x0d, 0x23, 0x0d, 0x23, 0x0d, 0x23, 0x0d,
  0x23, 0x0c, 0x12, 0x01, 0x02, 0x00, 0x02, 0x00, 0x02, 0x00, 0x02, 0x00,
  0x02, 0x00, 0x02, 0x00, 0x02, 0x00, 0x02, 0x00, 0x02, 0x00, 0x02, 0x00,
  0x02, 0x00, 0x02, 0x00, 0x02, 0x00, 0x02, 0x00, 0x02, 0x00, 0x02, 0x00,
  0x02, 0x00, 0x02, 0x00, 0x02, 0x00, 0x02, 0x00, 0x02, 0x00, 0x02, 0x00,
  0x02, 0x00, 0x02, 0x00, 0x02, 0x00, 0x65, 0x06, 0xea, 0x0f, 0xea, 0x0f,
  0xea, 0x0f, 0xe9, 0x0f, 0xe9, 0x0f, 0xd9, 0x0e, 0xc8, 0x0d, 0xc8, 0x0d,
  0xd9, 0x0e, 0xd8, 0x0e, 0xc8, 0x0c, 0x23, 0x02, 0x02, 0x00, 0x02, 0x00,
  0x02, 0x00, 0x02, 0x00, 0x02, 0x00, 0x02, 0x00, 0x02, 0x00, 0x02, 0x00,
  0x02, 0x00, 0x02, 0x00, 0x02, 0x00, 0x02, 0x00, 0x02, 0x00, 0x02, 0x00,
  0x02, 0x00, 0x02, 0x00, 0x02, 0x00, 0x02, 0x00, 0x02, 0x00, 0x02, 0x00,
  0x02, 0x00, 0x02, 0x00, 0x02, 0x00, 0x02, 0x00, 0x02, 0x00, 0x02, 0x00,
  0x02, 0x00, 0x02, 0x00, 0x02, 0x00, 0x02, 0x00, 0x02, 0x00, 0x02, 0x00,
  0x02, 0x00, 0x02, 0x00, 0x02, 0x00, 0x02, 0x00, 0x02, 0x00, 0x02, 0x00,
  0x02, 0x00, 0x02, 0x00, 0x02, 0x00, 0x02, 0x00, 0x02, 0x00, 0x02, 0x00,
  0x02, 0x00, 0x02, 0x00, 0x02, 0x00, 0x02, 0x00, 0x02, 0x00, 0x02, 0x00,
  0x02, 0x00, 0x02, 0x00, 0x02, 0x00, 0x02, 0x00, 0x02, 0x00, 0x02, 0x00,
  0x02, 0x00, 0x02, 0x00, 0x02, 0x00, 0x02, 0x00, 0x02, 0x00, 0x02, 0x00,
  0x02, 0x00, 0x02, 0x00, 0x02, 0x00, 0x02, 0x00, 0x02, 0x00, 0x02, 0x00,
  0x02, 0x00, 0x02, 0x00, 0x12, 0x08, 0x23, 0x0d, 0x23, 0x0d, 0x23, 0x0d,
  0x23, 0x0d, 0x23, 0x0d, 0x23, 0x0d, 0x23, 0x0d, 0x23, 0x0d, 0x23, 0x0d,
  0x23, 0x0d, 0x12, 0x08, 0x02, 0x00, 0x02, 0x00, 0x02, 0x00, 0x02, 0x00,
  0x02, 0x00, 0x02, 0x00, 0x02, 0x00, 0x02, 0x00, 0x02, 0x00, 0x02, 0x00,
  0x02, 0x00, 0x02, 0x00, 0x02, 0x00, 0x02, 0x00, 0x02, 0x00, 0x02, 0x00,
  0x02, 0x00, 0x02, 0x00, 0x02, 0x00, 0x02, 0x00, 0x02, 0x00, 0x02, 0x00,
  0x02, 0x00, 0x02, 0x00, 0x02, 0x00, 0x23, 0x02, 0xea, 0x0f, 0xea, 0x0f,
  0xea, 0x0f, 0xe9, 0x0f, 0xe9, 0x0f, 0xd9, 0x0e, 0xd9, 0x0e, 0xd9, 0x0e,
  0xd9, 0x0e, 0xd8, 0x0e, 0xc8, 0x0d, 0xa7, 0x0b, 0x13, 0x01, 0x02, 0x00,
  0x02, 0x00, 0x02, 0x00, 0x02, 0x00, 0x02, 0x00, 0x02, 0x00, 0x02, 0x00,
  0x02, 0x00, 0x02, 0x00, 0x02, 0x00, 0x02, 0x00, 0x02, 0x00, 0x02, 0x00,
  0x02, 0x00, 0x02, 0x00, 0x02, 0x00, 0x02, 0x00, 0x02, 0x00, 0x02, 0x00,
  0x02, 0x00, 0x02, 0x00, 0x02, 0x00, 0x02, 0x00, 0x02, 0x00, 0x02, 0x00,
  0x02, 0x00, 0x02, 0x00, 0x02, 0x00, 0x02, 0x00, 0x02, 0x00, 0x02, 0x00,
  0x02, 0x00, 0x02, 0x00, 0x02, 0x00, 0x02, 0x00, 0x02, 0x00, 0x02, 0x00,
  0x02, 0x00, 0x02, 0x00, 0x02, 0x00, 0x02, 0x00, 0x02, 0x00, 0x02, 0x00,
  0x02, 0x00, 0x02, 0x00, 0x02, 0x00, 0x02, 0x00, 0x02, 0x00, 0x02, 0x00,
  0x02, 0x00, 0x02, 0x00, 0x02, 0x00, 0x02, 0x00, 0x02, 0x00, 0x02, 0x00,
  0x02, 0x00, 0x02, 0x00, 0x02, 0x00, 0x02, 0x00, 0x02, 0x00, 0x02, 0x00,
  0x02, 0x00, 0x02, 0x00, 0x02, 0x00, 0x02, 0x00, 0x02, 0x00, 0x02, 0x00,
  0x02, 0x00, 0x12, 0x03, 0x23, 0x0d, 0x23, 0x0d, 0x23, 0x0d, 0x23, 0x0d,
  0x23, 0x0d, 0x23, 0x0d, 0x23, 0x0d, 0x23, 0x0d, 0x23, 0x0d, 0x23, 0x0d,
  0x23, 0x0d, 0x23, 0x0d, 0x12, 0x03, 0x02, 0x00, 0x02, 0x00, 0x02, 0x00,
  0x02, 0x00, 0x02, 0x00, 0x02, 0x00, 0x02, 0x00, 0x02, 0x00, 0x02, 0x00,
  0x02, 0x00, 0x02, 0x00, 0x02, 0x00, 0x02, 0x00, 0x02, 0x00, 0x02, 0x00,
  0x02, 0x00, 0x02, 0x00, 0x02, 0x00, 0x02, 0x00, 0x02, 0x00, 0x02, 0x00,
  0x02, 0x00, 0x02, 0x00, 0x02, 0x00, 0x02, 0x00, 0xa7, 0x0a, 0xea, 0x0f,
  0xea, 0x0f, 0xe9, 0x0f, 0xe9, 0x0f, 0xd9, 0x0e, 0xd9, 0x0e, 0xd9, 0x0e,
  0xd9, 0x0e, 0xd8, 0x0e, 0xc8, 0x0d, 0xc8, 0x0d, 0x86, 0x08, 0x02, 0x00,
  0x02, 0x00, 0x02, 0x00, 0x02, 0x00, 0x02, 0x00, 0x02, 0x00, 0x02, 0x00,
  0x02, 0x00, 0x02, 0x00, 0x02, 0x00, 0x02, 0x00, 0x02, 0x00, 0x02, 0x00,
  0x02, 0x00, 0x02, 0x00, 0x02, 0x00, 0x02, 0x00, 0x02, 0x00, 0x02, 0x00,
  0x02, 0x00, 0x02, 0x00, 0x02, 0x00, 0x02, 0x00, 0x02, 0x00, 0x02, 0x00,
  0x02, 0x00, 0x02, 0x00, 0x02, 0x00, 0x02, 0x00, 0x02, 0x00, 0x02, 0x00,
  0x02, 0x00, 0x02, 0x00, 0x02, 0x00, 0x02, 0x00, 0x02, 0x00, 0x02, 0x00,
  0x02, 0x00, 0x02, 0x00, 0x02, 0x00, 0x02, 0x00, 0x02, 0x00, 0x02, 0x00,
  0x02, 0x00, 0x02, 0x00, 0x02, 0x00, 0x02, 0x00, 0x02, 0x00, 0x02, 0x00,
  0x02, 0x00, 0x02, 0x00, 0x02, 0x00, 0x02, 0x00, 0x02, 0x00, 0x02, 0x00,
  0x02, 0x00, 0x02, 0x00, 0x02, 0x00, 0x02, 0x00, 0x02, 0x00, 0x02, 0x00,
  0x02, 0x00, 0x02, 0x00, 0x02, 0x00, 0x02, 0x00, 0x02, 0x00, 0x02, 0x00,
  0x02, 0x00, 0x23, 0x0a, 0x23, 0x0d, 0x23, 0x0d, 0x23, 0x0d, 0x23, 0x0d,
  0x23, 0x0d, 0x23, 0x0d, 0x23, 0x0d, 0x23, 0x0d, 0x23, 0x0d, 0x23, 0x0d,
  0x23, 0x0d, 0x23, 0x0d, 0x23, 0x0a, 0x02, 0x00, 0x02, 0x00, 0x02, 0x00,
  0x02, 0x00, 0x02, 0x00, 0x02, 0x00, 0x02, 0x00, 0x02, 0x00, 0x02, 0x00,
  0x02, 0x00, 0x02, 0x00, 0x02, 0x00, 0x02, 0x00, 0x02, 0x00, 0x02, 0x00,
  0x02, 0x00, 0x02, 0x00, 0x02, 0x00, 0x02, 0x00, 0x02, 0x00, 0x02, 0x00,
  0x02, 0x00, 0x02, 0x00, 0x02, 0x00, 0x02, 0x00, 0x44, 0x04, 0xea, 0x0f,
  0xea, 0x0f, 0xe9, 0x0f, 0xe9, 0x0f, 0xd9, 0x0e, 0xd9, 0x0e, 0xd9, 0x0e,
  0xd9, 0x0e, 0xd8, 0x0e, 0xc8, 0x0d, 0xc8, 0x0d, 0xc8, 0x0d, 0x96, 0x0a,
  0x13, 0x01, 0x02, 0x00, 0x02, 0x00, 0x02, 0x00, 0x02, 0x00, 0x02, 0x00,
  0x02, 0x00, 0x02, 0x00, 0x02, 0x00, 0x02, 0x00, 0x02, 0x00, 0x02, 0x00,
  0x02, 0x00, 0x02, 0x00, 0x02, 0x00, 0x02, 0x00, 0x02, 0x00, 0x02, 0x00,
  0x02, 0x00, 0x02, 0x00, 0x02, 0x00, 0x02, 0x00, 0x02, 0x00, 0x02, 0x00,
  0x02, 0x00, 0x02, 0x00, 0x02, 0x00, 0x02, 0x00, 0x02, 0x00, 0x02, 0x00,
  0x02, 0x00, 0x02, 0x00, 0x02, 0x00, 0x02, 0x00, 0x02, 0x00, 0x02, 0x00,
  0x02, 0x00, 0x02, 0x00, 0x02, 0x00, 0x02, 0x00, 0x02, 0x00, 0x02, 0x00,
  0x02, 0x00, 0x02, 0x00, 0x02, 0x00, 0x02, 0x00, 0x02, 0x00, 0x02, 0x00,
  0x02, 0x00, 0x02, 0x00, 0x02, 0x00, 0x02, 0x00, 0x02, 0x00, 0x02, 0x00,
  0x02, 0x00, 0x02, 0x00, 0x02, 0x00, 0x02, 0x00, 0x02, 0x00, 0x02, 0x00,
  0x02, 0x00, 0x02, 0x00, 0x02, 0x00, 0x02, 0x00, 0x02, 0x00, 0x02, 0x00,
  0x23, 0x06, 0x23, 0x0d, 0x23, 0x0d, 0x23, 0x0d, 0x23, 0x0d, 0x23, 0x0d,
  0x23, 0x0d, 0x23, 0x0d, 0x23, 0x0d, 0x23, 0x0d, 0x23, 0x0d, 0x23, 0x0d,
  0x23, 0x0d, 0x23, 0x0d, 0x23, 0x0d, 0x23, 0x05, 0x02, 0x00, 0x02, 0x00,
  0x02, 0x00, 0x02, 0x00, 0x02, 0x00, 0x02, 0x00, 0x02, 0x00, 0x02, 0x00,
  0x02, 0x00, 0x02, 0x00, 0x02, 0x00, 0x02, 0x00, 0x02, 0x00, 0x02, 0x00,
  0x02, 0x00, 0x02, 0x00, 0x02, 0x00, 0x02, 0x00, 0x02, 0x00, 0x02, 0x00,
  0x02, 0x00, 0x02, 0x00, 0x02, 0x00, 0x02, 0x00, 0x02, 0x00, 0xb8, 0x0b,
  0xea, 0x0f, 0xe9, 0x0f, 0xe9, 0x0f, 0xd9, 0x0e, 0xd9, 0x0e, 0xd9, 0x0e,
  0xd9, 0x0e, 0xd8, 0x0e, 0xc8, 0x0d, 0xc8, 0x0d, 0xc8, 0x0d, 0xc8, 0x0d,
  0xa7, 0x0b, 0x34, 0x03, 0x02, 0x00, 0x02, 0x00, 0x02, 0x00, 0x02, 0x00,
  0x02, 0x00, 0x02, 0x00, 0x02, 0x00, 0x02, 0x00, 0x02, 0x00, 0x02, 0x00,
  0x02, 0x00, 0x02, 0x00, 0x02, 0x00, 0x02, 0x00, 0x02, 0x00, 0x02, 0x00,
  0x02, 0x00, 0x02, 0x00, 0x02, 0x00, 0x02, 0x00, 0x02, 0x00, 0x02, 0x00,
  0x02, 0x00, 0x02, 0x00, 0x02, 0x00, 0x02, 0x00, 0x02, 0x00, 0x02, 0x00,
  0x02, 0x00, 0x02, 0x00, 0x02, 0x00, 0x02, 0x00, 0x02, 0x00, 0x02, 0x00,
  0x02, 0x00, 0x02, 0x00, 0x02, 0x00, 0x02, 0x00, 0x02, 0x00, 0x02, 0x00,
  0x02, 0x00, 0x02, 0x00, 0x02, 0x00, 0x02, 0x00, 0x02, 0x00, 0x02, 0x00,
  0x02, 0x00, 0x02, 0x00, 0x02, 0x00, 0x02, 0x00, 0x02, 0x00, 0x02, 0x00,
  0x02, 0x00, 0x02, 0x00, 0x02, 0x00, 0x02, 0x00, 0x02, 0x00, 0x02, 0x00,
  0x02, 0x00, 0x02, 0x00, 0x02, 0x00, 0x02, 0x00, 0x02, 0x00, 0x68, 0x07,
  0x33, 0x0d, 0x23, 0x0d, 0x23, 0x0d, 0x23, 0x0d, 0x23, 0x0d, 0x23, 0x0d,
  0x23, 0x0d, 0x23, 0x0d, 0x23, 0x0d, 0x23, 0x0d, 0x23, 0x0d, 0x23, 0x0d,
  0x23, 0x0d, 0x23, 0x0d, 0x23, 0x0d, 0x23, 0x0c, 0x45, 0x04, 0x02, 0x00,
  0x02, 0x00, 0x02, 0x00, 0x02, 0x00, 0x02, 0x00, 0x02, 0x00, 0x02, 0x00,
  0x02, 0x00, 0x02, 0x00, 0x02, 0x00, 0x02, 0x00, 0x02, 0x00, 0x02, 0x00,
  0x02, 0x00, 0x02, 0x00, 0x02, 0x00, 0x02, 0x00, 0x02, 0x00, 0x02, 0x00,
  0x02, 0x00, 0x02, 0x00, 0x02, 0x00, 0x02, 0x00, 0x02, 0x00, 0x23, 0x02,
  0xd9, 0x0e, 0xe9, 0x0f, 0xe9, 0x0f, 0xd9, 0x0e, 0xd9, 0x0e, 0xd9, 0x0e,
  0xd9, 0x0e, 0xb8, 0x0c, 0xa7, 0x0b, 0xa6, 0x0a, 0xb8, 0x0c, 0xc8, 0x0d,
  0xb8, 0x0c, 0xb8, 0x0c, 0x86, 0x09, 0x33, 0x03, 0x02, 0x00, 0x02, 0x00,
  0x02, 0x00, 0x02, 0x00, 0x02, 0x00, 0x02, 0x00, 0x02, 0x00, 0x02, 0x00,
  0x02, 0x00, 0x02, 0x00, 0x13, 0x01, 0x54, 0x05, 0x13, 0x01, 0x02, 0x00,
  0x02, 0x00, 0x02, 0x00, 0x02, 0x00, 0x02, 0x00, 0x02, 0x00, 0x02, 0x00,
  0x02, 0x00, 0x02, 0x00, 0x02, 0x00, 0x02, 0x00, 0x02, 0x00, 0x02, 0x00,
  0x02, 0x00, 0x02, 0x00, 0x02, 0x00, 0x02, 0x00, 0x02, 0x00, 0x02, 0x00,
  0x02, 0x00, 0x02, 0x00, 0x02, 0x00, 0x02, 0x00, 0x02, 0x00, 0x02, 0x00,
  0x02, 0x00, 0x02, 0x00, 0x02, 0x00, 0x02, 0x00, 0x02, 0x00, 0x02, 0x00,
  0x02, 0x00, 0x02, 0x00, 0x02, 0x00, 0x02, 0x00, 0x02, 0x00, 0x02, 0x00,
  0x02, 0x00, 0x02, 0x00, 0x02, 0x00, 0x02, 0x00, 0x02, 0x00, 0x02, 0x00,
  0x02, 0x00, 0x02, 0x00, 0x02, 0x00, 0x02, 0x00, 0x24, 0x02, 0x78, 0x0d,
  0x23, 0x0d, 0x23, 0x0d, 0x23, 0x0d, 0x23, 0x0d, 0x23, 0x0d, 0x23, 0x0d,
  0x23, 0x0d, 0x23, 0x0d, 0x23, 0x0d, 0x23, 0x0d, 0x23, 0x0d, 0x23, 0x0d,
  0x23, 0x0d, 0x23, 0x0d, 0x23, 0x0d, 0x23, 0x0d, 0x55, 0x0b, 0x13, 0x01,
  0x02, 0x00, 0x02, 0x00, 0x02, 0x00, 0x02, 0x00, 0x02, 0x00, 0x02, 0x00,
  0x02, 0x00, 0x02, 0x00, 0x02, 0x00, 0x02, 0x00, 0x02, 0x00, 0x02, 0x00,
  0x02, 0x00, 0x02, 0x00, 0x02, 0x00, 0x02, 0x00, 0x02, 0x00, 0x02, 0x00,
  0x02, 0x00, 0x02, 0x00, 0x02, 0x00, 0x02, 0x00, 0x02, 0x00, 0x02, 0x00,
  0x55, 0x06, 0xe9, 0x0f, 0xe9, 0x0f, 0xd9, 0x0e, 0xd9, 0x0e, 0xd9, 0x0e,
  0xd9, 0x0e, 0xb7, 0x0c, 0xa7, 0x0b, 0xa6, 0x0a, 0xb7, 0x0c, 0xc8, 0x0d,
  0xb8, 0x0c, 0xb8, 0x0c, 0xb7, 0x0c, 0xb7, 0x0c, 0x97, 0x0a, 0x65, 0x06,
  0x44, 0x04, 0x33, 0x03, 0x23, 0x02, 0x23, 0x01, 0x33, 0x03, 0x33, 0x03,
  0x54, 0x05, 0x75, 0x08, 0x86, 0x09, 0x33, 0x03, 0x02, 0x00, 0x02, 0x00,
  0x02, 0x00, 0x02, 0x00, 0x02, 0x00, 0x02, 0x00, 0x02, 0x00, 0x02, 0x00,
  0x02, 0x00, 0x02, 0x00, 0x02, 0x00, 0x02, 0x00, 0x02, 0x00, 0x02, 0x00,
  0x02, 0x00, 0x02, 0x00, 0x02, 0x00, 0x02, 0x00, 0x02, 0x00, 0x02, 0x00,
  0x02, 0x00, 0x02, 0x00, 0x02, 0x00, 0x02, 0x00, 0x02, 0x00, 0x02, 0x00,
  0x02, 0x00, 0x02, 0x00, 0x02, 0x00, 0x02, 0x00, 0x02, 0x00, 0x02, 0x00,
  0x02, 0x00, 0x02, 0x00, 0x02, 0x00, 0x02, 0x00, 0x02, 0x00, 0x02, 0x00,
  0x02, 0x00, 0x02, 0x00, 0x02, 0x00, 0x02, 0x00, 0x02, 0x00, 0x02, 0x00,
  0x02, 0x00, 0x02, 0x00, 0x02, 0x00, 0x02, 0x00, 0x56, 0x07, 0x23, 0x0d,
  0x23, 0x0d, 0x23, 0x0d, 0x23, 0x0d, 0x23, 0x0d, 0x23, 0x0d, 0x23, 0x0d,
  0x23, 0x0d, 0x23, 0x0d, 0x23, 0x0d, 0x23, 0x0d, 0x23, 0x0d, 0x23, 0x0d,
  0x23, 0x0d, 0x23, 0x0d, 0x23, 0x0d, 0x23, 0x0d, 0x23, 0x0d, 0x34, 0x05,
  0x02, 0x00, 0x02, 0x00, 0x02, 0x00, 0x02, 0x00, 0x02, 0x00, 0x02, 0x00,
  0x02, 0x00, 0x02, 0x00, 0x02, 0x00, 0x02, 0x00, 0x02, 0x00, 0x02, 0x00,
  0x02, 0x00, 0x02, 0x00, 0x02, 0x00, 0x02, 0x00, 0x02, 0x00, 0x02, 0x00,
  0x02, 0x00, 0x02, 0x00, 0x02, 0x00, 0x02, 0x00, 0x02, 0x00, 0x02, 0x00,
  0x02, 0x00, 0x86, 0x08, 0xe9, 0x0f, 0xd9, 0x0e, 0xd9, 0x0e, 0xd9, 0x0e,
  0xd9, 0x0e, 0xc8, 0x0d, 0xb7, 0x0b, 0xb7, 0x0b, 0xc8, 0x0d, 0xc8, 0x0d,
  0xb8, 0x0c, 0xb8, 0x0c, 0xb7, 0x0c, 0xb7, 0x0c, 0xb7, 0x0b, 0xa7, 0x0b,
  0xa7, 0x0b, 0xa7, 0x0b, 0xa7, 0x0b, 0xa6, 0x0a, 0x96, 0x0a, 0x96, 0x0a,
  0x96, 0x0a, 0x96, 0x09, 0x54, 0x05, 0x02, 0x00, 0x02, 0x00, 0x02, 0x00,
  0x02, 0x00, 0x02, 0x00, 0x02, 0x00, 0x02, 0x00, 0x02, 0x00, 0x02, 0x00,
  0x02, 0x00, 0x02, 0x00, 0x02, 0x00, 0x02, 0x00, 0x02, 0x00, 0x02, 0x00,
  0x02, 0x00, 0x02, 0x00, 0x02, 0x00, 0x02, 0x00, 0x02, 0x00, 0x02, 0x00,
  0x02, 0x00, 0x02, 0x00, 0x02, 0x00, 0x02, 0x00, 0x02, 0x00, 0x02, 0x00,
  0x02, 0x00, 0x02, 0x00, 0x02, 0x00, 0x02, 0x00, 0x02, 0x00, 0x02, 0x00,
  0x02, 0x00, 0x02, 0x00, 0x02, 0x00, 0x02, 0x00, 0x02, 0x00, 0x02, 0x00,
  0x02, 0x00, 0x02, 0x00, 0x02, 0x00, 0x02, 0x00, 0x02, 0x00, 0x02, 0x00,
  0x02, 0x00, 0x02, 0x00, 0x02, 0x00, 0x02, 0x00, 0x34, 0x07, 0x23, 0x0d,
  0x23, 0x0d, 0x23, 0x0d, 0x23, 0x0d, 0x23, 0x0d, 0x23, 0x0d, 0x23, 0x0d,
  0x23, 0x0d, 0x23, 0x0d, 0x23, 0x0d, 0x23, 0x0d, 0x23, 0x0d, 0x23, 0x0d,
  0x23, 0x0d, 0x23, 0x0d, 0x23, 0x0d, 0x23, 0x0d, 0x23, 0x0d, 0x23, 0x06,
  0x02, 0x00, 0x02, 0x00, 0x02, 0x00, 0x02, 0x00, 0x02, 0x00, 0x02, 0x00,
  0x02, 0x00, 0x02, 0x00, 0x02, 0x00, 0x02, 0x00, 0x02, 0x00, 0x02, 0x00,
  0x02, 0x00, 0x02, 0x00, 0x02, 0x00, 0x02, 0x00, 0x02, 0x00, 0x02, 0x00,
  0x02, 0x00, 0x02, 0x00, 0x02, 0x00, 0x02, 0x00, 0x02, 0x00, 0x02, 0x00,
  0x02, 0x00, 0x02, 0x00, 0x86, 0x08, 0xd9, 0x0e, 0xd9, 0x0e, 0xd9, 0x0e,
  0xd9, 0x0e, 0xd8, 0x0e, 0xc8, 0x0d, 0xc8, 0x0d, 0xc8, 0x0d, 0xc8, 0x0d,
  0xb8, 0x0c, 0xb8, 0x0c, 0xb7, 0x0c, 0xb7, 0x0c, 0xb7, 0x0b, 0xa7, 0x0b,
  0xa7, 0x0b, 0xa7, 0x0b, 0xa7, 0x0b, 0xa6, 0x0a, 0x96, 0x0a, 0x96, 0x0a,
  0x96, 0x0a, 0x54, 0x05, 0x02, 0x00, 0x02, 0x00, 0x02, 0x00, 0x02, 0x00,
  0x02, 0x00, 0x02, 0x00, 0x02, 0x00, 0x02, 0x00, 0x02, 0x00, 0x02, 0x00,
  0x02, 0x00, 0x02, 0x00, 0x02, 0x00, 0x02, 0x00, 0x02, 0x00, 0x02, 0x00,
  0x02, 0x00, 0x02, 0x00, 0x02, 0x00, 0x02, 0x00, 0x02, 0x00, 0x02, 0x00,
  0x02, 0x00, 0x02, 0x00, 0x02, 0x00, 0x02, 0x00, 0x02, 0x00, 0x02, 0x00,
  0x02, 0x00, 0x02, 0x00, 0x02, 0x00, 0x02, 0x00, 0x02, 0x00, 0x02, 0x00,
  0x02, 0x00, 0x02, 0x00, 0x02, 0x00, 0x02, 0x00, 0x02, 0x00, 0x02, 0x00,
  0x02, 0x00, 0x02, 0x00, 0x02, 0x00, 0x02, 0x00, 0x02, 0x00, 0x02, 0x00,
  0x02, 0x00, 0x02, 0x00, 0x02, 0x00, 0x02, 0x00, 0x78, 0x07, 0xdd, 0x0e,
  0x99, 0x0d, 0x67, 0x0d, 0x55, 0x0d, 0x33, 0x0d, 0x23, 0x0d, 0x23, 0x0d,
  0x23, 0x0d, 0x23, 0x0d, 0x23, 0x0d, 0x23, 0x0d, 0x23, 0x0d, 0x23, 0x0d,
  0x23, 0x0c, 0x44, 0x0c, 0x55, 0x0b, 0x66, 0x0a, 0x78, 0x09, 0x45, 0x04,
  0x02, 0x00, 0x02, 0x00, 0x02, 0x00, 0x02, 0x00, 0x02, 0x00, 0x02, 0x00,
  0x02, 0x00, 0x02, 0x00, 0x02, 0x00, 0x02, 0x00, 0x02, 0x00, 0x02, 0x00,
  0x02, 0x00, 0x02, 0x00, 0x02, 0x00, 0x02, 0x00, 0x02, 0x00, 0x02, 0x00,
  0x02, 0x00, 0x02, 0x00, 0x02, 0x00, 0x02, 0x00, 0x02, 0x00, 0x02, 0x00,
  0x02, 0x00, 0x02, 0x00, 0x02, 0x00, 0x55, 0x06, 0xc8, 0x0d, 0xd9, 0x0e,
  0xd9, 0x0e, 0xd8, 0x0e, 0xc8, 0x0d, 0xc8, 0x0d, 0xc8, 0x0d, 0xc8, 0x0d,
  0xb8, 0x0c, 0xb8, 0x0c, 0xb7, 0x0c, 0xb7, 0x0c, 0xb7, 0x0b, 0xa7, 0x0b,
  0xa7, 0x0b, 0xa7, 0x0b, 0xa7, 0x0b, 0xa6, 0x0a, 0x96, 0x0a, 0x96, 0x09,
  0x44, 0x04, 0x02, 0x00, 0x02, 0x00, 0x02, 0x00, 0x02, 0x00, 0x02, 0x00,
  0x02, 0x00, 0x02, 0x00, 0x02, 0x00, 0x02, 0x00, 0x02, 0x00, 0x02, 0x00,
  0x02, 0x00, 0x02, 0x00, 0x02, 0x00, 0x02, 0x00, 0x02, 0x00, 0x02, 0x00,
  0x02, 0x00, 0x02, 0x00, 0x02, 0x00, 0x02, 0x00, 0x02, 0x00, 0x02, 0x00,
  0x02, 0x00, 0x02, 0x00, 0x02, 0x00, 0x02, 0x00, 0x02, 0x00, 0x02, 0x00,
  0x02, 0x00, 0x02, 0x00, 0x02, 0x00, 0x02, 0x00, 0x02, 0x00, 0x02, 0x00,
  0x02, 0x00, 0x02, 0x00, 0x02, 0x00, 0x02, 0x00, 0x02, 0x00, 0x02, 0x00,
  0x02, 0x00, 0x02, 0x00, 0x02, 0x00, 0x02, 0x00, 0x02, 0x00, 0x02, 0x00,
  0x02, 0x00, 0x02, 0x00, 0x02, 0x00, 0x02, 0x00, 0x78, 0x07, 0xee, 0x0e,
  0xee, 0x0d, 0xde, 0x0d, 0xdd, 0x0d, 0xdd, 0x0c, 0xcd, 0x0c, 0xcc, 0x0c,
  0xcc, 0x0b, 0xaa, 0x0b, 0x9a, 0x0b, 0xbb, 0x0a, 0xab, 0x0a, 0xaa, 0x0a,
  0x9a, 0x09, 0x99, 0x09, 0x99, 0x09, 0x89, 0x08, 0x88, 0x08, 0x45, 0x04,
  0x02, 0x00, 0x02, 0x00, 0x02, 0x00, 0x02, 0x00, 0x02, 0x00, 0x02, 0x00,
  0x02, 0x00, 0x02, 0x00, 0x02, 0x00, 0x02, 0x00, 0x02, 0x00, 0x02, 0x00,
  0x02, 0x00, 0x02, 0x00, 0x02, 0x00, 0x02, 0x00, 0x02, 0x00, 0x02, 0x00,
  0x02, 0x00, 0x02, 0x00, 0x02, 0x00, 0x02, 0x00, 0x02, 0x00, 0x02, 0x00,
  0x02, 0x00, 0x02, 0x00, 0x02, 0x00, 0x02, 0x00, 0x23, 0x02, 0xa7, 0x0b,
  0xd9, 0x0e, 0xd8, 0x0e, 0xc8, 0x0d, 0xc8, 0x0d, 0xc8, 0x0d, 0xc8, 0x0d,
  0xb8, 0x0c, 0xb8, 0x0c, 0xb7, 0x0c, 0xb7, 0x0c, 0xb7, 0x0b, 0xa7, 0x0b,
  0xa7, 0x0b, 0xa7, 0x0b, 0xa7, 0x0b, 0xa6, 0x0a, 0x75, 0x08, 0x13, 0x01,
  0x02, 0x00, 0x02, 0x00, 0x02, 0x00, 0x02, 0x00, 0x02, 0x00, 0x02, 0x00,
  0x02, 0x00, 0x02, 0x00, 0x02, 0x00, 0x02, 0x00, 0x02, 0x00, 0x02, 0x00,
  0x02, 0x00, 0x02, 0x00, 0x02, 0x00, 0x02, 0x00, 0x02, 0x00, 0x02, 0x00,
  0x02, 0x00, 0x02, 0x00, 0x02, 0x00, 0x02, 0x00, 0x02, 0x00, 0x02, 0x00,
  0x02, 0x00, 0x02, 0x00, 0x02, 0x00, 0x02, 0x00, 0x02, 0x00, 0x02, 0x00,
  0x02, 0x00, 0x02, 0x00, 0x02, 0x00, 0x02, 0x00, 0x02, 0x00, 0x02, 0x00,
  0x02, 0x00, 0x02, 0x00, 0x02, 0x00, 0x02, 0x00, 0x02, 0x00, 0x02, 0x00,
  0x02, 0x00, 0x02, 0x00, 0x02, 0x00, 0x02, 0x00, 0x02, 0x00, 0x02, 0x00,
  0x02, 0x00, 0x02, 0x00, 0x02, 0x00, 0x02, 0x00, 0x78, 0x07, 0xee, 0x0e,
  0xee, 0x0d, 0xde, 0x0d, 0xdd, 0x0d, 0xdd, 0x0c, 0xcd, 0x0c, 0xcc, 0x0c,
  0xcc, 0x0b, 0xbc, 0x0b, 0xbb, 0x0b, 0xbb, 0x0a, 0xab, 0x0a, 0xaa, 0x0a,
  0x9a, 0x09, 0x99, 0x09, 0x99, 0x09, 0x89, 0x08, 0x88, 0x08, 0x45, 0x04,
  0x02, 0x00, 0x02, 0x00, 0x02, 0x00, 0x02, 0x00, 0x02, 0x00, 0x02, 0x00,
  0x02, 0x00, 0x02, 0x00, 0x02, 0x00, 0x02, 0x00, 0x02, 0x00, 0x02, 0x00,
  0x02, 0x00, 0x02, 0x00, 0x02, 0x00, 0x02, 0x00, 0x02, 0x00, 0x02, 0x00,
  0x02, 0x00, 0x02, 0x00, 0x02, 0x00, 0x02, 0x00, 0x02, 0x00, 0x02, 0x00,
  0x02, 0x00, 0x02, 0x00, 0x02, 0x00, 0x02, 0x00, 0x02, 0x00, 0x02, 0x00,
  0x34, 0x04, 0x96, 0x09, 0xc8, 0x0d, 0xc8, 0x0d, 0xc8, 0x0d, 0xc8, 0x0d,
  0xb8, 0x0c, 0xb8, 0x0c, 0xb7, 0x0c, 0xb7, 0x0c, 0xb7, 0x0b, 0xa7, 0x0b,
  0xa7, 0x0b, 0xa7, 0x0b, 0x75, 0x07, 0x33, 0x03, 0x02, 0x00, 0x02, 0x00,
  0x02, 0x00, 0x02, 0x00, 0x02, 0x00, 0x02, 0x00, 0x02, 0x00, 0x02, 0x00,
  0x02, 0x00, 0x02, 0x00, 0x02, 0x00, 0x02, 0x00, 0x02, 0x00, 0x02, 0x00,
  0x02, 0x00, 0x02, 0x00, 0x02, 0x00, 0x02, 0x00, 0x02, 0x00, 0x02, 0x00,
  0x02, 0x00, 0x02, 0x00, 0x02, 0x00, 0x02, 0x00, 0x02, 0x00, 0x02, 0x00,
  0x02, 0x00, 0x02, 0x00, 0x02, 0x00, 0x02, 0x00, 0x02, 0x00, 0x02, 0x00,
  0x02, 0x00, 0x02, 0x00, 0x02, 0x00, 0x02, 0x00, 0x02, 0x00, 0x02, 0x00,
  0x02, 0x00, 0x02, 0x00, 0x02, 0x00, 0x02, 0x00, 0x02, 0x00, 0x02, 0x00,
  0x02, 0x00, 0x02, 0x00, 0x02, 0x00, 0x02, 0x00, 0x02, 0x00, 0x02, 0x00,
  0x02, 0x00, 0x02, 0x00, 0x02, 0x00, 0x02, 0x00, 0x78, 0x07, 0xee, 0x0e,
  0xee, 0x0d, 0xde, 0x0d, 0xdd, 0x0d, 0xdd, 0x0c, 0xcd, 0x0c, 0xcc, 0x0c,
  0xcc, 0x0b, 0xbc, 0x0b, 0xbb, 0x0b, 0xbb, 0x0a, 0xab, 0x0a, 0xaa, 0x0a,
  0x9a, 0x09, 0x99, 0x09, 0x99, 0x09, 0x89, 0x08, 0x88, 0x08, 0x45, 0x04,
  0x02, 0x00, 0x02, 0x00, 0x02, 0x00, 0x02, 0x00, 0x02, 0x00, 0x02, 0x00,
  0x02, 0x00, 0x02, 0x00, 0x02, 0x00, 0x02, 0x00, 0x02, 0x00, 0x02, 0x00,
  0x02, 0x00, 0x02, 0x00, 0x02, 0x00, 0x02, 0x00, 0x02, 0x00, 0x02, 0x00,
  0x02, 0x00, 0x02, 0x00, 0x02, 0x00, 0x02, 0x00, 0x02, 0x00, 0x02, 0x00,
  0x02, 0x00, 0x02, 0x00, 0x02, 0x00, 0x02, 0x00, 0x02, 0x00, 0x02, 0x00,
  0x02, 0x00, 0x02, 0x00, 0x23, 0x02, 0x54, 0x05, 0x86, 0x08, 0x96, 0x09,
  0xb8, 0x0c, 0xb8, 0x0c, 0xb7, 0x0c, 0xb7, 0x0c, 0x86, 0x09, 0x75, 0x07,
  0x44, 0x04, 0x23, 0x02, 0x02, 0x00, 0x02, 0x00, 0x02, 0x00, 0x02, 0x00,
  0x02, 0x00, 0x02, 0x00, 0x02, 0x00, 0x02, 0x00, 0x02, 0x00, 0x02, 0x00,
  0x02, 0x00, 0x02, 0x00, 0x02, 0x00, 0x02, 0x00, 0x02, 0x00, 0x02, 0x00,
  0x02, 0x00, 0x02, 0x00, 0x02, 0x00, 0x02, 0x00, 0x02, 0x00, 0x02, 0x00,
  0x02, 0x00, 0x02, 0x00, 0x02, 0x00, 0x02, 0x00, 0x02, 0x00, 0x02, 0x00,
  0x02, 0x00, 0x02, 0x00, 0x02, 0x00, 0x02, 0x00, 0x02, 0x00, 0x02, 0x00,
  0x02, 0x00, 0x02, 0x00, 0x02, 0x00, 0x02, 0x00, 0x02, 0x00, 0x02, 0x00,
  0x02, 0x00, 0x02, 0x00, 0x02, 0x00, 0x02, 0x00, 0x02, 0x00, 0x02, 0x00,
  0x02, 0x00, 0x02, 0x00, 0x02, 0x00, 0x02, 0x00, 0x02, 0x00, 0x02, 0x00,
  0x02, 0x00, 0x02, 0x00, 0x02, 0x00, 0x02, 0x00, 0x78, 0x07, 0xee, 0x0e,
  0xee, 0x0d, 0xde, 0x0d, 0xdd, 0x0d, 0xdd, 0x0c, 0xcd, 0x0c, 0xcc, 0x0c,
  0xcc, 0x0b, 0xbc, 0x0b, 0xbb, 0x0b, 0xbb, 0x0a, 0xab, 0x0a, 0xaa, 0x0a,
  0x9a, 0x09, 0x99, 0x09, 0x99, 0x09, 0x89, 0x08, 0x88, 0x08, 0x45, 0x04,
  0x02, 0x00, 0x02, 0x00, 0x02, 0x00, 0x02, 0x00, 0x02, 0x00, 0x02, 0x00,
  0x02, 0x00, 0x02, 0x00, 0x02, 0x00, 0x02, 0x00, 0x02, 0x00, 0x02, 0x00,
  0x02, 0x00, 0x02, 0x00, 0x02, 0x00, 0x02, 0x00, 0x02, 0x00, 0x02, 0x00,
  0x02, 0x00, 0x02, 0x00, 0x02, 0x00, 0x02, 0x00, 0x02, 0x00, 0x02, 0x00,
  0x02, 0x00, 0x02, 0x00, 0x02, 0x00, 0x02, 0x00, 0x02, 0x00, 0x02, 0x00,
  0x02, 0x00, 0x02, 0x00, 0x02, 0x00, 0x02, 0x00, 0x02, 0x00, 0x02, 0x00,
  0x02, 0x00, 0x02, 0x00, 0x02, 0x00, 0x02, 0x00, 0x02, 0x00, 0x02, 0x00,
  0x02, 0x00, 0x02, 0x00, 0x02, 0x00, 0x02, 0x00, 0x02, 0x00, 0x02, 0x00,
  0x02, 0x00, 0x02, 0x00, 0x02, 0x00, 0x02, 0x00, 0x02, 0x00, 0x02, 0x00,
  0x02, 0x00, 0x02, 0x00, 0x02, 0x00, 0x02, 0x00, 0x02, 0x00, 0x02, 0x00,
  0x02, 0x00, 0x02, 0x00, 0x02, 0x00, 0x02, 0x00, 0x02, 0x00, 0x02, 0x00,
  0x02, 0x00, 0x02, 0x00, 0x02, 0x00, 0x02, 0x00, 0x02, 0x00, 0x02, 0x00,
  0x02, 0x00, 0x02, 0x00, 0x02, 0x00, 0x02, 0x00, 0x02, 0x00, 0x02, 0x00,
  0x02, 0x00, 0x02, 0x00, 0x02, 0x00, 0x02, 0x00, 0x02, 0x00, 0x02, 0x00,
  0x75, 0x07, 0x02, 0x00, 0x02, 0x00, 0x02, 0x00, 0x02, 0x00, 0x02, 0x00,
  0x02, 0x00, 0x02, 0x00, 0x02, 0x00, 0x02, 0x00, 0x02, 0x00, 0x02, 0x00,
  0x02, 0x00, 0x02, 0x00, 0x02, 0x00, 0x02, 0x00, 0x78, 0x07, 0xee, 0x0e,
  0xee, 0x0d, 0xde, 0x0d, 0xdd, 0x0d, 0xdd, 0x0c, 0xcd, 0x0c, 0xcc, 0x0c,
  0xcc, 0x0b, 0xbc, 0x0b, 0xbb, 0x0b, 0xbb, 0x0a, 0xab, 0x0a, 0xaa, 0x0a,
  0x9a, 0x09, 0x99, 0x09, 0x99, 0x09, 0x89, 0x08, 0x88, 0x08, 0x45, 0x04,
  0x02, 0x00, 0x02, 0x00, 0x02, 0x00, 0x02, 0x00, 0x02, 0x00, 0x02, 0x00,
  0x02, 0x00, 0x02, 0x00, 0x02, 0x00, 0x02, 0x00, 0x02, 0x00, 0x02, 0x00,
  0x02, 0x00, 0x02, 0x00, 0x02, 0x00, 0x02, 0x00, 0x02, 0x00, 0x02, 0x00,
  0x02, 0x00, 0x02, 0x00, 0x02, 0x00, 0x02, 0x00, 0x02, 0x00, 0x02, 0x00,
  0x02, 0x00, 0x02, 0x00, 0x02, 0x00, 0x02, 0x00, 0x02, 0x00, 0x02, 0x00,
  0x02, 0x00, 0x02, 0x00, 0x02, 0x00, 0x02, 0x00, 0x02, 0x00, 0x02, 0x00,
  0x02, 0x00, 0x02, 0x00, 0x02, 0x00, 0x02, 0x00, 0x02, 0x00, 0x02, 0x00,
  0x02, 0x00, 0x02, 0x00, 0x02, 0x00, 0x02, 0x00, 0x02, 0x00, 0x02, 0x00,
  0x02, 0x00, 0x02, 0x00, 0x02, 0x00, 0x02, 0x00, 0x02, 0x00, 0x02, 0x00,
  0x02, 0x00, 0x02, 0x00, 0x02, 0x00, 0x02, 0x00, 0x02, 0x00, 0x02, 0x00,
  0x02, 0x00, 0x02, 0x00, 0x02, 0x00, 0x02, 0x00, 0x02, 0x00, 0x02, 0x00,
  0x02, 0x00, 0x02, 0x00, 0x02, 0x00, 0x02, 0x00, 0x02, 0x00, 0x02, 0x00,
  0x02, 0x00, 0x02, 0x00, 0x02, 0x00, 0x02, 0x00, 0x02, 0x00, 0x02, 0x00,
  0x02, 0x00, 0x02, 0x00, 0x02, 0x00, 0x02, 0x00, 0x02, 0x00, 0x02, 0x00,
  0x02, 0x00, 0x02, 0x00, 0x02, 0x00, 0x02, 0x00, 0x02, 0x00, 0x02, 0x00,
  0x02, 0x00, 0x02, 0x00, 0x02, 0x00, 0x02, 0x00, 0x02, 0x00, 0x02, 0x00,
  0x02, 0x00, 0x02, 0x00, 0x02, 0x00, 0x02, 0x00, 0x78, 0x07, 0xee, 0x0e,
  0xee, 0x0d, 0xde, 0x0d, 0xdd, 0x0d, 0xdd, 0x0c, 0xcd, 0x0c, 0xcc, 0x0c,
  0xcc, 0x0b, 0xbc, 0x0b, 0xbb, 0x0b, 0xbb, 0x0a, 0xab, 0x0a, 0xaa, 0x0a,
  0x9a, 0x09, 0x99, 0x09, 0x99, 0x09, 0x89, 0x08, 0x88, 0x08, 0x45, 0x04,
  0x02, 0x00, 0x02, 0x00, 0x02, 0x00, 0x02, 0x00, 0x02, 0x00, 0x02, 0x00,
  0x02, 0x00, 0x02, 0x00, 0x02, 0x00, 0x02, 0x00, 0x02, 0x00, 0x02, 0x00,
  0x02, 0x00, 0x02, 0x00, 0x02, 0x00, 0x02, 0x00, 0x02, 0x00, 0x02, 0x00,
  0x02, 0x00, 0x02, 0x00, 0x02, 0x00, 0x02, 0x00, 0x02, 0x00, 0x02, 0x00,
  0x02, 0x00, 0x02, 0x00, 0x02, 0x00, 0x02, 0x00, 0x02, 0x00, 0x02, 0x00,
  0x02, 0x00, 0x02, 0x00, 0x02, 0x00, 0x02, 0x00, 0x02, 0x00, 0x02, 0x00,
  0x02, 0x00, 0x02, 0x00, 0x02, 0x00, 0x02, 0x00, 0x02, 0x00, 0x02, 0x00,
  0x02, 0x00, 0x02, 0x00, 0x02, 0x00, 0x02, 0x00, 0x02, 0x00, 0x02, 0x00,
  0x02, 0x00, 0x02, 0x00, 0x02, 0x00, 0x02, 0x00, 0x02, 0x00, 0x02, 0x00,
  0x02, 0x00, 0x02, 0x00, 0x02, 0x00, 0x02, 0x00, 0x02, 0x00, 0x02, 0x00,
  0x02, 0x00, 0x02, 0x00, 0x02, 0x00, 0x02, 0x00, 0x02, 0x00, 0x02, 0x00,
  0x02, 0x00, 0x02, 0x00, 0x02, 0x00, 0x02, 0x00, 0x02, 0x00, 0x02, 0x00,
  0x02, 0x00, 0x02, 0x00, 0x02, 0x00, 0x02, 0x00, 0x02, 0x00, 0x02, 0x00,
  0x02, 0x00, 0x02, 0x00, 0x02, 0x00, 0x02, 0x00, 0x02, 0x00, 0x02, 0x00,
  0x02, 0x00, 0x02, 0x00, 0x02, 0x00, 0x02, 0x00, 0x02, 0x00, 0x02, 0x00,
  0x02, 0x00, 0x02, 0x00, 0x02, 0x00, 0x02, 0x00, 0x02, 0x00, 0x02, 0x00,
  0x02, 0x00, 0x02, 0x00, 0x02, 0x00, 0x02, 0x00, 0x78, 0x07, 0xee, 0x0e,
  0xee, 0x0d, 0xde, 0x0d, 0xdd, 0x0d, 0xdd, 0x0c, 0xcd, 0x0c, 0xcc, 0x0c,
  0xcc, 0x0b, 0xbc, 0x0b, 0xbb, 0x0b, 0xbb, 0x0a, 0xab, 0x0a, 0xaa, 0x0a,
  0x9a, 0x09, 0x99, 0x09, 0x99, 0x09, 0x89, 0x08, 0x88, 0x08, 0x45, 0x04,
  0x02, 0x00, 0x02, 0x00, 0x02, 0x00, 0x02, 0x00, 0x02, 0x00, 0x02, 0x00,
  0x02, 0x00, 0x02, 0x00, 0x02, 0x00, 0x02, 0x00, 0x02, 0x00, 0x02, 0x00,
  0x02, 0x00, 0x02, 0x00, 0x02, 0x00, 0x02, 0x00, 0x02, 0x00, 0x02, 0x00,
  0x02, 0x00, 0x02, 0x00, 0x02, 0x00, 0x02, 0x00, 0x02, 0x00, 0x02, 0x00,
  0x02, 0x00, 0x02, 0x00, 0x02, 0x00, 0x02, 0x00, 0x02, 0x00, 0x02, 0x00,
  0x02, 0x00, 0x02, 0x00, 0x02, 0x00, 0x02, 0x00, 0x02, 0x00, 0x02, 0x00,
  0x02, 0x00, 0x02, 0x00, 0x02, 0x00, 0x02, 0x00, 0x02, 0x00, 0x02, 0x00,
  0x02, 0x00, 0x02, 0x00, 0x02, 0x00, 0x02, 0x00, 0x02, 0x00, 0x02, 0x00,
  0x02, 0x00, 0x02, 0x00, 0x02, 0x00, 0x02, 0x00, 0x02, 0x00, 0x02, 0x00,
  0x02, 0x00, 0x02, 0x00, 0x02, 0x00, 0x02, 0x00, 0x02, 0x00, 0x02, 0x00,
  0x02, 0x00, 0x02, 0x00, 0x02, 0x00, 0x02, 0x00, 0x02, 0x00, 0x02, 0x00,
  0x02, 0x00, 0x02, 0x00, 0x02, 0x00, 0x02, 0x00, 0x02, 0x00, 0x02, 0x00,
  0x02, 0x00, 0x02, 0x00, 0x02, 0x00, 0x02, 0x00, 0x02, 0x00, 0x02, 0x00,
  0x02, 0x00, 0x02, 0x00, 0x02, 0x00, 0x02, 0x00, 0x02, 0x00, 0x02, 0x00,
  0x02, 0x00, 0x02, 0x00, 0x02, 0x00, 0x02, 0x00, 0x02, 0x00, 0x02, 0x00,
  0x02, 0x00, 0x02, 0x00, 0x02, 0x00, 0x02, 0x00, 0x02, 0x00, 0x02, 0x00,
  0x02, 0x00, 0x02, 0x00, 0x02, 0x00, 0x02, 0x00, 0x78, 0x07, 0xee, 0x0e,
  0xee, 0x0d, 0xde, 0x0d, 0xdd, 0x0d, 0xdd, 0x0c, 0xcd, 0x0c, 0xbb, 0x0b,
  0x89, 0x07, 0x67, 0x05, 0x67, 0x05, 0x78, 0x07, 0x9a, 0x09, 0xaa, 0x0a,
  0x9a, 0x09, 0x99, 0x09, 0x99, 0x09, 0x89, 0x08, 0x88, 0x08, 0x45, 0x04,
  0x02, 0x00, 0x02, 0x00, 0x02, 0x00, 0x02, 0x00, 0x02, 0x00, 0x02, 0x00,
  0x02, 0x00, 0x02, 0x00, 0x02, 0x00, 0x02, 0x00, 0x02, 0x00, 0x02, 0x00,
  0x02, 0x00, 0x02, 0x00, 0x02, 0x00, 0x02, 0x00, 0x02, 0x00, 0x02, 0x00,
  0x02, 0x00, 0x02, 0x00, 0x02, 0x00, 0x02, 0x00, 0x02, 0x00, 0x02, 0x00,
  0x02, 0x00, 0x02, 0x00, 0x02, 0x00, 0x02, 0x00, 0x02, 0x00, 0x02, 0x00,
  0x02, 0x00, 0x02, 0x00, 0x02, 0x00, 0x02, 0x00, 0x02, 0x00, 0x02, 0x00,
  0x02, 0x00, 0x02, 0x00, 0x02, 0x00, 0x02, 0x00, 0x02, 0x00, 0x02, 0x00,
  0x02, 0x00, 0x02, 0x00, 0x02, 0x00, 0x02, 0x00, 0x02, 0x00, 0x02, 0x00,
  0x02, 0x00, 0x02, 0x00, 0x02, 0x00, 0x02, 0x00, 0x02, 0x00, 0x02, 0x00,
  0x02, 0x00, 0x02, 0x00, 0x02, 0x00, 0x02, 0x00, 0x02, 0x00, 0x02, 0x00,
  0x02, 0x00, 0x02, 0x00, 0x02, 0x00, 0x02, 0x00, 0x02, 0x00, 0x02, 0x00,
  0x02, 0x00, 0x02, 0x00, 0x02, 0x00, 0x02, 0x00, 0x02, 0x00, 0x02, 0x00,
  0x02, 0x00, 0x02, 0x00, 0x02, 0x00, 0x02, 0x00, 0x02, 0x00, 0x02, 0x00,
  0x02, 0x00, 0x02, 0x00, 0x02, 0x00, 0x02, 0x00, 0x02, 0x00, 0x02, 0x00,
  0x02, 0x00, 0x02, 0x00, 0x02, 0x00, 0x02, 0x00, 0x45, 0x03, 0x02, 0x00,
  0x02, 0x00, 0x02, 0x00, 0x02, 0x00, 0x02, 0x00, 0x02, 0x00, 0x02, 0x00,
  0x02, 0x00, 0x02, 0x00, 0x02, 0x00, 0x02, 0x00, 0xcc, 0x0c, 0xee, 0x0e,
  0xee, 0x0d, 0xde, 0x0d, 0xdd, 0x0d, 0xdd, 0x0c, 0x89, 0x08, 0x45, 0x03,
  0x45, 0x03, 0x56, 0x04, 0x56, 0x04, 0x45, 0x03, 0x45, 0x03, 0x78, 0x06,
  0x9a, 0x09, 0x99, 0x09, 0x99, 0x09, 0x89, 0x08, 0x88, 0x08, 0x45, 0x04,
  0x02, 0x00, 0x02, 0x00, 0x02, 0x00, 0x02, 0x00, 0x02, 0x00, 0x02, 0x00,
  0x02, 0x00, 0x02, 0x00, 0x02, 0x00, 0x02, 0x00, 0x02, 0x00, 0x02, 0x00,
  0x02, 0x00, 0x02, 0x00, 0x02, 0x00, 0x02, 0x00, 0x02, 0x00, 0x02, 0x00,
  0x02, 0x00, 0x02, 0x00, 0x02, 0x00, 0x02, 0x00, 0x02, 0x00, 0x02, 0x00,
  0x02, 0x00, 0x02, 0x00, 0x02, 0x00, 0x02, 0x00, 0x02, 0x00, 0x02, 0x00,
  0x02, 0x00, 0x02, 0x00, 0x02, 0x00, 0x02, 0x00, 0x02, 0x00, 0x02, 0x00,
  0x02, 0x00, 0x02, 0x00, 0x02, 0x00, 0x02, 0x00, 0x02, 0x00, 0x02, 0x00,
  0x02, 0x00, 0x02, 0x00, 0x02, 0x00, 0x02, 0x00, 0x02, 0x00, 0x02, 0x00,
  0x02, 0x00, 0x02, 0x00, 0x02, 0x00, 0x02, 0x00, 0x02, 0x00, 0x02, 0x00,
  0x02, 0x00, 0x02, 0x00, 0x02, 0x00, 0x02, 0x00, 0x02, 0x00, 0x02, 0x00,
  0x02, 0x00, 0x02, 0x00, 0x02, 0x00, 0x02, 0x00, 0x02, 0x00, 0x02, 0x00,
  0x02, 0x00, 0x02, 0x00, 0x02, 0x00, 0x02, 0x00, 0x02, 0x00, 0x02, 0x00,
  0x02, 0x00, 0x02, 0x00, 0x02, 0x00, 0x02, 0x00, 0x02, 0x00, 0x02, 0x00,
  0x02, 0x00, 0x02, 0x00, 0x02, 0x00, 0x02, 0x00, 0x02, 0x00, 0x02, 0x00,
  0x02, 0x00, 0x02, 0x00, 0x02, 0x00, 0x02, 0x00, 0x02, 0x00, 0x02, 0x00,
  0x02, 0x00, 0x02, 0x00, 0x02, 0x00, 0x02, 0x00, 0x02, 0x00, 0x02, 0x00,
  0x02, 0x00, 0x02, 0x00, 0x02, 0x00, 0x02, 0x00, 0x78, 0x07, 0xee, 0x0e,
  0xee, 0x0d, 0xde, 0x0d, 0xdd, 0x0d, 0x89, 0x08, 0x45, 0x03, 0x68, 0x04,
  0x9d, 0x05, 0xaf, 0x05, 0xaf, 0x05, 0x9d, 0x05, 0x68, 0x04, 0x45, 0x03,
  0x77, 0x06, 0x99, 0x09, 0x99, 0x09, 0x89, 0x08, 0x88, 0x08, 0x45, 0x04,
  0x02, 0x00, 0x02, 0x00, 0x02, 0x00, 0x02, 0x00, 0x02, 0x00, 0x02, 0x00,
  0x02, 0x00, 0x02, 0x00, 0x02, 0x00, 0x02, 0x00, 0x02, 0x00, 0x02, 0x00,
  0x02, 0x00, 0x02, 0x00, 0x02, 0x00, 0xdb, 0x0a, 0x02, 0x00, 0x02, 0x00,
  0x02, 0x00, 0x02, 0x00, 0x02, 0x00, 0x02, 0x00, 0x02, 0x00, 0x02, 0x00,
  0x02, 0x00, 0x02, 0x00, 0x02, 0x00, 0x02, 0x00, 0x02, 0x00, 0x02, 0x00,
  0x02, 0x00, 0x02, 0x00, 0x02, 0x00, 0x02, 0x00, 0x02, 0x00, 0x02, 0x00,
  0x02, 0x00, 0x02, 0x00, 0x02, 0x00, 0x02, 0x00, 0x02, 0x00, 0x02, 0x00,
  0x02, 0x00, 0x02, 0x00, 0x02, 0x00, 0x02, 0x00, 0x02, 0x00, 0x02, 0x00,
  0x02, 0x00, 0x02, 0x00, 0x02, 0x00, 0x02, 0x00, 0x02, 0x00, 0x02, 0x00,
  0x02, 0x00, 0x02, 0x00, 0x02, 0x00, 0x02, 0x00, 0x02, 0x00, 0x02, 0x00,
  0x02, 0x00, 0x02, 0x00, 0x02, 0x00, 0x02, 0x00, 0x02, 0x00, 0x02, 0x00,
  0x02, 0x00, 0x02, 0x00, 0x02, 0x00, 0x02, 0x00, 0x02, 0x00, 0x02, 0x00,
  0x02, 0x00, 0x02, 0x00, 0x02, 0x00, 0x02, 0x00, 0x02, 0x00, 0x02, 0x00,
  0x02, 0x00, 0x02, 0x00, 0x02, 0x00, 0x02, 0x00, 0x02, 0x00, 0x02, 0x00,
  0x02, 0x00, 0x02, 0x00, 0x02, 0x00, 0x02, 0x00, 0x02, 0x00, 0x02, 0x00,
  0x02, 0x00, 0x02, 0x00, 0x02, 0x00, 0x02, 0x00, 0x02, 0x00, 0x02, 0x00,
  0x02, 0x00, 0x02, 0x00, 0x02, 0x00, 0x02, 0x00, 0x78, 0x07, 0xee, 0x0e,
  0xee, 0x0d, 0xde, 0x0d, 0xcc, 0x0c, 0x45, 0x03, 0x68, 0x04, 0xbf, 0x06,
  0xcf, 0x09, 0xcf, 0x08, 0xaf, 0x05, 0xaf, 0x05, 0xaf, 0x05, 0x68, 0x04,
  0x45, 0x03, 0x89, 0x08, 0x99, 0x09, 0x89, 0x08, 0x88, 0x08, 0x45, 0x04,
  0x02, 0x00, 0x02, 0x00, 0x02, 0x00, 0x02, 0x00, 0x02, 0x00, 0x02, 0x00,
  0x02, 0x00, 0x02, 0x00, 0x02, 0x00, 0x02, 0x00, 0x02, 0x00, 0x02, 0x00,
  0x02, 0x00, 0x02, 0x00, 0x02, 0x00, 0x02, 0x00, 0x02, 0x00, 0x02, 0x00,
  0x02, 0x00, 0x02, 0x00, 0x02, 0x00, 0x02, 0x00, 0x02, 0x00, 0x02, 0x00,
  0x02, 0x00, 0x02, 0x00, 0x02, 0x00, 0x02, 0x00, 0x02, 0x00, 0x02, 0x00,
  0x02, 0x00, 0x02, 0x00, 0x02, 0x00, 0x02, 0x00, 0x02, 0x00, 0x02, 0x00,
  0x02, 0x00, 0x02, 0x00, 0x02, 0x00, 0x02, 0x00, 0x02, 0x00, 0x02, 0x00,
  0x02, 0x00, 0x02, 0x00, 0x02, 0x00, 0x02, 0x00, 0x02, 0x00, 0x02, 0x00,
  0x02, 0x00, 0x02, 0x00, 0x02, 0x00, 0x02, 0x00, 0x02, 0x00, 0x02, 0x00,
  0x02, 0x00, 0x02, 0x00, 0x02, 0x00, 0x02, 0x00, 0x02, 0x00, 0x02, 0x00,
  0x02, 0x00, 0x02, 0x00, 0x02, 0x00, 0x02, 0x00, 0x02, 0x00, 0x02, 0x00,
  0x02, 0x00, 0x02, 0x00, 0x02, 0x00, 0x02, 0x00, 0x02, 0x00, 0x02, 0x00,
  0x02, 0x00, 0x02, 0x00, 0x02, 0x00, 0x02, 0x00, 0x02, 0x00, 0x02, 0x00,
  0x02, 0x00, 0x02, 0x00, 0x02, 0x00, 0x02, 0x00, 0x02, 0x00, 0x02, 0x00,
  0x02, 0x00, 0x02, 0x00, 0x02, 0x00, 0x02, 0x00, 0x02, 0x00, 0x02, 0x00,
  0x02, 0x00, 0x02, 0x00, 0x02, 0x00, 0x02, 0x00, 0x02, 0x00, 0x02, 0x00,
  0x02, 0x00, 0x02, 0x00, 0x02, 0x00, 0x02, 0x00, 0x78, 0x07, 0xee, 0x0e,
  0xee, 0x0d, 0xde, 0x0d, 0x89, 0x07, 0x45, 0x03, 0x9d, 0x05, 0xdf, 0x0b,
  0xff, 0x0d, 0xef, 0x0d, 0xaf, 0x05, 0xaf, 0x05, 0xaf, 0x05, 0x9d, 0x05,
  0x45, 0x03, 0x67, 0x06, 0x99, 0x09, 0x89, 0x08, 0x88, 0x08, 0x45, 0x04,
  0x02, 0x00, 0x02, 0x00, 0x02, 0x00, 0x02, 0x00, 0x02, 0x00, 0x02, 0x00,
  0x02, 0x00, 0x02, 0x00, 0x02, 0x00, 0x02, 0x00, 0x02, 0x00, 0x02, 0x00,
  0x02, 0x00, 0x02, 0x00, 0x02, 0x00, 0x02, 0x00, 0x02, 0x00, 0x02, 0x00,
  0x02, 0x00, 0x02, 0x00, 0x02, 0x00, 0x02, 0x00, 0x02, 0x00, 0x02, 0x00,
  0x02, 0x00, 0x02, 0x00, 0x02, 0x00, 0x02, 0x00, 0x02, 0x00, 0x02, 0x00,
  0x02, 0x00, 0x02, 0x00, 0x02, 0x00, 0x02, 0x00, 0x02, 0x00, 0x02, 0x00,
  0x02, 0x00, 0x02, 0x00, 0x02, 0x00, 0x02, 0x00, 0x02, 0x00, 0x02, 0x00,
  0x02, 0x00, 0x02, 0x00, 0x02, 0x00, 0x02, 0x00, 0x02, 0x00, 0x02, 0x00,
  0x02, 0x00, 0x02, 0x00, 0x02, 0x00, 0x02, 0x00, 0x02, 0x00, 0x02, 0x00,
  0x02, 0x00, 0x02, 0x00, 0x02, 0x00, 0x02, 0x00, 0x02, 0x00, 0x02, 0x00,
  0x02, 0x00, 0x02, 0x00, 0x02, 0x00, 0x02, 0x00, 0x02, 0x00, 0x02, 0x00,
  0x02, 0x00, 0x02, 0x00, 0x02, 0x00, 0x02, 0x00, 0x02, 0x00, 0x02, 0x00,
  0x02, 0x00, 0x02, 0x00, 0x02, 0x00, 0x02, 0x00, 0x02, 0x00, 0x02, 0x00,
  0x02, 0x00, 0x02, 0x00, 0x02, 0x00, 0x02, 0x00, 0x02, 0x00, 0x02, 0x00,
  0x02, 0x00, 0x02, 0x00, 0x02, 0x00, 0x02, 0x00, 0x02, 0x00, 0x02, 0x00,
  0x02, 0x00, 0x02, 0x00, 0x02, 0x00, 0x02, 0x00, 0x02, 0x00, 0x02, 0x00,
  0x02, 0x00, 0x02, 0x00, 0x02, 0x00, 0x02, 0x00, 0x78, 0x07, 0xee, 0x0e,
  0xee, 0x0d, 0xde, 0x0d, 0x67, 0x06, 0x57, 0x04, 0xaf, 0x05, 0xcf, 0x08,
  0xff, 0x0d, 0xdf, 0x0b, 0xaf, 0x05, 0xaf, 0x05, 0xaf, 0x05, 0xaf, 0x05,
  0x57, 0x04, 0x56, 0x05, 0x99, 0x09, 0x89, 0x08, 0x88, 0x08, 0x45, 0x04,
  0x02, 0x00, 0x02, 0x00, 0x02, 0x00, 0x02, 0x00, 0x02, 0x00, 0x02, 0x00,
  0x02, 0x00, 0x02, 0x00, 0x02, 0x00, 0x02, 0x00, 0x02, 0x00, 0x02, 0x00,
  0x02, 0x00, 0x02, 0x00, 0x02, 0x00, 0x02, 0x00, 0x02, 0x00, 0x02, 0x00,
  0x02, 0x00, 0x02, 0x00, 0x02, 0x00, 0x02, 0x00, 0x02, 0x00, 0x02, 0x00,
  0x02, 0x00, 0x02, 0x00, 0x02, 0x00, 0x02, 0x00, 0x02, 0x00, 0x02, 0x00,
  0x02, 0x00, 0x02, 0x00, 0x02, 0x00, 0x02, 0x00, 0x02, 0x00, 0x02, 0x00,
  0x02, 0x00, 0x02, 0x00, 0x02, 0x00, 0x02, 0x00, 0x02, 0x00, 0x02, 0x00,
  0x02, 0x00, 0x02, 0x00, 0x02, 0x00, 0x02, 0x00, 0x65, 0x04, 0x02, 0x00,
  0x02, 0x00, 0x02, 0x00, 0x02, 0x00, 0x02, 0x00, 0x02, 0x00, 0x02, 0x00,
  0x02, 0x00, 0x02, 0x00, 0x02, 0x00, 0x02, 0x00, 0x02, 0x00, 0x02, 0x00,
  0x02, 0x00, 0x02, 0x00, 0x02, 0x00, 0x02, 0x00, 0x02, 0x00, 0x02, 0x00,
  0x02, 0x00, 0x02, 0x00, 0x02, 0x00, 0x02, 0x00, 0x02, 0x00, 0x02, 0x00,
  0x02, 0x00, 0x02, 0x00, 0x02, 0x00, 0x02, 0x00, 0x02, 0x00, 0x02, 0x00,
  0x02, 0x00, 0x02, 0x00, 0x02, 0x00, 0x02, 0x00, 0x02, 0x00, 0x02, 0x00,
  0x02, 0x00, 0x02, 0x00, 0x02, 0x00, 0x02, 0x00, 0x02, 0x00, 0x02, 0x00,
  0x02, 0x00, 0x02, 0x00, 0x02, 0x00, 0x02, 0x00, 0x02, 0x00, 0x02, 0x00,
  0x02, 0x00, 0x02, 0x00, 0x02, 0x00, 0x02, 0x00, 0x78, 0x07, 0xee, 0x0e,
  0xee, 0x0d, 0xde, 0x0d, 0x67, 0x06, 0x58, 0x04, 0xaf, 0x05, 0xaf, 0x05,
  0xaf, 0x05, 0xaf, 0x05, 0xaf, 0x05, 0xaf, 0x05, 0xaf, 0x05, 0xaf, 0x05,
  0x58, 0x04, 0x56, 0x05, 0x99, 0x09, 0x89, 0x08, 0x88, 0x08, 0x45, 0x04,
  0x02, 0x00, 0x02, 0x00, 0x02, 0x00, 0x02, 0x00, 0x02, 0x00, 0x02, 0x00,
  0x02, 0x00, 0x02, 0x00, 0x02, 0x00, 0x02, 0x00, 0x02, 0x00, 0x02, 0x00,
  0x02, 0x00, 0x02, 0x00, 0x02, 0x00, 0x02, 0x00, 0x02, 0x00, 0x02, 0x00,
  0x02, 0x00, 0x02, 0x00, 0x02, 0x00, 0x02, 0x00, 0x02, 0x00, 0x02, 0x00,
  0x02, 0x00, 0x02, 0x00, 0x02, 0x00, 0x02, 0x00, 0x02, 0x00, 0x02, 0x00,
  0x02, 0x00, 0x02, 0x00, 0x02, 0x00, 0x02, 0x00, 0x02, 0x00, 0x02, 0x00,
  0x02, 0x00, 0x02, 0x00, 0x02, 0x00, 0x02, 0x00, 0x02, 0x00, 0x02, 0x00,
  0x02, 0x00, 0x02, 0x00, 0x02, 0x00, 0x02, 0x00, 0x02, 0x00, 0x02, 0x00,
  0x02, 0x00, 0x02, 0x00, 0x02, 0x00, 0x02, 0x00, 0x02, 0x00, 0x02, 0x00,
  0x02, 0x00, 0x02, 0x00, 0x02, 0x00, 0x02, 0x00, 0x02, 0x00, 0x02, 0x00,
  0x02, 0x00, 0x02, 0x00, 0x02, 0x00, 0x02, 0x00, 0x02, 0x00, 0x02, 0x00,
  0x02, 0x00, 0x02, 0x00, 0x02, 0x00, 0x02, 0x00, 0x02, 0x00, 0x02, 0x00,
  0x02, 0x00, 0x02, 0x00, 0x02, 0x00, 0x02, 0x00, 0x02, 0x00, 0x02, 0x00,
  0x02, 0x00, 0x02, 0x00, 0x02, 0x00, 0x02, 0x00, 0x02, 0x00, 0x02, 0x00,
  0x02, 0x00, 0x02, 0x00, 0x02, 0x00, 0x02, 0x00, 0x02, 0x00, 0x02, 0x00,
  0x02, 0x00, 0x02, 0x00, 0x02, 0x00, 0x02, 0x00, 0x02, 0x00, 0x02, 0x00,
  0x02, 0x00, 0x02, 0x00, 0x02, 0x00, 0x02, 0x00, 0x78, 0x07, 0xee, 0x0e,
  0xee, 0x0d, 0xde, 0x0d, 0x89, 0x07, 0x45, 0x03, 0xae, 0x05, 0xaf, 0x05,
  0xaf, 0x05, 0xaf, 0x05, 0xaf, 0x05, 0xaf, 0x05, 0xaf, 0x05, 0xae, 0x05,
  0x45, 0x03, 0x67, 0x06, 0x99, 0x09, 0x89, 0x08, 0x88, 0x08, 0x45, 0x04,
  0x02, 0x00, 0x02, 0x00, 0x02, 0x00, 0x02, 0x00, 0x02, 0x00, 0x02, 0x00,
  0x02, 0x00, 0x02, 0x00, 0x02, 0x00, 0x02, 0x00, 0x02, 0x00, 0x02, 0x00,
  0x02, 0x00, 0x02, 0x00, 0x02, 0x00, 0x02, 0x00, 0x02, 0x00, 0x02, 0x00,
  0x02, 0x00, 0x02, 0x00, 0x02, 0x00, 0x02, 0x00, 0x02, 0x00, 0x02, 0x00,
  0x02, 0x00, 0x02, 0x00, 0x02, 0x00, 0x02, 0x00, 0x02, 0x00, 0x02, 0x00,
  0x02, 0x00, 0x02, 0x00, 0x02, 0x00, 0x02, 0x00, 0x02, 0x00, 0x02, 0x00,
  0x02, 0x00, 0x02, 0x00, 0x02, 0x00, 0x02, 0x00, 0x02, 0x00, 0x02, 0x00,
  0x02, 0x00, 0x02, 0x00, 0x02, 0x00, 0x02, 0x00, 0x02, 0x00, 0x02, 0x00,
  0x02, 0x00, 0x02, 0x00, 0x02, 0x00, 0x02, 0x00, 0x02, 0x00, 0x02, 0x00,
  0x02, 0x00, 0x02, 0x00, 0x02, 0x00, 0x02, 0x00, 0x02, 0x00, 0x02, 0x00,
  0x02, 0x00, 0x02, 0x00, 0x02, 0x00, 0x02, 0x00, 0x02, 0x00, 0x02, 0x00,
  0x02, 0x00, 0x02, 0x00, 0x02, 0x00, 0x02, 0x00, 0x77, 0x0a, 0x02, 0x00,
  0x02, 0x00, 0x02, 0x00, 0x02, 0x00, 0x02, 0x00, 0x02, 0x00, 0x02, 0x00,
  0x02, 0x00, 0x02, 0x00, 0x02, 0x00, 0x02, 0x00, 0x02, 0x00, 0x02, 0x00,
  0x02, 0x00, 0x02, 0x00, 0x02, 0x00, 0x02, 0x00, 0x02, 0x00, 0x02, 0x00,
  0x02, 0x00, 0x02, 0x00, 0x02, 0x00, 0x02, 0x00, 0x02, 0x00, 0x02, 0x00,
  0x02, 0x00, 0x02, 0x00, 0x02, 0x00, 0x02, 0x00, 0x78, 0x07, 0xee, 0x0e,
  0xee, 0x0d, 0xde, 0x0d, 0xbb, 0x0a, 0x45, 0x03, 0x7a, 0x04, 0xaf, 0x05,
  0xaf, 0x05, 0xaf, 0x05, 0xaf, 0x05, 0xaf, 0x05, 0xaf, 0x05, 0x7a, 0x04,
  0x45, 0x03, 0x88, 0x08, 0x99, 0x09, 0x89, 0x08, 0x88, 0x08, 0x45, 0x04,
  0x02, 0x00, 0x02, 0x00, 0x02, 0x00, 0x02, 0x00, 0x02, 0x00, 0x02, 0x00,
  0x02, 0x00, 0x02, 0x00, 0x02, 0x00, 0x02, 0x00, 0x02, 0x00, 0x02, 0x00,
  0x02, 0x00, 0x02, 0x00, 0x02, 0x00, 0x02, 0x00, 0x02, 0x00, 0x02, 0x00,
  0x02, 0x00, 0x02, 0x00, 0x02, 0x00, 0x02, 0x00, 0x02, 0x00, 0x02, 0x00,
  0x02, 0x00, 0x02, 0x00, 0x02, 0x00, 0x02, 0x00, 0x02, 0x00, 0x02, 0x00,
  0x02, 0x00, 0x02, 0x00, 0x02, 0x00, 0x02, 0x00, 0x02, 0x00, 0x02, 0x00,
  0x02, 0x00, 0x02, 0x00, 0x02, 0x00, 0x02, 0x00, 0x02, 0x00, 0x02, 0x00,
  0x02, 0x00, 0x02, 0x00, 0x02, 0x00, 0x02, 0x00, 0x02, 0x00, 0x02, 0x00,
  0x02, 0x00, 0x02, 0x00, 0x02, 0x00, 0x02, 0x00, 0x02, 0x00, 0x02, 0x00,
  0x02, 0x00, 0x02, 0x00, 0x02, 0x00, 0x02, 0x00, 0x02, 0x00, 0x02, 0x00,
  0x02, 0x00, 0x02, 0x00, 0x02, 0x00, 0x02, 0x00, 0x02, 0x00, 0x02, 0x00,
  0x02, 0x00, 0x02, 0x00, 0x02, 0x00, 0x02, 0x00, 0x02, 0x00, 0x02, 0x00,
  0x02, 0x00, 0x02, 0x00, 0x02, 0x00, 0x02, 0x00, 0x02, 0x00, 0x02, 0x00,
  0x02, 0x00, 0x02, 0x00, 0x02, 0x00, 0x02, 0x00, 0x02, 0x00, 0x02, 0x00,
  0x02, 0x00, 0x02, 0x00, 0x02, 0x00, 0x02, 0x00, 0x02, 0x00, 0x02, 0x00,
  0x02, 0x00, 0x02, 0x00, 0x02, 0x00, 0x02, 0x00, 0x02, 0x00, 0x02, 0x00,
  0x02, 0x00, 0x02, 0x00, 0x02, 0x00, 0x02, 0x00, 0x78, 0x07, 0xee, 0x0e,
  0xee, 0x0d, 0xde, 0x0d, 0xdd, 0x0d, 0x78, 0x07, 0x45, 0x03, 0x7a, 0x04,
  0xae, 0x05, 0xaf, 0x05, 0xaf, 0x05, 0xae, 0x05, 0x7a, 0x04, 0x45, 0x03,
  0x67, 0x06, 0x99, 0x09, 0x99, 0x09, 0x89, 0x08, 0x88, 0x08, 0x45, 0x04,
  0x02, 0x00, 0x02, 0x00, 0x02, 0x00, 0x02, 0x00, 0x02, 0x00, 0x02, 0x00,
  0x02, 0x00, 0x02, 0x00, 0x02, 0x00, 0x02, 0x00, 0x02, 0x00, 0x02, 0x00,
  0x02, 0x00, 0x02, 0x00, 0x02, 0x00, 0x02, 0x00, 0x02, 0x00, 0x02, 0x00,
  0x02, 0x00, 0x02, 0x00, 0x02, 0x00, 0x02, 0x00, 0x02, 0x00, 0x02, 0x00,
  0x02, 0x00, 0x02, 0x00, 0x02, 0x00, 0x02, 0x00, 0x02, 0x00, 0x02, 0x00,
  0x02, 0x00, 0x02, 0x00, 0x02, 0x00, 0x02, 0x00, 0x02, 0x00, 0x02, 0x00,
  0x02, 0x00, 0x02, 0x00, 0x02, 0x00, 0x02, 0x00, 0x02, 0x00, 0x02, 0x00,
  0x02, 0x00, 0x02, 0x00, 0x02, 0x00, 0x02, 0x00, 0x02, 0x00, 0x02, 0x00,
  0x02, 0x00, 0x02, 0x00, 0x02, 0x00, 0x02, 0x00, 0x02, 0x00, 0x02, 0x00,
  0x02, 0x00, 0x02, 0x00, 0x02, 0x00, 0x02, 0x00, 0x02, 0x00, 0x02, 0x00,
  0x02, 0x00, 0x02, 0x00, 0x02, 0x00, 0x02, 0x00, 0x02, 0x00, 0x02, 0x00,
  0x02, 0x00, 0x02, 0x00, 0x02, 0x00, 0x02, 0x00, 0x02, 0x00, 0x02, 0x00,
  0x02, 0x00, 0x02, 0x00, 0x02, 0x00, 0x02, 0x00, 0x02, 0x00, 0x02, 0x00,
  0x02, 0x00, 0x02, 0x00, 0x02, 0x00, 0x02, 0x00, 0x02, 0x00, 0x02, 0x00,
  0x02, 0x00, 0x02, 0x00, 0x02, 0x00, 0x02, 0x00, 0x02, 0x00, 0x02, 0x00,
  0x02, 0x00, 0x02, 0x00, 0x02, 0x00, 0x02, 0x00, 0x02, 0x00, 0x02, 0x00,
  0x02, 0x00, 0x02, 0x00, 0x02, 0x00, 0x02, 0x00, 0x78, 0x07, 0xee, 0x0e,
  0xee, 0x0d, 0xde, 0x0d, 0xdd, 0x0d, 0xdd, 0x0c, 0x78, 0x07, 0x45, 0x03,
  0x46, 0x03, 0x58, 0x04, 0x58, 0x04, 0x46, 0x03, 0x45, 0x03, 0x67, 0x06,
  0x9a, 0x09, 0x99, 0x09, 0x99, 0x09, 0x89, 0x08, 0x88, 0x08, 0x45, 0x04,
  0x02, 0x00, 0x02, 0x00, 0x02, 0x00, 0x02, 0x00, 0x02, 0x00, 0x02, 0x00,
  0x02, 0x00, 0x02, 0x00, 0x02, 0x00, 0x02, 0x00, 0x02, 0x00, 0x02, 0x00,
  0x02, 0x00, 0x02, 0x00, 0x02, 0x00, 0x02, 0x00, 0x02, 0x00, 0x02, 0x00,
  0x02, 0x00, 0x02, 0x00, 0x02, 0x00, 0x02, 0x00, 0x02, 0x00, 0x02, 0x00,
  0x02, 0x00, 0x02, 0x00, 0x02, 0x00, 0x02, 0x00, 0x02, 0x00, 0x02, 0x00,
  0x02, 0x00, 0x02, 0x00, 0x02, 0x00, 0x02, 0x00, 0x02, 0x00, 0x02, 0x00,
  0x02, 0x00, 0x02, 0x00, 0x02, 0x00, 0x02, 0x00, 0x02, 0x00, 0x02, 0x00,
  0x02, 0x00, 0x02, 0x00, 0x02, 0x00, 0x02, 0x00, 0x02, 0x00, 0x02, 0x00,
  0x02, 0x00, 0x02, 0x00, 0x02, 0x00, 0x02, 0x00, 0x02, 0x00, 0x02, 0x00,
  0x02, 0x00, 0x02, 0x00, 0x02, 0x00, 0x02, 0x00, 0x02, 0x00, 0x02, 0x00,
  0x02, 0x00, 0x02, 0x00, 0x02, 0x00, 0x02, 0x00, 0x02, 0x00, 0x02, 0x00,
  0x02, 0x00, 0x02, 0x00, 0x02, 0x00, 0x02, 0x00, 0x02, 0x00, 0x02, 0x00,
  0x02, 0x00, 0x02, 0x00, 0x02, 0x00, 0x02, 0x00, 0x02, 0x00, 0x02, 0x00,
  0x02, 0x00, 0x02, 0x00, 0x02, 0x00, 0x02, 0x00, 0x02, 0x00, 0x02, 0x00,
  0x02, 0x00, 0x02, 0x00, 0x02, 0x00, 0x02, 0x00, 0x02, 0x00, 0x02, 0x00,
  0x02, 0x00, 0x02, 0x00, 0x02, 0x00, 0x02, 0x00, 0x02, 0x00, 0x02, 0x00,
  0x02, 0x00, 0x02, 0x00, 0x02, 0x00, 0x02, 0x00, 0x78, 0x07, 0xee, 0x0e,
  0xee, 0x0d, 0xde, 0x0d, 0xdd, 0x0d, 0xdd, 0x0c, 0xcd, 0x0c, 0xab, 0x0a,
  0x78, 0x06, 0x67, 0x05, 0x67, 0x05, 0x67, 0x06, 0x99, 0x08, 0xaa, 0x0a,
  0x9a, 0x09, 0x99, 0x09, 0x99, 0x09, 0x89, 0x08, 0x88, 0x08, 0x45, 0x04,
  0x02, 0x00, 0x02, 0x00, 0x02, 0x00, 0x02, 0x00, 0x02, 0x00, 0x02, 0x00,
  0x02, 0x00, 0x02, 0x00, 0x02, 0x00, 0x02, 0x00, 0x02, 0x00, 0x02, 0x00,
  0x02, 0x00, 0x02, 0x00, 0x02, 0x00, 0x02, 0x00, 0x02, 0x00, 0x02, 0x00,
  0x02, 0x00, 0x02, 0x00, 0x02, 0x00, 0x02, 0x00, 0x02, 0x00, 0xcc, 0x0c,
  0x02, 0x00, 0x02, 0x00, 0x02, 0x00, 0x02, 0x00, 0x02, 0x00, 0x02, 0x00,
  0x02, 0x00, 0x02, 0x00, 0x02, 0x00, 0x02, 0x00, 0x02, 0x00, 0x02, 0x00,
  0x02, 0x00, 0x02, 0x00, 0x02, 0x00, 0x02, 0x00, 0x02, 0x00, 0x02, 0x00,
  0x02, 0x00, 0x02, 0x00, 0x02, 0x00, 0x02, 0x00, 0x02, 0x00, 0x02, 0x00,
  0x02, 0x00, 0x02, 0x00, 0x02, 0x00, 0x02, 0x00, 0x02, 0x00, 0x02, 0x00,
  0x02, 0x00, 0x02, 0x00, 0x02, 0x00, 0x02, 0x00, 0x02, 0x00, 0x02, 0x00,
  0x02, 0x00, 0x02, 0x00, 0x02, 0x00, 0x02, 0x00, 0x02, 0x00, 0x02, 0x00,
  0x02, 0x00, 0x02, 0x00, 0x02, 0x00, 0x02, 0x00, 0x02, 0x00, 0x02, 0x00,
  0x02, 0x00, 0x02, 0x00, 0x02, 0x00, 0x02, 0x00, 0x02, 0x00, 0x02, 0x00,
  0x02, 0x00, 0x02, 0x00, 0x02, 0x00, 0x02, 0x00, 0x02, 0x00, 0x02, 0x00,
  0x02, 0x00, 0x02, 0x00, 0x02, 0x00, 0x02, 0x00, 0x02, 0x00, 0x02, 0x00,
  0x02, 0x00, 0x02, 0x00, 0x02, 0x00, 0x02, 0x00, 0x02, 0x00, 0x02, 0x00,
  0x02, 0x00, 0x02, 0x00, 0x02, 0x00, 0x02, 0x00, 0x78, 0x07, 0xee, 0x0e,
  0xee, 0x0d, 0xde, 0x0d, 0xdd, 0x0d, 0xdd, 0x0c, 0xcd, 0x0c, 0xcc, 0x0c,
  0xcc, 0x0b, 0xbc, 0x0b, 0xbb, 0x0b, 0xbb, 0x0a, 0xab, 0x0a, 0xaa, 0x0a,
  0x9a, 0x09, 0x99, 0x09, 0x99, 0x09, 0x89, 0x08, 0x88, 0x08, 0x45, 0x04,
  0x02, 0x00, 0x02, 0x00, 0x02, 0x00, 0x02, 0x00, 0x02, 0x00, 0x02, 0x00,
  0x02, 0x00, 0x02, 0x00, 0x02, 0x00, 0x02, 0x00, 0x02, 0x00, 0x02, 0x00,
  0x02, 0x00, 0x02, 0x00, 0x02, 0x00, 0x02, 0x00, 0x02, 0x00, 0x02, 0x00,
  0x02, 0x00, 0x02, 0x00, 0x02, 0x00, 0x02, 0x00, 0x02, 0x00, 0x02, 0x00,
  0x02, 0x00, 0x02, 0x00, 0x02, 0x00, 0x02, 0x00, 0x02, 0x00, 0x02, 0x00,
  0x02, 0x00, 0x02, 0x00, 0x02, 0x00, 0x02, 0x00, 0x02, 0x00, 0x02, 0x00,
  0x02, 0x00, 0x02, 0x00, 0x02, 0x00, 0x02, 0x00, 0x02, 0x00, 0x02, 0x00,
  0x02, 0x00, 0x02, 0x00, 0x02, 0x00, 0x02, 0x00, 0x02, 0x00, 0x02, 0x00,
  0x02, 0x00, 0x02, 0x00, 0x02, 0x00, 0x02, 0x00, 0x02, 0x00, 0x02, 0x00,
  0x02, 0x00, 0x02, 0x00, 0x02, 0x00, 0x02, 0x00, 0x02, 0x00, 0x02, 0x00,
  0x02, 0x00, 0x02, 0x00, 0x02, 0x00, 0x02, 0x00, 0x02, 0x00, 0x02, 0x00,
  0x02, 0x00, 0x02, 0x00, 0x02, 0x00, 0x02, 0x00, 0x02, 0x00, 0x02, 0x00,
  0x02, 0x00, 0x02, 0x00, 0x02, 0x00, 0x02, 0x00, 0x02, 0x00, 0x02, 0x00,
  0x02, 0x00, 0x02, 0x00, 0x02, 0x00, 0x02, 0x00, 0x02, 0x00, 0x02, 0x00,
  0x02, 0x00, 0x02, 0x00, 0x02, 0x00, 0x02, 0x00, 0x02, 0x00, 0x02, 0x00,
  0x02, 0x00, 0x02, 0x00, 0x02, 0x00, 0x02, 0x00, 0x02, 0x00, 0x02, 0x00,
  0x02, 0x00, 0x02, 0x00, 0x02, 0x00, 0x02, 0x00, 0x78, 0x07, 0xee, 0x0e,
  0xee, 0x0d, 0xde, 0x0d, 0xdd, 0x0d, 0xdd, 0x0c, 0xcd, 0x0c, 0xcc, 0x0c,
  0xcc, 0x0b, 0xbc, 0x0b, 0xbb, 0x0b, 0xbb, 0x0a, 0xab, 0x0a, 0xaa, 0x0a,
  0x9a, 0x09, 0x99, 0x09, 0x99, 0x09, 0x89, 0x08, 0x88, 0x08, 0x45, 0x04,
  0x02, 0x00, 0x02, 0x00, 0x02, 0x00, 0x02, 0x00, 0x02, 0x00, 0x02, 0x00,
  0x02, 0x00, 0x02, 0x00, 0x02, 0x00, 0x02, 0x00, 0x02, 0x00, 0x02, 0x00,
  0x02, 0x00, 0x02, 0x00, 0x02, 0x00, 0x02, 0x00, 0x02, 0x00, 0x02, 0x00,
  0x02, 0x00, 0x02, 0x00, 0x02, 0x00, 0x02, 0x00, 0x02, 0x00, 0x02, 0x00,
  0x02, 0x00, 0x02, 0x00, 0x02, 0x00, 0x02, 0x00, 0x02, 0x00, 0x02, 0x00,
  0x02, 0x00, 0x02, 0x00, 0x02, 0x00, 0x02, 0x00, 0x02, 0x00, 0x02, 0x00,
  0x02, 0x00, 0x02, 0x00, 0x02, 0x00, 0x02, 0x00, 0x02, 0x00, 0x02, 0x00,
  0x02, 0x00, 0x02, 0x00, 0x02, 0x00, 0x02, 0x00, 0x02, 0x00, 0x02, 0x00,
  0x02, 0x00, 0x02, 0x00, 0x02, 0x00, 0x02, 0x00, 0x02, 0x00, 0x02, 0x00,
  0x02, 0x00, 0x02, 0x00, 0x02, 0x00, 0x02, 0x00, 0x02, 0x00, 0x02, 0x00,
  0x02, 0x00, 0x02, 0x00, 0x02, 0x00, 0x02, 0x00, 0x02, 0x00, 0x02, 0x00,
  0x02, 0x00, 0x02, 0x00, 0x02, 0x00, 0x02, 0x00, 0x02, 0x00, 0x02, 0x00,
  0x02, 0x00, 0x02, 0x00, 0x02, 0x00, 0x02, 0x00, 0x02, 0x00, 0x02, 0x00,
  0x02, 0x00, 0x02, 0x00, 0x02, 0x00, 0x02, 0x00, 0x02, 0x00, 0x02, 0x00,
  0x02, 0x00, 0x02, 0x00, 0x02, 0x00, 0x02, 0x00, 0x02, 0x00, 0x02, 0x00,
  0x02, 0x00, 0x02, 0x00, 0x02, 0x00, 0x02, 0x00, 0x02, 0x00, 0x02, 0x00,
  0x02, 0x00, 0x02, 0x00, 0x02, 0x00, 0x02, 0x00, 0x78, 0x07, 0xee, 0x0e,
  0xee, 0x0d, 0xde, 0x0d, 0xdd, 0x0d, 0xdd, 0x0c, 0xcd, 0x0c, 0xcc, 0x0c,
  0xcc, 0x0b, 0xbc, 0x0b, 0xbb, 0x0b, 0xbb, 0x0a, 0xab, 0x0a, 0xaa, 0x0a,
  0x9a, 0x09, 0x99, 0x09, 0x99, 0x09, 0x89, 0x08, 0x88, 0x08, 0x45, 0x04,
  0x02, 0x00, 0x02, 0x00, 0x02, 0x00, 0x02, 0x00, 0x02, 0x00, 0x02, 0x00,
  0x02, 0x00, 0x02, 0x00, 0x02, 0x00, 0x02, 0x00, 0x02, 0x00, 0x02, 0x00,
  0x02, 0x00, 0x02, 0x00, 0x02, 0x00, 0x02, 0x00, 0x02, 0x00, 0x02, 0x00,
  0x02, 0x00, 0x02, 0x00, 0x02, 0x00, 0x02, 0x00, 0x02, 0x00, 0x02, 0x00,
  0x02, 0x00, 0x02, 0x00, 0x02, 0x00, 0x02, 0x00, 0x02, 0x00, 0x02, 0x00,
  0x02, 0x00, 0x02, 0x00, 0x02, 0x00, 0x02, 0x00, 0x02, 0x00, 0x02, 0x00,
  0x02, 0x00, 0x02, 0x00, 0x02, 0x00, 0x02, 0x00, 0x02, 0x00, 0x02, 0x00,
  0x02, 0x00, 0x02, 0x00, 0x02, 0x00, 0x02, 0x00, 0x02, 0x00, 0x02, 0x00,
  0x02, 0x00, 0x02, 0x00, 0x02, 0x00, 0x02, 0x00, 0x02, 0x00, 0x02, 0x00,
  0x02, 0x00, 0x02, 0x00, 0x02, 0x00, 0x02, 0x00, 0x02, 0x00, 0x02, 0x00,
  0x02, 0x00, 0x02, 0x00, 0x02, 0x00, 0x02, 0x00, 0x02, 0x00, 0x02, 0x00,
  0x02, 0x00, 0x02, 0x00, 0x02, 0x00, 0x02, 0x00, 0x02, 0x00, 0x02, 0x00,
  0x02, 0x00, 0x02, 0x00, 0x02, 0x00, 0x02, 0x00, 0x02, 0x00, 0x02, 0x00,
  0x02, 0x00, 0x02, 0x00, 0x02, 0x00, 0x02, 0x00, 0x02, 0x00, 0x02, 0x00,
  0x02, 0x00, 0x02, 0x00, 0x02, 0x00, 0x02, 0x00, 0x02, 0x00, 0x02, 0x00,
  0x02, 0x00, 0x02, 0x00, 0x02, 0x00, 0x02, 0x00, 0x02, 0x00, 0x02, 0x00,
  0x02, 0x00, 0x02, 0x00, 0x02, 0x00, 0x02, 0x00, 0x78, 0x07, 0xee, 0x0e,
  0xee, 0x0d, 0xde, 0x0d, 0xdd, 0x0d, 0xdd, 0x0c, 0xcd, 0x0c, 0xcc, 0x0c,
  0xcc, 0x0b, 0xbc, 0x0b, 0xbb, 0x0b, 0xbb, 0x0a, 0xab, 0x0a, 0xaa, 0x0a,
  0x9a, 0x09, 0x99, 0x09, 0x99, 0x09, 0x89, 0x08, 0x88, 0x08, 0x45, 0x04,
  0x02, 0x00, 0x02, 0x00, 0x02, 0x00, 0x02, 0x00, 0x02, 0x00, 0x02, 0x00,
  0x02, 0x00, 0x02, 0x00, 0x02, 0x00, 0x02, 0x00, 0x02, 0x00, 0x02, 0x00,
  0x02, 0x00, 0x02, 0x00, 0x02, 0x00, 0x02, 0x00, 0x02, 0x00, 0x02, 0x00,
  0x02, 0x00, 0x02, 0x00, 0x02, 0x00, 0x02, 0x00, 0x02, 0x00, 0x02, 0x00,
  0x02, 0x00, 0x02, 0x00, 0x02, 0x00, 0x02, 0x00, 0x02, 0x00, 0x02, 0x00,
  0x02, 0x00, 0x02, 0x00, 0x02, 0x00, 0x02, 0x00, 0x02, 0x00, 0x02, 0x00,
  0x02, 0x00, 0x02, 0x00, 0x02, 0x00, 0x02, 0x00, 0x02, 0x00, 0x02, 0x00,
  0x02, 0x00, 0x02, 0x00, 0x02, 0x00, 0x02, 0x00, 0x02, 0x00, 0x02, 0x00,
  0x02, 0x00, 0x02, 0x00, 0x02, 0x00, 0x02, 0x00, 0x02, 0x00, 0x02, 0x00,
  0x02, 0x00, 0x02, 0x00, 0x02, 0x00, 0x02, 0x00, 0x02, 0x00, 0x02, 0x00,
  0x02, 0x00, 0x02, 0x00, 0x02, 0x00, 0x02, 0x00, 0x02, 0x00, 0x02, 0x00,
  0x02, 0x00, 0x02, 0x00, 0x02, 0x00, 0x02, 0x00, 0x02, 0x00, 0x02, 0x00,
  0x02, 0x00, 0x02, 0x00, 0x02, 0x00, 0x02, 0x00, 0x02, 0x00, 0x02, 0x00,
  0x02, 0x00, 0x02, 0x00, 0x02, 0x00, 0x02, 0x00, 0x02, 0x00, 0x02, 0x00,
  0x02, 0x00, 0x02, 0x00, 0x02, 0x00, 0x02, 0x00, 0x02, 0x00, 0x02, 0x00,
  0x02, 0x00, 0x02, 0x00, 0x02, 0x00, 0x02, 0x00, 0x02, 0x00, 0x02, 0x00,
  0x02, 0x00, 0x02, 0x00, 0x02, 0x00, 0x02, 0x00, 0x78, 0x07, 0xee, 0x0e,
  0xee, 0x0d, 0xde, 0x0d, 0xdd, 0x0d, 0xdd, 0x0c, 0xcd, 0x0c, 0xcc, 0x0c,
  0xcc, 0x0b, 0xbc, 0x0b, 0xbb, 0x0b, 0xbb, 0x0a, 0xab, 0x0a, 0xaa, 0x0a,
  0x9a, 0x09, 0x99, 0x09, 0x99, 0x09, 0x89, 0x08, 0x88, 0x08, 0x45, 0x04,
  0x02, 0x00, 0x02, 0x00, 0x02, 0x00, 0x02, 0x00, 0x02, 0x00, 0x02, 0x00,
  0x02, 0x00, 0x02, 0x00, 0x02, 0x00, 0x02, 0x00, 0x02, 0x00, 0x02, 0x00,
  0x02, 0x00, 0x02, 0x00, 0x02, 0x00, 0x02, 0x00, 0x02, 0x00, 0x02, 0x00,
  0x02, 0x00, 0x02, 0x00, 0x02, 0x00, 0x02, 0x00, 0x02, 0x00, 0x02, 0x00,
  0x02, 0x00, 0x02, 0x00, 0x75, 0x05, 0x02, 0x00, 0x02, 0x00, 0x02, 0x00,
  0x02, 0x00, 0x02, 0x00, 0x02, 0x00, 0x02, 0x00, 0x02, 0x00, 0x02, 0x00,
  0x02, 0x00, 0x02, 0x00, 0x02, 0x00, 0x02, 0x00, 0x02, 0x00, 0x02, 0x00,
  0x02, 0x00, 0x02, 0x00, 0x02, 0x00, 0x02, 0x00, 0x02, 0x00, 0x02, 0x00,
  0x02, 0x00, 0x02, 0x00, 0x02, 0x00, 0x02, 0x00, 0x02, 0x00, 0x02, 0x00,
  0x02, 0x00, 0x02, 0x00, 0x02, 0x00, 0x02, 0x00, 0x02, 0x00, 0x02, 0x00,
  0x02, 0x00, 0x02, 0x00, 0x02, 0x00, 0x02, 0x00, 0x02, 0x00, 0x02, 0x00,
  0x02, 0x00, 0x02, 0x00, 0x02, 0x00, 0x02, 0x00, 0x02, 0x00, 0x02, 0x00,
  0x02, 0x00, 0x02, 0x00, 0x02, 0x00, 0x02, 0x00, 0x02, 0x00, 0x02, 0x00,
  0x02, 0x00, 0x02, 0x00, 0x02, 0x00, 0x02, 0x00, 0x97, 0x07, 0x02, 0x00,
  0x02, 0x00, 0x02, 0x00, 0x02, 0x00, 0x02, 0x00, 0x02, 0x00, 0x02, 0x00,
  0x02, 0x00, 0x02, 0x00, 0x02, 0x00, 0x02, 0x00, 0x02, 0x00, 0x02, 0x00,
  0x02, 0x00, 0x02, 0x00, 0x02, 0x00, 0x02, 0x00, 0x78, 0x07, 0xee, 0x0e,
  0xee, 0x0d, 0xde, 0x0d, 0xdd, 0x0d, 0xdd, 0x0c, 0xcd, 0x0c, 0xcc, 0x0c,
  0xcc, 0x0b, 0xbc, 0x0b, 0xbb, 0x0b, 0xbb, 0x0a, 0xab, 0x0a, 0xaa, 0x0a,
  0x9a, 0x09, 0x99, 0x09, 0x99, 0x09, 0x89, 0x08, 0x88, 0x08, 0x45, 0x04,
  0x02, 0x00, 0x02, 0x00, 0x02, 0x00, 0x02, 0x00, 0x02, 0x00, 0x02, 0x00,
  0x02, 0x00, 0x02, 0x00, 0x02, 0x00, 0x02, 0x00, 0x02, 0x00, 0x02, 0x00,
  0x02, 0x00, 0x02, 0x00, 0x02, 0x00, 0x02, 0x00, 0x97, 0x06, 0x02, 0x00,
  0x02, 0x00, 0x02, 0x00, 0x02, 0x00, 0x02, 0x00, 0x02, 0x00, 0x02, 0x00,
  0x02, 0x00, 0x02, 0x00, 0x02, 0x00, 0x02, 0x00, 0x02, 0x00, 0x02, 0x00,
  0x02, 0x00, 0x02, 0x00, 0x02, 0x00, 0x02, 0x00, 0x02, 0x00, 0x02, 0x00,
  0x02, 0x00, 0x02, 0x00, 0x02, 0x00, 0x02, 0x00, 0x02, 0x00, 0x02, 0x00,
  0x02, 0x00, 0x02, 0x00, 0x02, 0x00, 0x02, 0x00, 0x02, 0x00, 0x02, 0x00,
  0x02, 0x00, 0x02, 0x00, 0x02, 0x00, 0x02, 0x00, 0x02, 0x00, 0x02, 0x00,
  0x02, 0x00, 0x02, 0x00, 0x02, 0x00, 0x02, 0x00, 0x02, 0x00, 0x02, 0x00,
  0x02, 0x00, 0x02, 0x00, 0x02, 0x00, 0x02, 0x00, 0x02, 0x00, 0x02, 0x00,
  0x02, 0x00, 0x02, 0x00, 0x02, 0x00, 0x02, 0x00, 0x02, 0x00, 0x02, 0x00,
  0x02, 0x00, 0x02, 0x00, 0x02, 0x00, 0x02, 0x00, 0x02, 0x00, 0x02, 0x00,
  0x02, 0x00, 0x02, 0x00, 0x02, 0x00, 0x02, 0x00, 0x02, 0x00, 0x02, 0x00,
  0x02, 0x00, 0x02, 0x00, 0x02, 0x00, 0x02, 0x00, 0x02, 0x00, 0x02, 0x00,
  0x02, 0x00, 0x02, 0x00, 0x02, 0x00, 0x02, 0x00, 0x02, 0x00, 0x02, 0x00,
  0x02, 0x00, 0x02, 0x00, 0x02, 0x00, 0x02, 0x01, 0x89, 0x0c, 0xee, 0x0e,
  0xee, 0x0d, 0xde, 0x0d, 0xdd, 0x0d, 0xdd, 0x0c, 0xcd, 0x0c, 0xcc, 0x0c,
  0xcc, 0x0b, 0xbc, 0x0b, 0xbb, 0x0b, 0xbb, 0x0a, 0xab, 0x0a, 0xaa, 0x0a,
  0x9a, 0x09, 0x99, 0x09, 0x99, 0x09, 0x89, 0x08, 0x88, 0x08, 0x55, 0x09,
  0x02, 0x01, 0x02, 0x00, 0x02, 0x00, 0x02, 0x00, 0x02, 0x00, 0x02, 0x00,
  0x02, 0x00, 0x02, 0x00, 0x02, 0x00, 0x02, 0x00, 0x02, 0x00, 0x02, 0x00,
  0x02, 0x00, 0x02, 0x00, 0x02, 0x00, 0x02, 0x00, 0x02, 0x00, 0x02, 0x00,
  0x02, 0x00, 0x02, 0x00, 0x02, 0x00, 0x02, 0x00, 0x02, 0x00, 0x02, 0x00,
  0x02, 0x00, 0x02, 0x00, 0x02, 0x00, 0x02, 0x00, 0x02, 0x00, 0x02, 0x00,
  0x02, 0x00, 0x02, 0x00, 0x02, 0x00, 0x02, 0x00, 0x02, 0x00, 0x02, 0x00,
  0x02, 0x00, 0x02, 0x00, 0x02, 0x00, 0x02, 0x00, 0x02, 0x00, 0x02, 0x00,
  0x02, 0x00, 0x02, 0x00, 0x02, 0x00, 0x02, 0x00, 0x02, 0x00, 0x02, 0x00,
  0x02, 0x00, 0x02, 0x00, 0x02, 0x00, 0x02, 0x00, 0x02, 0x00, 0x02, 0x00,
  0x02, 0x00, 0x02, 0x00, 0x02, 0x00, 0x02, 0x00, 0x02, 0x00, 0x02, 0x00,
  0x02, 0x00, 0x02, 0x00, 0x02, 0x00, 0x02, 0x00, 0x02, 0x00, 0x02, 0x00,
  0x02, 0x00, 0x02, 0x00, 0x02, 0x00, 0x02, 0x00, 0x02, 0x00, 0x02, 0x00,
  0x02, 0x00, 0x02, 0x00, 0x02, 0x00, 0x02, 0x00, 0x02, 0x00, 0x02, 0x00,
  0x02, 0x00, 0x02, 0x00, 0x02, 0x00, 0x02, 0x00, 0x86, 0x06, 0x02, 0x00,
  0x02, 0x00, 0x02, 0x00, 0x02, 0x00, 0x02, 0x00, 0x02, 0x00, 0x02, 0x00,
  0x02, 0x00, 0x02, 0x00, 0x02, 0x00, 0x02, 0x00, 0x02, 0x00, 0x02, 0x00,
  0x02, 0x00, 0x02, 0x00, 0x02, 0x00, 0x12, 0x06, 0x89, 0x0d, 0xee, 0x0e,
  0xee, 0x0d, 0xde, 0x0d, 0xdd, 0x0d, 0xdd, 0x0c, 0xcd, 0x0c, 0xcc, 0x0c,
  0xcc, 0x0b, 0xbc, 0x0b, 0xbb, 0x0b, 0xbb, 0x0a, 0xab, 0x0a, 0xaa, 0x0a,
  0x9a, 0x09, 0x99, 0x09, 0x99, 0x09, 0x89, 0x08, 0x88, 0x08, 0x55, 0x0a,
  0x12, 0x06, 0x02, 0x00, 0x02, 0x00, 0x02, 0x00, 0x02, 0x00, 0x02, 0x00,
  0x02, 0x00, 0x02, 0x00, 0x02, 0x00, 0x02, 0x00, 0x02, 0x00, 0x02, 0x00,
  0x02, 0x00, 0x02, 0x00, 0x02, 0x00, 0x02, 0x00, 0x02, 0x00, 0x02, 0x00,
  0x02, 0x00, 0x02, 0x00, 0x02, 0x00, 0x02, 0x00, 0x02, 0x00, 0x02, 0x00,
  0x02, 0x00, 0x02, 0x00, 0x02, 0x00, 0x02, 0x00, 0x02, 0x00, 0x02, 0x00,
  0x02, 0x00, 0x02, 0x00, 0x02, 0x00, 0x02, 0x00, 0x02, 0x00, 0x02, 0x00,
  0x02, 0x00, 0x02, 0x00, 0x02, 0x00, 0x02, 0x00, 0x02, 0x00, 0x02, 0x00,
  0x02, 0x00, 0x02, 0x00, 0x02, 0x00, 0x02, 0x00, 0x02, 0x00, 0x02, 0x00,
  0x02, 0x00, 0x02, 0x00, 0x02, 0x00, 0x66, 0x06, 0x02, 0x00, 0x02, 0x00,
  0x02, 0x00, 0x02, 0x00, 0x02, 0x00, 0x02, 0x00, 0x02, 0x00, 0x02, 0x00,
  0x02, 0x00, 0x02, 0x00, 0x02, 0x00, 0x02, 0x00, 0x02, 0x00, 0x02, 0x00,
  0x02, 0x00, 0x02, 0x00, 0x02, 0x00, 0x02, 0x00, 0x02, 0x00, 0x02, 0x00,
  0x02, 0x00, 0x02, 0x00, 0x02, 0x00, 0x02, 0x00, 0x02, 0x00, 0x02, 0x00,
  0x02, 0x00, 0x02, 0x00, 0x02, 0x00, 0x02, 0x00, 0x02, 0x00, 0x02, 0x00,
  0x02, 0x00, 0x02, 0x00, 0x02, 0x00, 0x02, 0x00, 0x02, 0x00, 0x02, 0x00,
  0x02, 0x00, 0x02, 0x00, 0x02, 0x00, 0x02, 0x00, 0x02, 0x00, 0x02, 0x00,
  0x02, 0x00, 0x02, 0x00, 0x02, 0x01, 0x23, 0x0c, 0x89, 0x0d, 0xee, 0x0e,
  0xee, 0x0d, 0xde, 0x0d, 0xdd, 0x0d, 0xdd, 0x0c, 0xcd, 0x0c, 0xcc, 0x0c,
  0xcc, 0x0b, 0xbc, 0x0b, 0xbb, 0x0b, 0xbb, 0x0a, 0xab, 0x0a, 0xaa, 0x0a,
  0x9a, 0x09, 0x99, 0x09, 0x99, 0x09, 0x89, 0x08, 0x88, 0x08, 0x55, 0x0a,
  0x23, 0x0c, 0x02, 0x01, 0x02, 0x00, 0x02, 0x00, 0x02, 0x00, 0x02, 0x00,
  0x02, 0x00, 0x02, 0x00, 0x02, 0x00, 0x02, 0x00, 0x02, 0x00, 0x02, 0x00,
  0x02, 0x00, 0x02, 0x00, 0x02, 0x00, 0x02, 0x00, 0x02, 0x00, 0x02, 0x00,
  0x02, 0x00, 0x02, 0x00, 0x02, 0x00, 0x02, 0x00, 0x02, 0x00, 0x02, 0x00,
  0x02, 0x00, 0x02, 0x00, 0x02, 0x00, 0x02, 0x00, 0x02, 0x00, 0x02, 0x00,
  0x02, 0x00, 0x02, 0x00, 0x02, 0x00, 0x02, 0x00, 0x02, 0x00, 0x02, 0x00,
  0x02, 0x00, 0x02, 0x00, 0x02, 0x00, 0x02, 0x00, 0x02, 0x00, 0x02, 0x00,
  0x02, 0x00, 0x02, 0x00, 0x02, 0x00, 0x02, 0x00, 0x02, 0x00, 0x02, 0x00,
  0x02, 0x00, 0x02, 0x00, 0x02, 0x00, 0x02, 0x00, 0x02, 0x00, 0x02, 0x00,
  0x02, 0x00, 0x02, 0x00, 0x02, 0x00, 0x02, 0x00, 0x02, 0x00, 0x02, 0x00,
  0x02, 0x00, 0x02, 0x00, 0x02, 0x00, 0x02, 0x00, 0x02, 0x00, 0x02, 0x00,
  0x02, 0x00, 0x02, 0x00, 0x02, 0x00, 0x02, 0x00, 0x02, 0x00, 0x02, 0x00,
  0x02, 0x00, 0x02, 0x00, 0x02, 0x00, 0x02, 0x00, 0x02, 0x00, 0x02, 0x00,
  0x02, 0x00, 0x02, 0x00, 0x02, 0x00, 0x02, 0x00, 0x02, 0x00, 0x02, 0x00,
  0x02, 0x00, 0x02, 0x00, 0x02, 0x00, 0x02, 0x00, 0x02, 0x00, 0x02, 0x00,
  0x02, 0x00, 0x02, 0x00, 0x02, 0x00, 0x02, 0x00, 0x02, 0x00, 0x02, 0x00,
  0x02, 0x00, 0x02, 0x00, 0x12, 0x08, 0x23, 0x0d, 0x23, 0x0d, 0x23, 0x0d,
  0x23, 0x0d, 0x23, 0x0d, 0x23, 0x0d, 0x23, 0x0d, 0x23, 0x0d, 0x23, 0x0d,
  0x23, 0x0d, 0x23, 0x0d, 0x23, 0x0d, 0x23, 0x0d, 0x23, 0x0d, 0x23, 0x0d,
  0x23, 0x0d, 0x23, 0x0d, 0x23, 0x0d, 0x23, 0x0d, 0x23, 0x0d, 0x23, 0x0d,
  0x23, 0x0d, 0x12, 0x08, 0x02, 0x00, 0x02, 0x00, 0x02, 0x00, 0x02, 0x00,
  0x02, 0x00, 0x02, 0x00, 0x02, 0x00, 0x02, 0x00, 0x02, 0x00, 0x02, 0x00,
  0x02, 0x00, 0x02, 0x00, 0x02, 0x00, 0x02, 0x00, 0x02, 0x00, 0x02, 0x00,
  0x02, 0x00, 0x02, 0x00, 0x02, 0x00, 0x02, 0x00, 0x02, 0x00, 0x02, 0x00,
  0x02, 0x00, 0x02, 0x00, 0x02, 0x00, 0x02, 0x00, 0x02, 0x00, 0x02, 0x00,
  0x02, 0x00, 0x02, 0x00, 0x02, 0x00, 0x02, 0x00, 0x02, 0x00, 0x02, 0x00,
  0x02, 0x00, 0x02, 0x00, 0x02, 0x00, 0x02, 0x00, 0x02, 0x00, 0x02, 0x00,
  0x02, 0x00, 0x02, 0x00, 0x02, 0x00, 0x02, 0x00, 0x02, 0x00, 0x02, 0x00,
  0x02, 0x00, 0x02, 0x00, 0x02, 0x00, 0x02, 0x00, 0x02, 0x00, 0x02, 0x00,
  0x02, 0x00, 0x02, 0x00, 0x02, 0x00, 0x02, 0x00, 0x02, 0x00, 0x02, 0x00,
  0x02, 0x00, 0x02, 0x00, 0x02, 0x00, 0x02, 0x00, 0x02, 0x00, 0x02, 0x00,
  0x02, 0x00, 0x02, 0x00, 0x02, 0x00, 0x02, 0x00, 0x02, 0x00, 0x02, 0x00,
  0x02, 0x00, 0x02, 0x00, 0x02, 0x00, 0x02, 0x00, 0x02, 0x00, 0x02, 0x00,
  0x02, 0x00, 0x02, 0x00, 0x02, 0x00, 0x02, 0x00, 0x02, 0x00, 0x02, 0x00,
  0x02, 0x00, 0x02, 0x00, 0x02, 0x00, 0x02, 0x00, 0x02, 0x00, 0x02, 0x00,
  0x02, 0x00, 0x02, 0x00, 0x02, 0x00, 0x02, 0x00, 0x02, 0x00, 0x02, 0x00,
  0x02, 0x00, 0x02, 0x02, 0x23, 0x0d, 0x23, 0x0d, 0x23, 0x0d, 0x23, 0x0d,
  0x23, 0x0d, 0x23, 0x0d, 0x23, 0x0d, 0x23, 0x0d, 0x23, 0x0d, 0x23, 0x0d,
  0x23, 0x0d, 0x23, 0x0d, 0x23, 0x0d, 0x23, 0x0d, 0x23, 0x0d, 0x23, 0x0d,
  0x23, 0x0d, 0x23, 0x0d, 0x23, 0x0d, 0x23, 0x0d, 0x23, 0x0d, 0x23, 0x0d,
  0x23, 0x0d, 0x23, 0x0d, 0x02, 0x02, 0x02, 0x00, 0x02, 0x00, 0x02, 0x00,
  0x02, 0x00, 0x02, 0x00, 0x02, 0x00, 0x02, 0x00, 0x02, 0x00, 0x02, 0x00,
  0x02, 0x00, 0x02, 0x00, 0x02, 0x00, 0x02, 0x00, 0x02, 0x00, 0x02, 0x00,
  0x02, 0x00, 0x02, 0x00, 0x02, 0x00, 0x02, 0x00, 0x02, 0x00, 0x02, 0x00,
  0x02, 0x00, 0x02, 0x00, 0x02, 0x00, 0x02, 0x00, 0x02, 0x00, 0x02, 0x00,
  0x02, 0x00, 0x02, 0x00, 0x02, 0x00, 0x02, 0x00, 0x02, 0x00, 0x02, 0x00,
  0x02, 0x00, 0x02, 0x00, 0x02, 0x00, 0x02, 0x00, 0x02, 0x00, 0x02, 0x00,
  0x02, 0x00, 0x02, 0x00, 0x02, 0x00, 0x02, 0x00, 0x02, 0x00, 0x02, 0x00,
  0x02, 0x00, 0x02, 0x00, 0x02, 0x00, 0x02, 0x00, 0x02, 0x00, 0x02, 0x00,
  0x02, 0x00, 0x02, 0x00, 0x02, 0x00, 0x02, 0x00, 0x02, 0x00, 0x02, 0x00,
  0x02, 0x00, 0x02, 0x00, 0x02, 0x00, 0x02, 0x00, 0x02, 0x00, 0x02, 0x00,
  0x02, 0x00, 0x02, 0x00, 0x02, 0x00, 0x02, 0x00, 0x02, 0x00, 0x02, 0x00,
  0x02, 0x00, 0x02, 0x00, 0x02, 0x00, 0x02, 0x00, 0x02, 0x00, 0x02, 0x00,
  0x02, 0x00, 0x02, 0x00, 0x02, 0x00, 0x02, 0x00, 0x02, 0x00, 0x02, 0x00,
  0x02, 0x00, 0x02, 0x00, 0x02, 0x00, 0x02, 0x00, 0x02, 0x00, 0x02, 0x00,
  0x02, 0x00, 0x02, 0x00, 0x02, 0x00, 0x02, 0x00, 0x02, 0x00, 0x02, 0x00,
  0xbb, 0x0b, 0x12, 0x09, 0x23, 0x0d, 0x23, 0x0d, 0x44, 0x0d, 0x56, 0x0d,
  0x56, 0x0d, 0x55, 0x0d, 0x55, 0x0d, 0x55, 0x0d, 0x55, 0x0d, 0x55, 0x0c,
  0x45, 0x0c, 0x45, 0x0c, 0x45, 0x0c, 0x45, 0x0c, 0x45, 0x0c, 0x45, 0x0c,
  0x44, 0x0c, 0x44, 0x0c, 0x44, 0x0c, 0x44, 0x0c, 0x44, 0x0b, 0x33, 0x0c,
  0x23, 0x0d, 0x23, 0x0d, 0x12, 0x09, 0x02, 0x00, 0x02, 0x00, 0x02, 0x00,
  0x02, 0x00, 0x02, 0x00, 0x02, 0x00, 0x02, 0x00, 0x02, 0x00, 0x02, 0x00,
  0x02, 0x00, 0x02, 0x00, 0x02, 0x00, 0x02, 0x00, 0x02, 0x00, 0x02, 0x00,
  0x02, 0x00, 0x02, 0x00, 0x02, 0x00, 0x02, 0x00, 0x02, 0x00, 0x02, 0x00,
  0x02, 0x00, 0x02, 0x00, 0x02, 0x00, 0x02, 0x00, 0x02, 0x00, 0x02, 0x00,
  0x02, 0x00, 0x02, 0x00, 0x02, 0x00, 0x02, 0x00, 0x02, 0x00, 0x02, 0x00,
  0x02, 0x00, 0x02, 0x00, 0x02, 0x00, 0x02, 0x00, 0x02, 0x00, 0x02, 0x00,
  0x02, 0x00, 0x02, 0x00, 0x02, 0x00, 0x02, 0x00, 0x02, 0x00, 0x02, 0x00,
  0x02, 0x00, 0x02, 0x00, 0x02, 0x00, 0x02, 0x00, 0x02, 0x00, 0x02, 0x00,
  0x02, 0x00, 0x02, 0x00, 0x02, 0x00, 0x02, 0x00, 0x02, 0x00, 0x02, 0x00,
  0x02, 0x00, 0x02, 0x00, 0x02, 0x00, 0x02, 0x00, 0x02, 0x00, 0x02, 0x00,
  0x02, 0x00, 0x02, 0x00, 0x01, 0x00, 0x01, 0x00, 0x01, 0x00, 0x01, 0x00,
  0x01, 0x00, 0x01, 0x00, 0x01, 0x00, 0x01, 0x00, 0x01, 0x00, 0x01, 0x00,
  0x01, 0x00, 0x01, 0x00, 0x01, 0x00, 0x01, 0x00, 0x01, 0x00, 0x01, 0x00,
  0x01, 0x00, 0x01, 0x00, 0x01, 0x00, 0x01, 0x00, 0x01, 0x00, 0x01, 0x00,
  0x01, 0x00, 0x01, 0x00, 0x01, 0x00, 0x01, 0x00, 0x01, 0x00, 0x01, 0x00,
  0x12, 0x03, 0x23, 0x0d, 0x23, 0x0d, 0x23, 0x0d, 0x89, 0x0d, 0xee, 0x0e,
  0xee, 0x0d, 0xde, 0x0d, 0xdd, 0x0d, 0xdd, 0x0c, 0xcd, 0x0c, 0xcc, 0x0c,
  0xcc, 0x0b, 0xbc, 0x0b, 0xbb, 0x0b, 0xbb, 0x0a, 0xab, 0x0a, 0xaa, 0x0a,
  0x9a, 0x09, 0x99, 0x09, 0x99, 0x09, 0x89, 0x08, 0x88, 0x08, 0x55, 0x0a,
  0x23, 0x0d, 0x23, 0x0d, 0x23, 0x0d, 0x12, 0x03, 0x01, 0x00, 0x01, 0x00,
  0x01, 0x00, 0x01, 0x00, 0x01, 0x00, 0x01, 0x00, 0x01, 0x00, 0x01, 0x00,
  0x01, 0x00, 0x01, 0x00, 0x01, 0x00, 0x01, 0x00, 0x01, 0x00, 0x01, 0x00,
  0x01, 0x00, 0x01, 0x00, 0x01, 0x00, 0x01, 0x00, 0x01, 0x00, 0x01, 0x00,
  0x01, 0x00, 0x01, 0x00, 0x01, 0x00, 0x01, 0x00, 0x01, 0x00, 0x01, 0x00,
  0x01, 0x00, 0x01, 0x00, 0x01, 0x00, 0x01, 0x00, 0x01, 0x00, 0x01, 0x00,
  0x01, 0x00, 0x01, 0x00, 0x01, 0x00, 0x01, 0x00, 0x01, 0x00, 0x01, 0x00,
  0x01, 0x00, 0x01, 0x00, 0x01, 0x00, 0x01, 0x00, 0x01, 0x00, 0x01, 0x00,
  0x01, 0x00, 0x01, 0x00, 0x01, 0x00, 0x01, 0x00, 0x01, 0x00, 0x01, 0x00,
  0x01, 0x00, 0x01, 0x00, 0x01, 0x00, 0x01, 0x00, 0x01, 0x00, 0x01, 0x00,
  0x01, 0x00, 0x01, 0x00, 0x01, 0x00, 0x01, 0x00, 0x01, 0x00, 0x01, 0x00,
  0x01, 0x00, 0x01, 0x00, 0x01, 0x00, 0x01, 0x00, 0x01, 0x00, 0x01, 0x00,
  0x01, 0x00, 0x01, 0x00, 0x01, 0x00, 0x01, 0x00, 0x01, 0x00, 0x01, 0x00,
  0x01, 0x00, 0x01, 0x00, 0x01, 0x00, 0x01, 0x00, 0x01, 0x00, 0x01, 0x00,
  0x01, 0x00, 0x01, 0x00, 0x01, 0x00, 0x01, 0x00, 0x01, 0x00, 0x01, 0x00,
  0x01, 0x00, 0x01, 0x00, 0x01, 0x00, 0x01, 0x00, 0x01, 0x00, 0x01, 0x00,
  0x22, 0x09, 0x23, 0x0d, 0x23, 0x0d, 0x23, 0x0d, 0x89, 0x0d, 0xee, 0x0e,
  0xee, 0x0d, 0xde, 0x0d, 0xdd, 0x0d, 0xdd, 0x0c, 0xcd, 0x0c, 0xcc, 0x0c,
  0xcc, 0x0b, 0xbc, 0x0b, 0xbb, 0x0b, 0xbb, 0x0a, 0xab, 0x0a, 0xaa, 0x0a,
  0x9a, 0x09, 0x99, 0x09, 0x99, 0x09, 0x89, 0x08, 0x88, 0x08, 0x55, 0x0a,
  0x23, 0x0d, 0x23, 0x0d, 0x23, 0x0d, 0x22, 0x09, 0x01, 0x00, 0x01, 0x00,
  0x01, 0x00, 0x01, 0x00, 0x01, 0x00, 0x01, 0x00, 0x01, 0x00, 0x01, 0x00,
  0x01, 0x00, 0x01, 0x00, 0x01, 0x00, 0x01, 0x00, 0x01, 0x00, 0x01, 0x00,
  0x01, 0x00, 0x01, 0x00, 0x01, 0x00, 0x01, 0x00, 0x01, 0x00, 0x01, 0x00,
  0x01, 0x00, 0x01, 0x00, 0x01, 0x00, 0x01, 0x00, 0x01, 0x00, 0x01, 0x00,
  0x01, 0x00, 0x01, 0x00, 0x01, 0x00, 0x01, 0x00, 0x01, 0x00, 0x01, 0x00,
  0x01, 0x00, 0x01, 0x00, 0x01, 0x00, 0x01, 0x00, 0x01, 0x00, 0x01, 0x00,
  0x01, 0x00, 0x01, 0x00, 0x01, 0x00, 0x01, 0x00, 0x01, 0x00, 0x01, 0x00,
  0x01, 0x00, 0x01, 0x00, 0x01, 0x00, 0x01, 0x00, 0x01, 0x00, 0x01, 0x00,
  0x01, 0x00, 0x01, 0x00, 0x01, 0x00, 0x01, 0x00, 0x01, 0x00, 0x01, 0x00,
  0x01, 0x00, 0x01, 0x00, 0x01, 0x00, 0x01, 0x00, 0x01, 0x00, 0x01, 0x00,
  0x01, 0x00, 0x01, 0x00, 0x01, 0x00, 0x01, 0x00, 0x01, 0x00, 0x01, 0x00,
  0x01, 0x00, 0x01, 0x00, 0x01, 0x00, 0x01, 0x00, 0x01, 0x00, 0x01, 0x00,
  0x01, 0x00, 0x01, 0x00, 0x01, 0x00, 0x01, 0x00, 0x01, 0x00, 0x01, 0x00,
  0x01, 0x00, 0x01, 0x00, 0x01, 0x00, 0x01, 0x00, 0x01, 0x00, 0x01, 0x00,
  0x01, 0x00, 0x01, 0x00, 0x01, 0x00, 0x01, 0x00, 0x01, 0x00, 0x12, 0x05,
  0x23, 0x0d, 0x23, 0x0d, 0x23, 0x0d, 0x23, 0x0d, 0x89, 0x0d, 0xee, 0x0e,
  0xee, 0x0d, 0xde, 0x0d, 0xdd, 0x0d, 0xdd, 0x0c, 0xcd, 0x0c, 0xcc, 0x0c,
  0xcc, 0x0b, 0xbc, 0x0b, 0xbb, 0x0b, 0xbb, 0x0a, 0xab, 0x0a, 0xaa, 0x0a,
  0x9a, 0x09, 0x99, 0x09, 0x99, 0x09, 0x89, 0x08, 0x88, 0x08, 0x55, 0x0a,
  0x23, 0x0d, 0x23, 0x0d, 0x23, 0x0d, 0x23, 0x0d, 0x12, 0x05, 0x01, 0x00,
  0x01, 0x00, 0x01, 0x00, 0x01, 0x00, 0x01, 0x00, 0x01, 0x00, 0x01, 0x00,
  0x01, 0x00, 0x01, 0x00, 0x01, 0x00, 0x01, 0x00, 0x01, 0x00, 0x01, 0x00,
  0x01, 0x00, 0x01, 0x00, 0x01, 0x00, 0x01, 0x00, 0x01, 0x00, 0x01, 0x00,
  0x01, 0x00, 0x01, 0x00, 0x01, 0x00, 0x01, 0x00, 0x01, 0x00, 0x01, 0x00,
  0x01, 0x00, 0x01, 0x00, 0x01, 0x00, 0x01, 0x00, 0x01, 0x00, 0x01, 0x00,
  0x01, 0x00, 0x01, 0x00, 0x01, 0x00, 0x01, 0x00, 0x01, 0x00, 0x01, 0x00,
  0x01, 0x00, 0x01, 0x00, 0x01, 0x00, 0x01, 0x00, 0x01, 0x00, 0x01, 0x00,
  0x01, 0x00, 0x01, 0x00, 0x01, 0x00, 0x01, 0x00, 0x01, 0x00, 0x01, 0x00,
  0x01, 0x00, 0x01, 0x00, 0x01, 0x00, 0x01, 0x00, 0x01, 0x00, 0x01, 0x00,
  0x01, 0x00, 0x01, 0x00, 0x01, 0x00, 0x01, 0x00, 0x01, 0x00, 0x01, 0x00,
  0x01, 0x00, 0x01, 0x00, 0x01, 0x00, 0x01, 0x00, 0x01, 0x00, 0x01, 0x00,
  0x01, 0x00, 0x01, 0x00, 0x01, 0x00, 0x01, 0x00, 0x01, 0x00, 0x01, 0x00,
  0x01, 0x00, 0x01, 0x00, 0x01, 0x00, 0x01, 0x00, 0x01, 0x00, 0x01, 0x00,
  0x01, 0x00, 0x01, 0x00, 0x01, 0x00, 0x01, 0x00, 0x01, 0x00, 0x01, 0x00,
  0x01, 0x00, 0x01, 0x00, 0x01, 0x00, 0x01, 0x00, 0x01, 0x00, 0x23, 0x0b,
  0x23, 0x0d, 0x23, 0x0d, 0x23, 0x0d, 0x23, 0x0d, 0x89, 0x0d, 0xee, 0x0e,
  0xee, 0x0d, 0xde, 0x0d, 0xdd, 0x0d, 0xdd, 0x0c, 0xcd, 0x0c, 0xcc, 0x0c,
  0xcc, 0x0b, 0xbc, 0x0b, 0xbb, 0x0b, 0xbb, 0x0a, 0xab, 0x0a, 0xaa, 0x0a,
  0x9a, 0x09, 0x99, 0x09, 0x99, 0x09, 0x89, 0x08, 0x88, 0x08, 0x55, 0x0a,
  0x23, 0x0d, 0x23, 0x0d, 0x23, 0x0d, 0x23, 0x0d, 0x23, 0x0b, 0x01, 0x00,
  0x01, 0x00, 0x01, 0x00, 0x01, 0x00, 0x01, 0x00, 0x01, 0x00, 0x01, 0x00,
  0x01, 0x00, 0x01, 0x00, 0x01, 0x00, 0x01, 0x00, 0x01, 0x00, 0x01, 0x00,
  0x01, 0x00, 0x01, 0x00, 0x01, 0x00, 0x01, 0x00, 0x01, 0x00, 0x01, 0x00,
  0x01, 0x00, 0x01, 0x00, 0x01, 0x00, 0x01, 0x00, 0x01, 0x00, 0x01, 0x00,
  0x01, 0x00, 0x01, 0x00, 0x01, 0x00, 0x01, 0x00, 0x01, 0x00, 0x01, 0x00,
  0x01, 0x00, 0x01, 0x00, 0x01, 0x00, 0x01, 0x00, 0x01, 0x00, 0x01, 0x00,
  0x01, 0x00, 0x01, 0x00, 0x01, 0x00, 0x01, 0x00, 0x01, 0x00, 0x01, 0x00,
  0x01, 0x00, 0x01, 0x00, 0x01, 0x00, 0x01, 0x00, 0x01, 0x00, 0x01, 0x00,
  0x01, 0x00, 0x01, 0x00, 0x01, 0x00, 0x01, 0x00, 0x01, 0x00, 0x01, 0x00,
  0x01, 0x00, 0x01, 0x00, 0x01, 0x00, 0x01, 0x00, 0x01, 0x00, 0x01, 0x00,
  0x01, 0x00, 0x01, 0x00, 0x01, 0x00, 0x01, 0x00, 0x01, 0x00, 0x01, 0x00,
  0x01, 0x00, 0x01, 0x00, 0x01, 0x00, 0x01, 0x00, 0x01, 0x00, 0x01, 0x00,
  0x01, 0x00, 0x01, 0x00, 0x01, 0x00, 0x01, 0x00, 0x01, 0x00, 0x01, 0x00,
  0x01, 0x00, 0x01, 0x00, 0x01, 0x00, 0x01, 0x00, 0x01, 0x00, 0x01, 0x00,
  0x01, 0x00, 0x01, 0x00, 0x01, 0x00, 0x01, 0x00, 0x12, 0x06, 0x23, 0x0d,
  0x23, 0x0d, 0x23, 0x0d, 0x23, 0x0d, 0x23, 0x0d, 0x89, 0x0d, 0xee, 0x0e,
  0xee, 0x0d, 0xde, 0x0d, 0xdd, 0x0d, 0xdd, 0x0c, 0xcd, 0x0c, 0xcc, 0x0c,
  0xcc, 0x0b, 0xbc, 0x0b, 0xbb, 0x0b, 0xbb, 0x0a, 0xab, 0x0a, 0xaa, 0x0a,
  0x9a, 0x09, 0x99, 0x09, 0x99, 0x09, 0x89, 0x08, 0x88, 0x08, 0x55, 0x0a,
  0x23, 0x0d, 0x23, 0x0d, 0x23, 0x0d, 0x23, 0x0d, 0x23, 0x0d, 0x12, 0x06,
  0x01, 0x00, 0x01, 0x00, 0x01, 0x00, 0x01, 0x00, 0x01, 0x00, 0x01, 0x00,
  0x01, 0x00, 0x01, 0x00, 0x01, 0x00, 0x01, 0x00, 0x01, 0x00, 0x01, 0x00,
  0x01, 0x00, 0x01, 0x00, 0x01, 0x00, 0x01, 0x00, 0x01, 0x00, 0x01, 0x00,
  0x01, 0x00, 0x01, 0x00, 0x01, 0x00, 0x01, 0x00, 0x01, 0x00, 0x01, 0x00,
  0x01, 0x00, 0x01, 0x00, 0x01, 0x00, 0x01, 0x00, 0x01, 0x00, 0x01, 0x00,
  0x01, 0x00, 0x01, 0x00, 0x01, 0x00, 0x01, 0x00, 0x01, 0x00, 0x01, 0x00,
  0x01, 0x00, 0x01, 0x00, 0x01, 0x00, 0x01, 0x00, 0x01, 0x00, 0x01, 0x00,
  0x01, 0x00, 0x01, 0x00, 0x01, 0x00, 0x01, 0x00, 0x99, 0x09, 0x01, 0x00,
  0x01, 0x00, 0x01, 0x00, 0x01, 0x00, 0x01, 0x00, 0x01, 0x00, 0x01, 0x00,
  0x01, 0x00, 0x01, 0x00, 0x01, 0x00, 0x01, 0x00, 0x01, 0x00, 0x01, 0x00,
  0x01, 0x00, 0x01, 0x00, 0x01, 0x00, 0x01, 0x00, 0x01, 0x00, 0x01, 0x00,
  0x01, 0x00, 0x01, 0x00, 0x01, 0x00, 0x01, 0x00, 0x01, 0x00, 0x01, 0x00,
  0x01, 0x00, 0x01, 0x00, 0x01, 0x00, 0x01, 0x00, 0x01, 0x00, 0x01, 0x00,
  0x01, 0x00, 0x01, 0x00, 0x01, 0x00, 0x01, 0x00, 0x01, 0x00, 0x01, 0x00,
  0x01, 0x00, 0x01, 0x00, 0x01, 0x00, 0x01, 0x01, 0x23, 0x0c, 0x23, 0x0d,
  0x23, 0x0d, 0x23, 0x0d, 0x23, 0x0d, 0x23, 0x0d, 0x89, 0x0d, 0xee, 0x0e,
  0xee, 0x0d, 0xde, 0x0d, 0xdd, 0x0d, 0xdd, 0x0c, 0xcd, 0x0c, 0xcc, 0x0c,
  0xcc, 0x0b, 0xbc, 0x0b, 0xbb, 0x0b, 0xbb, 0x0a, 0xab, 0x0a, 0xaa, 0x0a,
  0x9a, 0x09, 0x99, 0x09, 0x99, 0x09, 0x89, 0x08, 0x88, 0x08, 0x55, 0x0a,
  0x23, 0x0d, 0x23, 0x0d, 0x23, 0x0d, 0x23, 0x0d, 0x23, 0x0d, 0x23, 0x0c,
  0x01, 0x01, 0x01, 0x00, 0x01, 0x00, 0x01, 0x00, 0x01, 0x00, 0x01, 0x00,
  0x01, 0x00, 0x01, 0x00, 0x01, 0x00, 0x01, 0x00, 0x01, 0x00, 0x01, 0x00,
  0x01, 0x00, 0x01, 0x00, 0x01, 0x00, 0x01, 0x00, 0x01, 0x00, 0x01, 0x00,
  0x01, 0x00, 0x01, 0x00, 0x01, 0x00, 0x01, 0x00, 0x01, 0x00, 0x01, 0x00,
  0x01, 0x00, 0x01, 0x00, 0x01, 0x00, 0x01, 0x00, 0x01, 0x00, 0x01, 0x00,
  0x01, 0x00, 0x01, 0x00, 0x01, 0x00, 0x01, 0x00, 0x01, 0x00, 0x01, 0x00,
  0x01, 0x00, 0x01, 0x00, 0x01, 0x00, 0x01, 0x00, 0x01, 0x00, 0x01, 0x00,
  0x01, 0x00, 0x01, 0x00, 0x01, 0x00, 0x01, 0x00, 0x01, 0x00, 0x01, 0x00,
  0x01, 0x00, 0x01, 0x00, 0x01, 0x00, 0x01, 0x00, 0x01, 0x00, 0x01, 0x00,
  0x01, 0x00, 0x01, 0x00, 0x01, 0x00, 0x01, 0x00, 0x01, 0x00, 0x01, 0x00,
  0x01, 0x00, 0x01, 0x00, 0x01, 0x00, 0x01, 0x00, 0x01, 0x00, 0x01, 0x00,
  0x01, 0x00, 0x01, 0x00, 0x01, 0x00, 0x01, 0x00, 0x01, 0x00, 0x01, 0x00,
  0x01, 0x00, 0x01, 0x00, 0x01, 0x00, 0x01, 0x00, 0x01, 0x00, 0x01, 0x00,
  0x01, 0x00, 0x01, 0x00, 0x01, 0x00, 0x01, 0x00, 0x01, 0x00, 0x01, 0x00,
  0x01, 0x00, 0x01, 0x00, 0x01, 0x00, 0x12, 0x06, 0x23, 0x0d, 0x23, 0x0d,
  0x23, 0x0d, 0x23, 0x0d, 0x23, 0x0d, 0x23, 0x0d, 0x89, 0x0d, 0xee, 0x0e,
  0xee, 0x0d, 0xde, 0x0d, 0xdd, 0x0d, 0xdd, 0x0c, 0xcd, 0x0c, 0xcc, 0x0c,
  0xcc, 0x0b, 0xbc, 0x0b, 0xbb, 0x0b, 0xbb, 0x0a, 0xab, 0x0a, 0xaa, 0x0a,
  0x9a, 0x09, 0x99, 0x09, 0x99, 0x09, 0x89, 0x08, 0x88, 0x08, 0x55, 0x0a,
  0x23, 0x0d, 0x23, 0x0d, 0x23, 0x0d, 0x23, 0x0d, 0x23, 0x0d, 0x23, 0x0d,
  0x12, 0x06, 0x01, 0x00, 0x01, 0x00, 0x01, 0x00, 0x01, 0x00, 0x01, 0x00,
  0x01, 0x00, 0x01, 0x00, 0x86, 0x06, 0x01, 0x00, 0x01, 0x00, 0x01, 0x00,
  0x01, 0x00, 0x01, 0x00, 0x01, 0x00, 0x01, 0x00, 0x01, 0x00, 0x01, 0x00,
  0x01, 0x00, 0x01, 0x00, 0x01, 0x00, 0x01, 0x00, 0x01, 0x00, 0x01, 0x00,
  0x01, 0x00, 0x01, 0x00, 0x01, 0x00, 0x01, 0x00, 0x01, 0x00, 0x01, 0x00,
  0x01, 0x00, 0x01, 0x00, 0x01, 0x00, 0x01, 0x00, 0x01, 0x00, 0x01, 0x00,
  0x01, 0x00, 0x01, 0x00, 0x01, 0x00, 0x01, 0x00, 0x01, 0x00, 0x01, 0x00,
  0x01, 0x00, 0x01, 0x00, 0x01, 0x00, 0x01, 0x00, 0x01, 0x00, 0x01, 0x00,
  0x01, 0x00, 0x01, 0x00, 0x01, 0x00, 0x01, 0x00, 0x01, 0x00, 0x01, 0x00,
  0x01, 0x00, 0x01, 0x00, 0x01, 0x00, 0x01, 0x00, 0x01, 0x00, 0x01, 0x00,
  0x01, 0x00, 0x01, 0x00, 0x01, 0x00, 0x01, 0x00, 0x01, 0x00, 0x01, 0x00,
  0x01, 0x00, 0x01, 0x00, 0x01, 0x00, 0x01, 0x00, 0x01, 0x00, 0x01, 0x00,
  0x01, 0x00, 0x01, 0x00, 0x01, 0x00, 0x01, 0x00, 0x01, 0x00, 0x01, 0x00,
  0x01, 0x00, 0x01, 0x00, 0x01, 0x00, 0x01, 0x00, 0x01, 0x00, 0x01, 0x00,
  0x01, 0x00, 0x01, 0x00, 0x02, 0x02, 0x23, 0x0d, 0x23, 0x0d, 0x23, 0x0d,
  0x23, 0x0d, 0x23, 0x0d, 0x23, 0x0d, 0x23, 0x0d, 0x89, 0x0d, 0xee, 0x0e,
  0xee, 0x0d, 0xde, 0x0d, 0xdd, 0x0d, 0xdd, 0x0c, 0xcd, 0x0c, 0xcc, 0x0c,
  0xcc, 0x0b, 0xbc, 0x0b, 0xbb, 0x0b, 0xbb, 0x0a, 0xab, 0x0a, 0xaa, 0x0a,
  0x9a, 0x09, 0x99, 0x09, 0x99, 0x09, 0x89, 0x08, 0x88, 0x08, 0x55, 0x0a,
  0x23, 0x0d, 0x23, 0x0d, 0x23, 0x0d, 0x23, 0x0d, 0x23, 0x0d, 0x23, 0x0d,
  0x23, 0x0d, 0x02, 0x02, 0x01, 0x00, 0x01, 0x00, 0x01, 0x00, 0x01, 0x00,
  0x01, 0x00, 0x01, 0x00, 0x01, 0x00, 0x01, 0x00, 0x01, 0x00, 0x01, 0x00,
  0x01, 0x00, 0x01, 0x00, 0x01, 0x00, 0x01, 0x00, 0x01, 0x00, 0x01, 0x00,
  0x01, 0x00, 0x01, 0x00, 0x01, 0x00, 0x01, 0x00, 0x01, 0x00, 0x01, 0x00,
  0x01, 0x00, 0x01, 0x00, 0x01, 0x00, 0x01, 0x00, 0x01, 0x00, 0x01, 0x00,
  0x01, 0x00, 0x01, 0x00, 0x01, 0x00, 0x01, 0x00, 0x01, 0x00, 0x01, 0x00,
  0x01, 0x00, 0x01, 0x00, 0x01, 0x00, 0x01, 0x00, 0x01, 0x00, 0x01, 0x00,
  0x01, 0x00, 0x01, 0x00, 0x01, 0x00, 0x01, 0x00, 0x01, 0x00, 0x01, 0x00,
  0x01, 0x00, 0x01, 0x00, 0x01, 0x00, 0x01, 0x00, 0x01, 0x00, 0x01, 0x00,
  0x01, 0x00, 0x01, 0x00, 0x01, 0x00, 0x01, 0x00, 0x01, 0x00, 0x01, 0x00,
  0x01, 0x00, 0x01, 0x00, 0x01, 0x00, 0x01, 0x00, 0x01, 0x00, 0x01, 0x00,
  0x77, 0x0a, 0x01, 0x00, 0x01, 0x00, 0x01, 0x00, 0x01, 0x00, 0x01, 0x00,
  0x01, 0x00, 0x01, 0x00, 0x01, 0x00, 0x01, 0x00, 0x01, 0x00, 0x01, 0x00,
  0x01, 0x00, 0x01, 0x00, 0x01, 0x00, 0x01, 0x00, 0x01, 0x00, 0x01, 0x00,
  0x01, 0x00, 0x01, 0x00, 0x12, 0x08, 0x23, 0x0d, 0x23, 0x0d, 0x23, 0x0d,
  0x23, 0x0d, 0x23, 0x0d, 0x23, 0x0d, 0x23, 0x0d, 0x67, 0x0c, 0xbb, 0x0a,
  0xbb, 0x0b, 0xca, 0x0e, 0xba, 0x0d, 0xba, 0x0d, 0xcb, 0x0d, 0xcb, 0x0d,
  0xca, 0x0c, 0xca, 0x0c, 0xca, 0x0c, 0xb9, 0x0c, 0xb9, 0x0b, 0xa9, 0x0b,
  0x98, 0x0b, 0x97, 0x0b, 0x87, 0x0a, 0x77, 0x07, 0x67, 0x06, 0x45, 0x09,
  0x23, 0x0d, 0x23, 0x0d, 0x23, 0x0d, 0x23, 0x0d, 0x23, 0x0d, 0x23, 0x0d,
  0x23, 0x0d, 0x12, 0x08, 0x01, 0x00, 0x01, 0x00, 0x01, 0x00, 0x01, 0x00,
  0x01, 0x00, 0x01, 0x00, 0x01, 0x00, 0x01, 0x00, 0x01, 0x00, 0x01, 0x00,
  0x01, 0x00, 0x01, 0x00, 0x01, 0x00, 0x01, 0x00, 0x01, 0x00, 0x01, 0x00,
  0x01, 0x00, 0x01, 0x00, 0x01, 0x00, 0x01, 0x00, 0x01, 0x00, 0x01, 0x00,
  0x01, 0x00, 0x01, 0x00, 0x01, 0x00, 0x01, 0x00, 0x01, 0x00, 0x01, 0x00,
  0x01, 0x00, 0x01, 0x00, 0x01, 0x00, 0x01, 0x00, 0x01, 0x00, 0x01, 0x00,
  0x01, 0x00, 0x01, 0x00, 0x01, 0x00, 0x01, 0x00, 0x01, 0x00, 0x01, 0x00,
  0x01, 0x00, 0x01, 0x00, 0x01, 0x00, 0x01, 0x00, 0x01, 0x00, 0x01, 0x00,
  0x01, 0x00, 0x01, 0x00, 0x01, 0x00, 0x01, 0x00, 0x01, 0x00, 0x01, 0x00,
  0x01, 0x00, 0x01, 0x00, 0x01, 0x00, 0x01, 0x00, 0x01, 0x00, 0x01, 0x00,
  0x01, 0x00, 0x01, 0x00, 0x01, 0x00, 0x01, 0x00, 0x01, 0x00, 0x01, 0x00,
  0x01, 0x00, 0x01, 0x00, 0x01, 0x00, 0x01, 0x00, 0x01, 0x00, 0x01, 0x00,
  0x01, 0x00, 0x01, 0x00, 0x01, 0x00, 0x01, 0x00, 0x01, 0x00, 0x01, 0x00,
  0x01, 0x00, 0x01, 0x00, 0x01, 0x00, 0x01, 0x00, 0x01, 0x00, 0x01, 0x00,
  0x01, 0x00, 0x02, 0x02, 0x23, 0x0d, 0x23, 0x0d, 0x23, 0x0d, 0x23, 0x0d,
  0x23, 0x0d, 0x23, 0x0d, 0x23, 0x0d, 0x23, 0x0d, 0x12, 0x06, 0x01, 0x00,
  0x11, 0x01, 0x71, 0x0f, 0x71, 0x0f, 0x71, 0x0f, 0xb4, 0x0f, 0xe5, 0x0f,
  0xe5, 0x0f, 0xe5, 0x0f, 0xe5, 0x0f, 0xe5, 0x0f, 0xe5, 0x0f, 0xb4, 0x0f,
  0x71, 0x0f, 0x71, 0x0f, 0x71, 0x0f, 0x11, 0x01, 0x01, 0x00, 0x12, 0x06,
  0x23, 0x0d, 0x23, 0x0d, 0x23, 0x0d, 0x23, 0x0d, 0x23, 0x0d, 0x23, 0x0d,
  0x23, 0x0d, 0x23, 0x0d, 0x02, 0x02, 0x01, 0x00, 0x01, 0x00, 0x01, 0x00,
  0x01, 0x00, 0x01, 0x00, 0x01, 0x00, 0x01, 0x00, 0x01, 0x00, 0x01, 0x00,
  0x01, 0x00, 0x01, 0x00, 0x01, 0x00, 0x01, 0x00, 0x01, 0x00, 0x01, 0x00,
  0x01, 0x00, 0x01, 0x00, 0x01, 0x00, 0x01, 0x00, 0x01, 0x00, 0x01, 0x00,
  0x01, 0x00, 0x01, 0x00, 0x01, 0x00, 0x01, 0x00, 0x01, 0x00, 0x01, 0x00,
  0x01, 0x00, 0x01, 0x00, 0x01, 0x00, 0x01, 0x00, 0x01, 0x00, 0x01, 0x00,
  0x01, 0x00, 0x01, 0x00, 0x01, 0x00, 0x01, 0x00, 0x01, 0x00, 0x01, 0x00,
  0x01, 0x00, 0x01, 0x00, 0x01, 0x00, 0x01, 0x00, 0x01, 0x00, 0x01, 0x00,
  0x01, 0x00, 0x01, 0x00, 0x01, 0x00, 0x01, 0x00, 0x01, 0x00, 0x01, 0x00,
  0x01, 0x00, 0x01, 0x00, 0x01, 0x00, 0x01, 0x00, 0x01, 0x00, 0x01, 0x00,
  0x01, 0x00, 0x01, 0x00, 0x01, 0x00, 0x01, 0x00, 0x01, 0x00, 0x01, 0x00,
  0x01, 0x00, 0x01, 0x00, 0x01, 0x00, 0x01, 0x00, 0x01, 0x00, 0x01, 0x00,
  0x01, 0x00, 0x01, 0x00, 0x01, 0x00, 0x01, 0x00, 0x01, 0x00, 0x01, 0x00,
  0x01, 0x00, 0x01, 0x00, 0x01, 0x00, 0x01, 0x00, 0x01, 0x00, 0x01, 0x00,
  0x01, 0x00, 0x22, 0x09, 0x23, 0x0d, 0x23, 0x0d, 0x23, 0x0d, 0x23, 0x0d,
  0x23, 0x0d, 0x23, 0x0d, 0x23, 0x0d, 0x23, 0x0d, 0x12, 0x06, 0x01, 0x00,
  0x01, 0x00, 0x51, 0x0b, 0x71, 0x0f, 0x71, 0x0f, 0x92, 0x0f, 0xe5, 0x0f,
  0xe5, 0x0f, 0xe5, 0x0f, 0xe5, 0x0f, 0xe5, 0x0f, 0xe5, 0x0f, 0x92, 0x0f,
  0x71, 0x0f, 0x71, 0x0f, 0x51, 0x0b, 0x01, 0x00, 0x01, 0x00, 0x12, 0x06,
  0x23, 0x0d, 0x23, 0x0d, 0x23, 0x0d, 0x23, 0x0d, 0x23, 0x0d, 0x23, 0x0d,
  0x23, 0x0d, 0x23, 0x0d, 0x22, 0x09, 0x01, 0x00, 0x01, 0x00, 0x01, 0x00,
  0x01, 0x00, 0x01, 0x00, 0x01, 0x00, 0x01, 0x00, 0x01, 0x00, 0x01, 0x00,
  0x01, 0x00, 0x01, 0x00, 0x01, 0x00, 0x01, 0x00, 0x01, 0x00, 0x01, 0x00,
  0x01, 0x00, 0x01, 0x00, 0x01, 0x00, 0x01, 0x00, 0x01, 0x00, 0x01, 0x00,
  0x01, 0x00, 0x01, 0x00, 0x01, 0x00, 0x01, 0x00, 0x01, 0x00, 0x01, 0x00,
  0x01, 0x00, 0x01, 0x00, 0x01, 0x00, 0x01, 0x00, 0x01, 0x00, 0x01, 0x00,
  0x01, 0x00, 0x01, 0x00, 0x01, 0x00, 0x01, 0x00, 0x01, 0x00, 0x01, 0x00,
  0x01, 0x00, 0x01, 0x00, 0x01, 0x00, 0x01, 0x00, 0x01, 0x00, 0x01, 0x00,
  0x01, 0x00, 0x01, 0x00, 0x01, 0x00, 0x01, 0x00, 0x01, 0x00, 0x01, 0x00,
  0x01, 0x00, 0x01, 0x00, 0x01, 0x00, 0x01, 0x00, 0x01, 0x00, 0x01, 0x00,
  0x01, 0x00, 0x01, 0x00, 0x01, 0x00, 0x01, 0x00, 0x01, 0x00, 0x01, 0x00,
  0x01, 0x00, 0x01, 0x00, 0x01, 0x00, 0x01, 0x00, 0x01, 0x00, 0x01, 0x00,
  0x01, 0x00, 0x01, 0x00, 0x01, 0x00, 0x01, 0x00, 0x01, 0x00, 0x01, 0x00,
  0x01, 0x00, 0x01, 0x00, 0x01, 0x00, 0x01, 0x00, 0x01, 0x00, 0x01, 0x00,
  0x12, 0x03, 0x23, 0x0d, 0x23, 0x0d, 0x23, 0x0d, 0x23, 0x0d, 0x23, 0x0d,
  0x23, 0x0d, 0x23, 0x0d, 0x23, 0x0d, 0x22, 0x09, 0x12, 0x05, 0x01, 0x00,
  0x01, 0x00, 0x31, 0x06, 0x71, 0x0f, 0x71, 0x0f, 0x71, 0x0f, 0xe5, 0x0f,
  0xe5, 0x0f, 0xe5, 0x0f, 0xe5, 0x0f, 0xe5, 0x0f, 0xe5, 0x0f, 0x71, 0x0f,
  0x71, 0x0f, 0x71, 0x0f, 0x31, 0x06, 0x01, 0x00, 0x01, 0x00, 0x12, 0x05,
  0x22, 0x09, 0x23, 0x0d, 0x23, 0x0d, 0x23, 0x0d, 0x23, 0x0d, 0x23, 0x0d,
  0x23, 0x0d, 0x23, 0x0d, 0x23, 0x0d, 0x12, 0x03, 0x01, 0x00, 0x01, 0x00,
  0x01, 0x00, 0x01, 0x00, 0x01, 0x00, 0x01, 0x00, 0x01, 0x00, 0x01, 0x00,
  0x01, 0x00, 0x01, 0x00, 0x01, 0x00, 0x01, 0x00, 0x01, 0x00, 0x01, 0x00,
  0x01, 0x00, 0x01, 0x00, 0x01, 0x00, 0x01, 0x00, 0x01, 0x00, 0x01, 0x00,
  0x01, 0x00, 0x01, 0x00, 0x01, 0x00, 0x01, 0x00, 0x01, 0x00, 0x01, 0x00,
  0x01, 0x00, 0x01, 0x00, 0x01, 0x00, 0x01, 0x00, 0x01, 0x00, 0x01, 0x00,
  0x01, 0x00, 0x01, 0x00, 0x01, 0x00, 0x01, 0x00, 0x01, 0x00, 0x01, 0x00,
  0x01, 0x00, 0x01, 0x00, 0x01, 0x00, 0x01, 0x00, 0x01, 0x00, 0x01, 0x00,
  0x01, 0x00, 0x01, 0x00, 0x01, 0x00, 0x01, 0x00, 0x01, 0x00, 0x01, 0x00,
  0x01, 0x00, 0x01, 0x00, 0x01, 0x00, 0x01, 0x00, 0x01, 0x00, 0x01, 0x00,
  0x01, 0x00, 0x01, 0x00, 0x01, 0x00, 0x01, 0x00, 0x01, 0x00, 0x01, 0x00,
  0x01, 0x00, 0x01, 0x00, 0x01, 0x00, 0x01, 0x00, 0x01, 0x00, 0x01, 0x00,
  0x01, 0x00, 0x01, 0x00, 0x01, 0x00, 0x01, 0x00, 0x01, 0x00, 0x01, 0x00,
  0x01, 0x00, 0x01, 0x00, 0x01, 0x00, 0x01, 0x00, 0x01, 0x00, 0x01, 0x00,
  0x22, 0x0b, 0x23, 0x0c, 0x22, 0x09, 0x12, 0x08, 0x12, 0x06, 0x12, 0x05,
  0x12, 0x03, 0x01, 0x01, 0x01, 0x00, 0x01, 0x00, 0x01, 0x00, 0x01, 0x00,
  0x01, 0x00, 0x11, 0x01, 0x71, 0x0f, 0x71, 0x0f, 0x71, 0x0f, 0xc4, 0x0f,
  0xe5, 0x0f, 0xe5, 0x0f, 0xe5, 0x0f, 0xe5, 0x0f, 0xc4, 0x0f, 0x71, 0x0f,
  0x71, 0x0f, 0x71, 0x0f, 0x11, 0x01, 0x01, 0x00, 0x01, 0x00, 0x01, 0x00,
  0x01, 0x00, 0x01, 0x00, 0x01, 0x01, 0x12, 0x03, 0x12, 0x05, 0x12, 0x06,
  0x12, 0x08, 0x22, 0x09, 0x23, 0x0c, 0x22, 0x0b, 0x01, 0x00, 0x01, 0x00,
  0x01, 0x00, 0x01, 0x00, 0x01, 0x00, 0x01, 0x00, 0x01, 0x00, 0x01, 0x00,
  0x01, 0x00, 0x01, 0x00, 0x01, 0x00, 0x01, 0x00, 0x01, 0x00, 0x01, 0x00,
  0x01, 0x00, 0x01, 0x00, 0x01, 0x00, 0x01, 0x00, 0x01, 0x00, 0x01, 0x00,
  0x01, 0x00, 0x01, 0x00, 0x01, 0x00, 0x01, 0x00, 0x01, 0x00, 0x01, 0x00,
  0x01, 0x00, 0x01, 0x00, 0x01, 0x00, 0x01, 0x00, 0x01, 0x00, 0x01, 0x00,
  0x01, 0x00, 0x01, 0x00, 0x01, 0x00, 0x01, 0x00, 0x01, 0x00, 0x01, 0x00,
  0x01, 0x00, 0x01, 0x00, 0x01, 0x00, 0x01, 0x00, 0x01, 0x00, 0x01, 0x00,
  0x01, 0x00, 0x01, 0x00, 0x01, 0x00, 0x01, 0x00, 0x01, 0x00, 0x01, 0x00,
  0x01, 0x00, 0x01, 0x00, 0x01, 0x00, 0x01, 0x00, 0x01, 0x00, 0x01, 0x00,
  0x01, 0x00, 0x01, 0x00, 0x01, 0x00, 0x01, 0x00, 0x01, 0x00, 0x01, 0x00,
  0x01, 0x00, 0x01, 0x00, 0x01, 0x00, 0x01, 0x00, 0x01, 0x00, 0x01, 0x00,
  0x01, 0x00, 0x01, 0x00, 0x01, 0x00, 0x01, 0x00, 0x01, 0x00, 0x01, 0x00,
  0x01, 0x00, 0x01, 0x00, 0x01, 0x00, 0x01, 0x00, 0x01, 0x00, 0x01, 0x01,
  0x01, 0x00, 0x01, 0x00, 0x01, 0x00, 0x01, 0x00, 0x01, 0x00, 0x01, 0x00,
  0x01, 0x00, 0x01, 0x00, 0x01, 0x00, 0x01, 0x00, 0x01, 0x00, 0x01, 0x00,
  0x01, 0x00, 0x01, 0x00, 0x51, 0x0b, 0x71, 0x0f, 0x71, 0x0f, 0xa3, 0x0f,
  0xe5, 0x0f, 0xe5, 0x0f, 0xe5, 0x0f, 0xe5, 0x0f, 0xa3, 0x0f, 0x71, 0x0f,
  0x71, 0x0f, 0x51, 0x0b, 0x01, 0x00, 0x01, 0x00, 0x01, 0x00, 0x01, 0x00,
  0x01, 0x00, 0x01, 0x00, 0x01, 0x00, 0x01, 0x00, 0x01, 0x00, 0x01, 0x00,
  0x01, 0x00, 0x01, 0x00, 0x01, 0x00, 0x01, 0x00, 0x01, 0x01, 0x01, 0x00,
  0x01, 0x00, 0x01, 0x00, 0x01, 0x00, 0x01, 0x00, 0x01, 0x00, 0x01, 0x00,
  0x01, 0x00, 0x01, 0x00, 0x01, 0x00, 0x01, 0x00, 0xdd, 0x0d, 0x01, 0x00,
  0x01, 0x00, 0x01, 0x00, 0x01, 0x00, 0x01, 0x00, 0x01, 0x00, 0x01, 0x00,
  0x01, 0x00, 0x01, 0x00, 0x01, 0x00, 0x01, 0x00, 0x01, 0x00, 0x01, 0x00,
  0x01, 0x00, 0x01, 0x00, 0x01, 0x00, 0x01, 0x00, 0x01, 0x00, 0x01, 0x00,
  0x01, 0x00, 0x01, 0x00, 0x01, 0x00, 0x01, 0x00, 0x01, 0x00, 0x01, 0x00,
  0x01, 0x00, 0x01, 0x00, 0x01, 0x00, 0x01, 0x00, 0x01, 0x00, 0x01, 0x00,
  0x01, 0x00, 0x01, 0x00, 0x01, 0x00, 0x01, 0x00, 0x01, 0x00, 0x01, 0x00,
  0x01, 0x00, 0x01, 0x00, 0x01, 0x00, 0x01, 0x00, 0x01, 0x00, 0x01, 0x00,
  0x01, 0x00, 0x01, 0x00, 0x01, 0x00, 0x01, 0x00, 0x01, 0x00, 0x01, 0x00,
  0x01, 0x00, 0x01, 0x00, 0x01, 0x00, 0x01, 0x00, 0x01, 0x00, 0x01, 0x00,
  0x01, 0x00, 0x01, 0x00, 0x01, 0x00, 0x01, 0x00, 0x01, 0x00, 0x01, 0x00,
  0x01, 0x00, 0x01, 0x00, 0x01, 0x00, 0x01, 0x00, 0x01, 0x00, 0x01, 0x00,
  0x01, 0x00, 0x01, 0x00, 0x01, 0x00, 0x01, 0x00, 0x01, 0x00, 0x01, 0x00,
  0x9c, 0x08, 0x01, 0x00, 0x01, 0x00, 0x01, 0x00, 0x01, 0x00, 0x01, 0x00,
  0x01, 0x00, 0x01, 0x00, 0x31, 0x06, 0x71, 0x0f, 0x71, 0x0f, 0x82, 0x0f,
  0xe5, 0x0f, 0xe5, 0x0f, 0xe5, 0x0f, 0xe5, 0x0f, 0x82, 0x0f, 0x71, 0x0f,
  0x71, 0x0f, 0x31, 0x06, 0x01, 0x00, 0x01, 0x00, 0x01, 0x00, 0x01, 0x00,
  0x01, 0x00, 0x01, 0x00, 0x01, 0x00, 0x01, 0x00, 0x01, 0x00, 0x01, 0x00,
  0x01, 0x00, 0x01, 0x00, 0x01, 0x00, 0x01, 0x00, 0x01, 0x00, 0x01, 0x00,
  0x01, 0x00, 0x01, 0x00, 0x01, 0x00, 0x01, 0x00, 0x01, 0x00, 0x01, 0x00,
  0x01, 0x00, 0x01, 0x00, 0x01, 0x00, 0x01, 0x00, 0x01, 0x00, 0x01, 0x00,
  0x01, 0x00, 0x01, 0x00, 0x01, 0x00, 0x01, 0x00, 0x01, 0x00, 0x01, 0x00,
  0x01, 0x00, 0x01, 0x00, 0x01, 0x00, 0x01, 0x00, 0x01, 0x00, 0x01, 0x00,
  0x01, 0x00, 0x01, 0x00, 0x01, 0x00, 0x01, 0x00, 0x01, 0x00, 0x01, 0x00,
  0x01, 0x00, 0x01, 0x00, 0x01, 0x00, 0x01, 0x00, 0x01, 0x00, 0x01, 0x00,
  0x01, 0x00, 0x01, 0x00, 0x01, 0x00, 0x01, 0x00, 0x01, 0x00, 0x01, 0x00,
  0x01, 0x00, 0x01, 0x00, 0x01, 0x00, 0x01, 0x00, 0x01, 0x00, 0x01, 0x00,
  0x01, 0x00, 0x01, 0x00, 0x01, 0x00, 0x01, 0x00, 0x01, 0x00, 0x01, 0x00,
  0x01, 0x00, 0x01, 0x00, 0x01, 0x00, 0x01, 0x00, 0x01, 0x00, 0x01, 0x00,
  0x01, 0x00, 0x01, 0x00, 0x01, 0x00, 0x01, 0x00, 0x01, 0x00, 0x01, 0x00,
  0x01, 0x00, 0x01, 0x00, 0x01, 0x00, 0x01, 0x00, 0x01, 0x00, 0x01, 0x00,
  0x01, 0x00, 0x01, 0x00, 0x01, 0x00, 0x01, 0x00, 0x01, 0x00, 0x01, 0x00,
  0x01, 0x00, 0x01, 0x00, 0x01, 0x00, 0x01, 0x00, 0x01, 0x00, 0x01, 0x00,
  0x01, 0x00, 0x01, 0x00, 0x01, 0x00, 0x01, 0x00, 0x01, 0x00, 0x01, 0x00,
  0x01, 0x00, 0x01, 0x00, 0x01, 0x01, 0x71, 0x0f, 0x71, 0x0f, 0x71, 0x0f,
  0xd5, 0x0f, 0xe5, 0x0f, 0xe5, 0x0f, 0xd5, 0x0f, 0x71, 0x0f, 0x71, 0x0f,
  0x71, 0x0f, 0x01, 0x01, 0x01, 0x00, 0x01, 0x00, 0x01, 0x00, 0x01, 0x00,
  0x01, 0x00, 0x01, 0x00, 0x01, 0x00, 0x01, 0x00, 0x01, 0x00, 0x01, 0x00,
  0x01, 0x00, 0x01, 0x00, 0x01, 0x00, 0x01, 0x00, 0x01, 0x00, 0x01, 0x00,
  0x01, 0x00, 0x01, 0x00, 0x01, 0x00, 0x01, 0x00, 0x01, 0x00, 0x01, 0x00,
  0x01, 0x00, 0x01, 0x00, 0x01, 0x00, 0x01, 0x00, 0x01, 0x00, 0x01, 0x00,
  0x01, 0x00, 0x01, 0x00, 0x01, 0x00, 0x01, 0x00, 0x01, 0x00, 0x01, 0x00,
  0x01, 0x00, 0x01, 0x00, 0x01, 0x00, 0x01, 0x00, 0x01, 0x00, 0x01, 0x00,
  0x01, 0x00, 0x01, 0x00, 0x01, 0x00, 0x01, 0x00, 0x01, 0x00, 0x01, 0x00,
  0x01, 0x00, 0x01, 0x00, 0x01, 0x00, 0x01, 0x00, 0x01, 0x00, 0x01, 0x00,
  0x01, 0x00, 0x01, 0x00, 0x01, 0x00, 0x01, 0x00, 0x01, 0x00, 0x01, 0x00,
  0x01, 0x00, 0x01, 0x00, 0x01, 0x00, 0x01, 0x00, 0x01, 0x00, 0x01, 0x00,
  0x01, 0x00, 0x01, 0x00, 0x01, 0x00, 0x01, 0x00, 0x01, 0x00, 0x01, 0x00,
  0x01, 0x00, 0x01, 0x00, 0x01, 0x00, 0x01, 0x00, 0x01, 0x00, 0x01, 0x00,
  0x01, 0x00, 0x01, 0x00, 0x01, 0x00, 0x01, 0x00, 0x01, 0x00, 0x01, 0x00,
  0x01, 0x00, 0x01, 0x00, 0x01, 0x00, 0x01, 0x00, 0x01, 0x00, 0x01, 0x00,
  0x01, 0x00, 0x01, 0x00, 0x01, 0x00, 0x01, 0x00, 0x01, 0x00, 0x01, 0x00,
  0x01, 0x00, 0x01, 0x00, 0x01, 0x00, 0x01, 0x00, 0x01, 0x00, 0x01, 0x00,
  0x01, 0x00, 0x01, 0x00, 0x01, 0x00, 0x01, 0x00, 0x01, 0x00, 0x01, 0x00,
  0x01, 0x00, 0x01, 0x00, 0x01, 0x00, 0x51, 0x0c, 0x71, 0x0f, 0x71, 0x0f,
  0xb4, 0x0f, 0xe5, 0x0f, 0xe5, 0x0f, 0xb4, 0x0f, 0x71, 0x0f, 0x71, 0x0f,
  0x51, 0x0c, 0x01, 0x00, 0x01, 0x00, 0x01, 0x00, 0x01, 0x00, 0x01, 0x00,
  0x01, 0x00, 0x01, 0x00, 0x01, 0x00, 0x01, 0x00, 0x01, 0x00, 0x01, 0x00,
  0x01, 0x00, 0x01, 0x00, 0x01, 0x00, 0x01, 0x00, 0x01, 0x00, 0x01, 0x00,
  0x01, 0x00, 0x01, 0x00, 0x01, 0x00, 0x01, 0x00, 0x01, 0x00, 0x01, 0x00,
  0x01, 0x00, 0x01, 0x00, 0x01, 0x00, 0x01, 0x00, 0x01, 0x00, 0x01, 0x00,
  0x01, 0x00, 0x01, 0x00, 0x01, 0x00, 0x01, 0x00, 0x01, 0x00, 0x01, 0x00,
  0x01, 0x00, 0x01, 0x00, 0x01, 0x00, 0x01, 0x00, 0x01, 0x00, 0x01, 0x00,
  0x01, 0x00, 0x01, 0x00, 0x01, 0x00, 0x01, 0x00, 0x01, 0x00, 0x01, 0x00,
  0x01, 0x00, 0x01, 0x00, 0x01, 0x00, 0x01, 0x00, 0x01, 0x00, 0x01, 0x00,
  0x01, 0x00, 0x01, 0x00, 0x01, 0x00, 0x01, 0x00, 0x01, 0x00, 0x01, 0x00,
  0x01, 0x00, 0x01, 0x00, 0x01, 0x00, 0x01, 0x00, 0x01, 0x00, 0x01, 0x00,
  0x01, 0x00, 0x01, 0x00, 0x01, 0x00, 0x01, 0x00, 0x01, 0x00, 0x01, 0x00,
  0x01, 0x00, 0x01, 0x00, 0x01, 0x00, 0x01, 0x00, 0x01, 0x00, 0x01, 0x00,
  0x01, 0x00, 0x01, 0x00, 0x01, 0x00, 0x01, 0x00, 0x01, 0x00, 0x01, 0x00,
  0x01, 0x00, 0x01, 0x00, 0x01, 0x00, 0x01, 0x00, 0x01, 0x00, 0x01, 0x00,
  0x01, 0x00, 0x01, 0x00, 0x01, 0x00, 0x01, 0x00, 0x01, 0x00, 0x01, 0x00,
  0x01, 0x00, 0x01, 0x00, 0x01, 0x00, 0x01, 0x00, 0x01, 0x00, 0x01, 0x00,
  0x01, 0x00, 0x01, 0x00, 0x01, 0x00, 0x01, 0x00, 0x01, 0x00, 0x01, 0x00,
  0x01, 0x00, 0x01, 0x00, 0x01, 0x00, 0x31, 0x07, 0x71, 0x0f, 0x71, 0x0f,
  0x92, 0x0f, 0xe5, 0x0f, 0xe5, 0x0f, 0x92, 0x0f, 0x71, 0x0f, 0x71, 0x0f,
  0x31, 0x07, 0x01, 0x00, 0x01, 0x00, 0x01, 0x00, 0x01, 0x00, 0x01, 0x00,
  0x01, 0x00, 0x01, 0x00, 0x01, 0x00, 0x01, 0x00, 0x01, 0x00, 0x01, 0x00,
  0x01, 0x00, 0x01, 0x00, 0x01, 0x00, 0x01, 0x00, 0x01, 0x00, 0x01, 0x00,
  0x01, 0x00, 0x01, 0x00, 0x01, 0x00, 0x01, 0x00, 0x01, 0x00, 0x01, 0x00,
  0x01, 0x00, 0x01, 0x00, 0x01, 0x00, 0x01, 0x00, 0x01, 0x00, 0x01, 0x00,
  0x01, 0x00, 0x01, 0x00, 0x01, 0x00, 0x01, 0x00, 0x01, 0x00, 0x01, 0x00,
  0x01, 0x00, 0x01, 0x00, 0x01, 0x00, 0x01, 0x00, 0x01, 0x00, 0x01, 0x00,
  0x01, 0x00, 0x01, 0x00, 0x01, 0x00, 0x01, 0x00, 0x01, 0x00, 0x01, 0x00,
  0x01, 0x00, 0x01, 0x00, 0x01, 0x00, 0x01, 0x00, 0x01, 0x00, 0x01, 0x00,
  0x01, 0x00, 0x01, 0x00, 0x01, 0x00, 0x01, 0x00, 0x01, 0x00, 0x01, 0x00,
  0x01, 0x00, 0x01, 0x00, 0x01, 0x00, 0x01, 0x00, 0x01, 0x00, 0x01, 0x00,
  0x01, 0x00, 0x01, 0x00, 0x01, 0x00, 0x01, 0x00, 0x01, 0x00, 0x01, 0x00,
  0x01, 0x00, 0x01, 0x00, 0x01, 0x00, 0x01, 0x00, 0x01, 0x00, 0x01, 0x00,
  0x01, 0x00, 0x01, 0x00, 0x01, 0x00, 0x01, 0x00, 0x01, 0x00, 0x01, 0x00,
  0x01, 0x00, 0x01, 0x00, 0x01, 0x00, 0x01, 0x00, 0x01, 0x00, 0x01, 0x00,
  0x01, 0x00, 0x01, 0x00, 0x01, 0x00, 0x01, 0x00, 0x01, 0x00, 0x01, 0x00,
  0x01, 0x00, 0x01, 0x00, 0x01, 0x00, 0x01, 0x00, 0x01, 0x00, 0x01, 0x00,
  0x01, 0x00, 0x01, 0x00, 0x01, 0x00, 0x01, 0x00, 0x01, 0x00, 0x01, 0x00,
  0x01, 0x00, 0x01, 0x00, 0x01, 0x00, 0x11, 0x02, 0x71, 0x0f, 0x71, 0x0f,
  0x71, 0x0f, 0xe5, 0x0f, 0xe5, 0x0f, 0x71, 0x0f, 0x71, 0x0f, 0x71, 0x0f,
  0x11, 0x02, 0x01, 0x00, 0x01, 0x00, 0x01, 0x00, 0x01, 0x00, 0x01, 0x00,
  0x01, 0x00, 0x01, 0x00, 0x01, 0x00, 0x01, 0x00, 0x01, 0x00, 0x01, 0x00,
  0x01, 0x00, 0x01, 0x00, 0x01, 0x00, 0x01, 0x00, 0xb8, 0x0b, 0x01, 0x00,
  0x01, 0x00, 0x01, 0x00, 0x01, 0x00, 0x01, 0x00, 0x01, 0x00, 0x01, 0x00,
  0x01, 0x00, 0x01, 0x00, 0x01, 0x00, 0x01, 0x00, 0x01, 0x00, 0x01, 0x00,
  0x01, 0x00, 0x01, 0x00, 0x01, 0x00, 0x01, 0x00, 0x01, 0x00, 0x01, 0x00,
  0x01, 0x00, 0x01, 0x00, 0x01, 0x00, 0x01, 0x00, 0x01, 0x00, 0x01, 0x00,
  0x01, 0x00, 0x01, 0x00, 0x01, 0x00, 0x01, 0x00, 0x01, 0x00, 0x01, 0x00,
  0x01, 0x00, 0x01, 0x00, 0x01, 0x00, 0x01, 0x00, 0x01, 0x00, 0x01, 0x00,
  0x01, 0x00, 0x01, 0x00, 0x01, 0x00, 0x01, 0x00, 0x01, 0x00, 0x01, 0x00,
  0x01, 0x00, 0x01, 0x00, 0x01, 0x00, 0x01, 0x00, 0x01, 0x00, 0x01, 0x00,
  0x01, 0x00, 0x01, 0x00, 0x01, 0x00, 0x01, 0x00, 0x01, 0x00, 0x01, 0x00,
  0x01, 0x00, 0x01, 0x00, 0x01, 0x00, 0x01, 0x00, 0x01, 0x00, 0x01, 0x00,
  0x01, 0x00, 0x01, 0x00, 0x01, 0x00, 0x01, 0x00, 0x01, 0x00, 0x01, 0x00,
  0x01, 0x00, 0x01, 0x00, 0x01, 0x00, 0x01, 0x00, 0x01, 0x00, 0x01, 0x00,
  0x01, 0x00, 0x01, 0x00, 0x01, 0x00, 0x01, 0x00, 0x01, 0x00, 0x01, 0x00,
  0x01, 0x00, 0x01, 0x00, 0x01, 0x00, 0x01, 0x00, 0x01, 0x00, 0x01, 0x00,
  0x01, 0x00, 0x01, 0x00, 0x01, 0x00, 0x01, 0x00, 0x01, 0x00, 0x01, 0x00,
  0x01, 0x00, 0x01, 0x00, 0x01, 0x00, 0x01, 0x00, 0x61, 0x0d, 0x71, 0x0f,
  0x71, 0x0f, 0xc4, 0x0f, 0xc4, 0x0f, 0x71, 0x0f, 0x71, 0x0f, 0x61, 0x0d,
  0x01, 0x00, 0x01, 0x00, 0x01, 0x00, 0x01, 0x00, 0x01, 0x00, 0x01, 0x00,
  0x01, 0x00, 0x01, 0x00, 0x01, 0x00, 0x01, 0x00, 0x01, 0x00, 0x01, 0x00,
  0x01, 0x00, 0x01, 0x00, 0x01, 0x00, 0x01, 0x00, 0x01, 0x00, 0x01, 0x00,
  0x01, 0x00, 0x01, 0x00, 0x01, 0x00, 0x01, 0x00, 0x01, 0x00, 0x01, 0x00,
  0x01, 0x00, 0x01, 0x00, 0x01, 0x00, 0x01, 0x00, 0x01, 0x00, 0x01, 0x00,
  0x01, 0x00, 0x01, 0x00, 0x01, 0x00, 0x01, 0x00, 0x01, 0x00, 0x01, 0x00,
  0x01, 0x00, 0x01, 0x00, 0x01, 0x00, 0x01, 0x00, 0x01, 0x00, 0x01, 0x00,
  0x01, 0x00, 0x01, 0x00, 0x01, 0x00, 0x01, 0x00, 0x01, 0x00, 0x01, 0x00,
  0x01, 0x00, 0x01, 0x00, 0x01, 0x00, 0x01, 0x00, 0x01, 0x00, 0x01, 0x00,
  0x01, 0x00, 0x01, 0x00, 0x01, 0x00, 0x01, 0x00, 0x01, 0x00, 0x01, 0x00,
  0x01, 0x00, 0x01, 0x00, 0x01, 0x00, 0x01, 0x00, 0x01, 0x00, 0x01, 0x00,
  0x01, 0x00, 0x01, 0x00, 0x01, 0x00, 0x01, 0x00, 0x01, 0x00, 0x01, 0x00,
  0x01, 0x00, 0x01, 0x00, 0x01, 0x00, 0x01, 0x00, 0x01, 0x00, 0x01, 0x00,
  0x01, 0x00, 0x01, 0x00, 0x01, 0x00, 0x01, 0x00, 0x01, 0x00, 0x01, 0x00,
  0x01, 0x00, 0x01, 0x00, 0x01, 0x00, 0x01, 0x00, 0x01, 0x00, 0x01, 0x00,
  0x01, 0x00, 0x01, 0x00, 0x01, 0x00, 0x01, 0x00, 0x01, 0x00, 0x01, 0x00,
  0x01, 0x00, 0x01, 0x00, 0x01, 0x00, 0x01, 0x00, 0x01, 0x00, 0x01, 0x00,
  0x01, 0x00, 0x01, 0x00, 0x01, 0x00, 0x01, 0x00, 0x01, 0x00, 0x01, 0x00,
  0x01, 0x00, 0x01, 0x00, 0x01, 0x00, 0x01, 0x00, 0x31, 0x07, 0x71, 0x0f,
  0x71, 0x0f, 0xa3, 0x0f, 0xa3, 0x0f, 0x71, 0x0f, 0x71, 0x0f, 0x31, 0x07,
  0x01, 0x00, 0x01, 0x00, 0x01, 0x00, 0x01, 0x00, 0x01, 0x00, 0x01, 0x00,
  0x01, 0x00, 0x01, 0x00, 0x01, 0x00, 0x01, 0x00, 0x01, 0x00, 0x01, 0x00,
  0x01, 0x00, 0x01, 0x00, 0x01, 0x00, 0x01, 0x00, 0x01, 0x00, 0x01, 0x00,
  0x01, 0x00, 0x01, 0x00, 0x01, 0x00, 0x01, 0x00, 0x01, 0x00, 0x01, 0x00,
  0x01, 0x00, 0x01, 0x00, 0x01, 0x00, 0x01, 0x00, 0x01, 0x00, 0x01, 0x00,
  0x01, 0x00, 0x01, 0x00, 0x01, 0x00, 0x01, 0x00, 0x01, 0x00, 0x01, 0x00,
  0x01, 0x00, 0x01, 0x00, 0x01, 0x00, 0x01, 0x00, 0x01, 0x00, 0x01, 0x00,
  0x01, 0x00, 0x01, 0x00, 0x01, 0x00, 0x01, 0x00, 0x01, 0x00, 0x01, 0x00,
  0x01, 0x00, 0x01, 0x00, 0x01, 0x00, 0x01, 0x00, 0x01, 0x00, 0x01, 0x00,
  0x01, 0x00, 0x01, 0x00, 0x01, 0x00, 0x01, 0x00, 0x01, 0x00, 0x01, 0x00,
  0x01, 0x00, 0x01, 0x00, 0x01, 0x00, 0x01, 0x00, 0x01, 0x00, 0x01, 0x00,
  0x01, 0x00, 0x01, 0x00, 0x01, 0x00, 0x01, 0x00, 0x01, 0x00, 0x01, 0x00,
  0x01, 0x00, 0x01, 0x00, 0x01, 0x00, 0x8b, 0x07, 0x01, 0x00, 0x01, 0x00,
  0x01, 0x00, 0x01, 0x00, 0x01, 0x00, 0x01, 0x00, 0x01, 0x00, 0x01, 0x00,
  0x01, 0x00, 0x01, 0x00, 0x01, 0x00, 0x01, 0x00, 0x01, 0x00, 0x01, 0x00,
  0x01, 0x00, 0x01, 0x00, 0x01, 0x00, 0x01, 0x00, 0x01, 0x00, 0x01, 0x00,
  0x01, 0x00, 0x01, 0x00, 0x01, 0x00, 0x01, 0x00, 0x01, 0x00, 0x01, 0x00,
  0x01, 0x00, 0x01, 0x00, 0x01, 0x00, 0x01, 0x00, 0x01, 0x00, 0x01, 0x00,
  0x01, 0x00, 0x01, 0x00, 0x01, 0x00, 0x01, 0x00, 0x11, 0x02, 0x71, 0x0f,
  0x71, 0x0f, 0x81, 0x0f, 0x81, 0x0f, 0x71, 0x0f, 0x71, 0x0f, 0x11, 0x02,
  0x01, 0x00, 0x01, 0x00, 0x01, 0x00, 0x01, 0x00, 0x01, 0x00, 0x01, 0x00,
  0x01, 0x00, 0x01, 0x00, 0x01, 0x00, 0x01, 0x00, 0x01, 0x00, 0x01, 0x00,
  0x01, 0x00, 0x01, 0x00, 0x01, 0x00, 0x01, 0x00, 0x01, 0x00, 0x01, 0x00,
  0x01, 0x00, 0x01, 0x00, 0x01, 0x00, 0x01, 0x00, 0x01, 0x00, 0x01, 0x00,
  0x01, 0x00, 0x01, 0x00, 0x01, 0x00, 0x01, 0x00, 0x01, 0x00, 0x01, 0x00,
  0x01, 0x00, 0x01, 0x00, 0x01, 0x00, 0x01, 0x00, 0x01, 0x00, 0x01, 0x00,
  0x01, 0x00, 0x01, 0x00, 0x01, 0x00, 0x01, 0x00, 0x01, 0x00, 0x01, 0x00,
  0x01, 0x00, 0x01, 0x00, 0x01, 0x00, 0x01, 0x00, 0x01, 0x00, 0x01, 0x00,
  0x01, 0x00, 0x01, 0x00, 0x01, 0x00, 0x01, 0x00, 0x01, 0x00, 0x01, 0x00,
  0x01, 0x00, 0x01, 0x00, 0x01, 0x00, 0x01, 0x00, 0x01, 0x00, 0x01, 0x00,
  0x01, 0x00, 0x01, 0x00, 0x01, 0x00, 0x01, 0x00, 0x01, 0x00, 0x01, 0x00,
  0x01, 0x00, 0x01, 0x00, 0x01, 0x00, 0x01, 0x00, 0x01, 0x00, 0x01, 0x00,
  0x01, 0x00, 0x01, 0x00, 0x01, 0x00, 0x01, 0x00, 0x01, 0x00, 0x01, 0x00,
  0x01, 0x00, 0x01, 0x00, 0x01, 0x00, 0x01, 0x00, 0x01, 0x00, 0x01, 0x00,
  0x01, 0x00, 0x01, 0x00, 0x01, 0x00, 0x01, 0x00, 0x01, 0x00, 0x01, 0x00,
  0x01, 0x00, 0x01, 0x00, 0x01, 0x00, 0x01, 0x00, 0x01, 0x00, 0x01, 0x00,
  0x01, 0x00, 0x01, 0x00, 0x01, 0x00, 0x01, 0x00, 0x01, 0x00, 0x01, 0x00,
  0x01, 0x00, 0x01, 0x00, 0x01, 0x00, 0x01, 0x00, 0x01, 0x00, 0x01, 0x00,
  0x01, 0x00, 0x01, 0x00, 0x01, 0x00, 0x01, 0x00, 0x01, 0x00, 0x61, 0x0d,
  0x71, 0x0f, 0x71, 0x0f, 0x71, 0x0f, 0x71, 0x0f, 0x61, 0x0d, 0x01, 0x00,
  0x01, 0x00, 0x01, 0x00, 0x01, 0x00, 0x01, 0x00, 0x01, 0x00, 0x01, 0x00,
  0x01, 0x00, 0x01, 0x00, 0x01, 0x00, 0x01, 0x00, 0x01, 0x00, 0x01, 0x00,
  0x01, 0x00, 0x01, 0x00, 0x01, 0x00, 0x01, 0x00, 0x01, 0x00, 0x01, 0x00,
  0x01, 0x00, 0x01, 0x00, 0x01, 0x00, 0x01, 0x00, 0x01, 0x00, 0x01, 0x00,
  0x01, 0x00, 0x01, 0x00, 0x01, 0x00, 0x01, 0x00, 0x01, 0x00, 0x01, 0x00,
  0x01, 0x00, 0x01, 0x00, 0x01, 0x00, 0x01, 0x00, 0x01, 0x00, 0x01, 0x00,
  0x01, 0x00, 0x01, 0x00, 0x01, 0x00, 0x01, 0x00, 0x01, 0x00, 0x01, 0x00,
  0x01, 0x00, 0x01, 0x00, 0x01, 0x00, 0x01, 0x00, 0x01, 0x00, 0x01, 0x00,
  0x01, 0x00, 0x01, 0x00, 0x01, 0x00, 0x01, 0x00, 0x01, 0x00, 0x01, 0x00,
  0x01, 0x00, 0x01, 0x00, 0x01, 0x00, 0x01, 0x00, 0x01, 0x00, 0x01, 0x00,
  0x01, 0x00, 0x01, 0x00, 0x01, 0x00, 0x01, 0x00, 0x01, 0x00, 0x01, 0x00,
  0x01, 0x00, 0x01, 0x00, 0x01, 0x00, 0x01, 0x00, 0x01, 0x00, 0x01, 0x00,
  0x01, 0x00, 0x01, 0x00, 0x01, 0x00, 0x01, 0x00, 0x01, 0x00, 0x01, 0x00,
  0x01, 0x00, 0x01, 0x00, 0x01, 0x00, 0x01, 0x00, 0x01, 0x00, 0x01, 0x00,
  0x01, 0x00, 0x01, 0x00, 0x01, 0x00, 0x01, 0x00, 0x01, 0x00, 0x01, 0x00,
  0x01, 0x00, 0x01, 0x00, 0x01, 0x00, 0x01, 0x00, 0x01, 0x00, 0x01, 0x00,
  0x01, 0x00, 0x01, 0x00, 0x01, 0x00, 0x01, 0x00, 0x01, 0x00, 0x01, 0x00,
  0x01, 0x00, 0x01, 0x00, 0x01, 0x00, 0x01, 0x00, 0x01, 0x00, 0x01, 0x00,
  0x01, 0x00, 0x01, 0x00, 0x01, 0x00, 0x01, 0x00, 0x01, 0x00, 0x31, 0x07,
  0x71, 0x0f, 0x71, 0x0f, 0x71, 0x0f, 0x71, 0x0f, 0x31, 0x07, 0x01, 0x00,
  0x01, 0x00, 0x01, 0x00, 0x01, 0x00, 0x01, 0x00, 0x01, 0x00, 0x01, 0x00,
  0x01, 0x00, 0x01, 0x00, 0x01, 0x00, 0x01, 0x00, 0x01, 0x00, 0x01, 0x00,
  0x01, 0x00, 0x01, 0x00, 0x01, 0x00, 0x01, 0x00, 0x01, 0x00, 0x01, 0x00,
  0x01, 0x00, 0x01, 0x00, 0x01, 0x00, 0x01, 0x00, 0x01, 0x00, 0x01, 0x00,
  0x01, 0x00, 0x01, 0x00, 0x01, 0x00, 0x01, 0x00, 0x01, 0x00, 0x01, 0x00,
  0x01, 0x00, 0x01, 0x00, 0x01, 0x00, 0x01, 0x00, 0x01, 0x00, 0x01, 0x00,
  0x01, 0x00, 0x01, 0x00, 0x01, 0x00, 0x01, 0x00, 0x01, 0x00, 0x01, 0x00,
  0x01, 0x00, 0x01, 0x00, 0x01, 0x00, 0x01, 0x00, 0x01, 0x00, 0x01, 0x00,
  0x01, 0x00, 0x01, 0x00, 0x01, 0x00, 0x01, 0x00, 0x01, 0x00, 0x01, 0x00,
  0x01, 0x00, 0x01, 0x00, 0x01, 0x00, 0xdd, 0x0d, 0x01, 0x00, 0x01, 0x00,
  0x01, 0x00, 0x01, 0x00, 0x01, 0x00, 0x01, 0x00, 0xff, 0x0f, 0x01, 0x00,
  0x01, 0x00, 0x01, 0x00, 0x01, 0x00, 0x01, 0x00, 0x01, 0x00, 0x01, 0x00,
  0x01, 0x00, 0x01, 0x00, 0x01, 0x00, 0x01, 0x00, 0x01, 0x00, 0x01, 0x00,
  0x01, 0x00, 0x01, 0x00, 0x01, 0x00, 0x01, 0x00, 0x01, 0x00, 0x01, 0x00,
  0x01, 0x00, 0x01, 0x00, 0x01, 0x00, 0x01, 0x00, 0x01, 0x00, 0x01, 0x00,
  0x01, 0x00, 0x01, 0x00, 0x01, 0x00, 0x01, 0x00, 0x01, 0x00, 0x01, 0x00,
  0x01, 0x00, 0x01, 0x00, 0x01, 0x00, 0x01, 0x00, 0x01, 0x00, 0x01, 0x00,
  0x01, 0x00, 0x01, 0x00, 0x01, 0x00, 0x01, 0x00, 0x01, 0x00, 0x01, 0x00,
  0x01, 0x00, 0x01, 0x00, 0x01, 0x00, 0x01, 0x00, 0x01, 0x00, 0x11, 0x02,
  0x71, 0x0f, 0x71, 0x0f, 0x71, 0x0f, 0x71, 0x0f, 0x11, 0x02, 0x01, 0x00,
  0x01, 0x00, 0x01, 0x00, 0x01, 0x00, 0x01, 0x00, 0x01, 0x00, 0x01, 0x00,
  0x01, 0x00, 0x01, 0x00, 0x01, 0x00, 0x01, 0x00, 0x01, 0x00, 0x01, 0x00,
  0x01, 0x00, 0x01, 0x00, 0x01, 0x00, 0x01, 0x00, 0x01, 0x00, 0x01, 0x00,
  0x01, 0x00, 0x01, 0x00, 0x01, 0x00, 0x01, 0x00, 0x01, 0x00, 0x01, 0x00,
  0x01, 0x00, 0x01, 0x00, 0x01, 0x00, 0x01, 0x00, 0x01, 0x00, 0x01, 0x00,
  0x01, 0x00, 0x01, 0x00, 0x01, 0x00, 0x01, 0x00, 0x01, 0x00, 0x01, 0x00,
  0x01, 0x00, 0x01, 0x00, 0x01, 0x00, 0x01, 0x00, 0x01, 0x00, 0x01, 0x00,
  0x01, 0x00, 0x01, 0x00, 0x01, 0x00, 0x01, 0x00, 0x01, 0x00, 0x01, 0x00,
  0x01, 0x00, 0x01, 0x00, 0x01, 0x00, 0x01, 0x00, 0x01, 0x00, 0x01, 0x00,
  0x01, 0x00, 0x01, 0x00, 0x01, 0x00, 0x01, 0x00, 0x01, 0x00, 0x01, 0x00,
  0x01, 0x00, 0x01, 0x00, 0x01, 0x00, 0x01, 0x00, 0x01, 0x00, 0x01, 0x00,
  0x01, 0x00, 0x01, 0x00, 0x01, 0x00, 0x01, 0x00, 0x01, 0x00, 0x01, 0x00,
  0x01, 0x00, 0x01, 0x00, 0x01, 0x00, 0x01, 0x00, 0x01, 0x00, 0x01, 0x00,
  0x01, 0x00, 0x01, 0x00, 0x01, 0x00, 0x01, 0x00, 0x01, 0x00, 0x01, 0x00,
  0x01, 0x00, 0x01, 0x00, 0x01, 0x00, 0x01, 0x00, 0x01, 0x00, 0x01, 0x00,
  0x01, 0x00, 0x01, 0x00, 0x01, 0x00, 0x01, 0x00, 0x01, 0x00, 0x01, 0x00,
  0x01, 0x00, 0x01, 0x00, 0x01, 0x00, 0x01, 0x00, 0x01, 0x00, 0x01, 0x00,
  0x01, 0x00, 0x01, 0x00, 0x01, 0x00, 0x01, 0x00, 0x01, 0x00, 0x01, 0x00,
  0x01, 0x00, 0x01, 0x00, 0x01, 0x00, 0x01, 0x00, 0x01, 0x00, 0x01, 0x00,
  0x61, 0x0d, 0x71, 0x0f, 0x71, 0x0f, 0x61, 0x0d, 0x01, 0x00, 0x01, 0x00,
  0x01, 0x00, 0x01, 0x00, 0x01, 0x00, 0x01, 0x00, 0x01, 0x00, 0x01, 0x00,
  0x01, 0x00, 0x01, 0x00, 0x01, 0x00, 0x01, 0x00, 0x01, 0x00, 0x01, 0x00,
  0x01, 0x00, 0x01, 0x00, 0x01, 0x00, 0x01, 0x00, 0x01, 0x00, 0x01, 0x00,
  0x01, 0x00, 0x01, 0x00, 0x01, 0x00, 0x01, 0x00, 0x01, 0x00, 0x01, 0x00,
  0x01, 0x00, 0x01, 0x00, 0x01, 0x00, 0x01, 0x00, 0x01, 0x00, 0x01, 0x00,
  0x01, 0x00, 0x01, 0x00, 0x01, 0x00, 0x01, 0x00, 0x01, 0x00, 0x01, 0x00,
  0x01, 0x00, 0x01, 0x00, 0x01, 0x00, 0x01, 0x00, 0x01, 0x00, 0x01, 0x00,
  0x01, 0x00, 0x01, 0x00, 0x01, 0x00, 0x01, 0x00, 0x01, 0x00, 0x01, 0x00,
  0x01, 0x00, 0x01, 0x00, 0x01, 0x00, 0x01, 0x00, 0x01, 0x00, 0x01, 0x00,
  0x01, 0x00, 0x01, 0x00, 0x01, 0x00, 0x01, 0x00, 0x01, 0x00, 0x01, 0x00,
  0x01, 0x00, 0x01, 0x00, 0x01, 0x00, 0x01, 0x00, 0x01, 0x00, 0x01, 0x00,
  0x01, 0x00, 0x01, 0x00, 0x01, 0x00, 0x01, 0x00, 0x01, 0x00, 0x01, 0x00,
  0x01, 0x00, 0x01, 0x00, 0x01, 0x00, 0x01, 0x00, 0x01, 0x00, 0x01, 0x00,
  0x01, 0x00, 0x01, 0x00, 0x01, 0x00, 0x01, 0x00, 0x01, 0x00, 0x01, 0x00,
  0x01, 0x00, 0x01, 0x00, 0x01, 0x00, 0x01, 0x00, 0x01, 0x00, 0x01, 0x00,
  0x01, 0x00, 0x01, 0x00, 0x01, 0x00, 0x01, 0x00, 0x01, 0x00, 0x01, 0x00,
  0x01, 0x00, 0x01, 0x00, 0x01, 0x00, 0x01, 0x00, 0x01, 0x00, 0x01, 0x00,
  0x01, 0x00, 0x01, 0x00, 0x01, 0x00, 0x01, 0x00, 0x01, 0x00, 0x01, 0x00,
  0x01, 0x00, 0x01, 0x00, 0x01, 0x00, 0x01, 0x00, 0x01, 0x00, 0x01, 0x00,
  0x31, 0x07, 0x71, 0x0f, 0x71, 0x0f, 0x31, 0x07, 0x01, 0x00, 0x01, 0x00,
  0x01, 0x00, 0x01, 0x00, 0x01, 0x00, 0x01, 0x00, 0x01, 0x00, 0x01, 0x00,
  0x01, 0x00, 0x01, 0x00, 0x01, 0x00, 0x01, 0x00, 0x01, 0x00, 0x01, 0x00,
  0x01, 0x00, 0x01, 0x00, 0x01, 0x00, 0x01, 0x00, 0x01, 0x00, 0x01, 0x00,
  0x01, 0x00, 0x01, 0x00, 0x01, 0x00, 0x01, 0x00, 0x01, 0x00, 0x01, 0x00,
  0x01, 0x00, 0x01, 0x00, 0x01, 0x00, 0x01, 0x00, 0x01, 0x00, 0x01, 0x00,
  0x01, 0x00, 0x01, 0x00, 0x01, 0x00, 0x01, 0x00, 0x01, 0x00, 0x01, 0x00,
  0x01, 0x00, 0x01, 0x00, 0xaa, 0x0f, 0x01, 0x00, 0x01, 0x00, 0x01, 0x00,
  0x01, 0x00, 0x01, 0x00, 0x01, 0x00, 0x01, 0x00, 0x01, 0x00, 0x01, 0x00,
  0x01, 0x00, 0x01, 0x00, 0x01, 0x00, 0x01, 0x00, 0x01, 0x00, 0x01, 0x00,
  0x01, 0x00, 0x01, 0x00, 0x01, 0x00, 0x01, 0x00, 0x01, 0x00, 0x01, 0x00,
  0x01, 0x00, 0x01, 0x00, 0x01, 0x00, 0x01, 0x00, 0x01, 0x00, 0x01, 0x00,
  0x01, 0x00, 0x01, 0x00, 0x01, 0x00, 0x01, 0x00, 0x01, 0x00, 0xad, 0x09,
  0x01, 0x00, 0x01, 0x00, 0x01, 0x00, 0x01, 0x00, 0x01, 0x00, 0x01, 0x00,
  0x01, 0x00, 0x01, 0x00, 0x01, 0x00, 0x01, 0x00, 0x01, 0x00, 0x01, 0x00,
  0x01, 0x00, 0x01, 0x00, 0x01, 0x00, 0x01, 0x00, 0x01, 0x00, 0x01, 0x00,
  0x01, 0x00, 0x01, 0x00, 0x01, 0x00, 0x01, 0x00, 0x01, 0x00, 0x01, 0x00,
  0x01, 0x00, 0x01, 0x00, 0x01, 0x00, 0x01, 0x00, 0x01, 0x00, 0x01, 0x00,
  0x01, 0x00, 0x01, 0x00, 0x01, 0x00, 0x01, 0x00, 0x01, 0x00, 0x01, 0x00,
  0x01, 0x00, 0x01, 0x00, 0x01, 0x00, 0x01, 0x00, 0x01, 0x00, 0x01, 0x00,
  0x11, 0x02, 0x71, 0x0f, 0x71, 0x0f, 0x11, 0x02, 0x01, 0x00, 0x01, 0x00,
  0x01, 0x00, 0x01, 0x00, 0x01, 0x00, 0x01, 0x00, 0x01, 0x00, 0x01, 0x00,
  0x01, 0x00, 0x01, 0x00, 0x01, 0x00, 0x01, 0x00, 0x01, 0x00, 0x01, 0x00,
  0x01, 0x00, 0x01, 0x00, 0x01, 0x00, 0x01, 0x00, 0x01, 0x00, 0x01, 0x00,
  0x01, 0x00, 0x01, 0x00, 0x01, 0x00, 0x01, 0x00, 0x01, 0x00, 0x01, 0x00,
  0x01, 0x00, 0x01, 0x00, 0x01, 0x00, 0x01, 0x00, 0x01, 0x00, 0x01, 0x00,
  0x01, 0x00, 0x01, 0x00, 0x01, 0x00, 0x01, 0x00, 0x01, 0x00, 0x01, 0x00,
  0x01, 0x00, 0x01, 0x00, 0x01, 0x00, 0x01, 0x00, 0x01, 0x00, 0x01, 0x00,
  0x01, 0x00, 0x01, 0x00, 0x01, 0x00, 0x01, 0x00, 0x01, 0x00, 0x01, 0x00,
  0x01, 0x00, 0x01, 0x00, 0x01, 0x00, 0x01, 0x00, 0x01, 0x00, 0x01, 0x00,
  0x01, 0x00, 0x01, 0x00, 0x01, 0x00, 0x01, 0x00, 0x01, 0x00, 0x01, 0x00,
  0x01, 0x00, 0x01, 0x00, 0x01, 0x00, 0x01, 0x00, 0x01, 0x00, 0x01, 0x00,
  0x01, 0x00, 0x01, 0x00, 0x01, 0x00, 0x01, 0x00, 0x01, 0x00, 0x01, 0x00,
  0x01, 0x00, 0x01, 0x00, 0x01, 0x00, 0x01, 0x00, 0x01, 0x00, 0x01, 0x00,
  0x01, 0x00, 0x01, 0x00, 0x01, 0x00, 0x01, 0x00, 0x01, 0x00, 0x01, 0x00,
  0x01, 0x00, 0x01, 0x00, 0x01, 0x00, 0x01, 0x00, 0x01, 0x00, 0x01, 0x00,
  0x01, 0x00, 0x01, 0x00, 0x01, 0x00, 0x01, 0x00, 0x01, 0x00, 0x01, 0x00,
  0x01, 0x00, 0x01, 0x00, 0x01, 0x00, 0x01, 0x00, 0x01, 0x00, 0x01, 0x00,
  0x01, 0x00, 0x01, 0x00, 0x01, 0x00, 0x01, 0x00, 0x01, 0x00, 0x01, 0x00,
  0x01, 0x00, 0x01, 0x00, 0x01, 0x00, 0x01, 0x00, 0x01, 0x00, 0x01, 0x00,
  0x01, 0x00, 0x61, 0x0d, 0x61, 0x0d, 0x01, 0x00, 0x01, 0x00, 0x01, 0x00,
  0x01, 0x00, 0x01, 0x00, 0x01, 0x00, 0x01, 0x00, 0x01, 0x00, 0x01, 0x00,
  0x01, 0x00, 0x01, 0x00, 0x01, 0x00, 0x01, 0x00, 0x01, 0x00, 0x01, 0x00,
  0x01, 0x00, 0x01, 0x00, 0x01, 0x00, 0x01, 0x00, 0x01, 0x00, 0x01, 0x00,
  0x01, 0x00, 0x01, 0x00, 0x01, 0x00, 0x01, 0x00, 0x01, 0x00, 0x01, 0x00,
  0x01, 0x00, 0x01, 0x00, 0x01, 0x00, 0x01, 0x00, 0x01, 0x00, 0x01, 0x00,
  0x01, 0x00, 0x01, 0x00, 0x01, 0x00, 0x01, 0x00, 0x01, 0x00, 0x01, 0x00,
  0x01, 0x00, 0x01, 0x00, 0x01, 0x00, 0x01, 0x00, 0x01, 0x00, 0x01, 0x00,
  0x01, 0x00, 0x01, 0x00, 0x01, 0x00, 0x01, 0x00, 0x01, 0x00, 0x01, 0x00,
  0x01, 0x00, 0x01, 0x00, 0x01, 0x00, 0x01, 0x00, 0x01, 0x00, 0x01, 0x00,
  0x01, 0x00, 0x01, 0x00, 0x01, 0x00, 0x01, 0x00, 0x01, 0x00, 0x01, 0x00,
  0x01, 0x00, 0x01, 0x00, 0x01, 0x00, 0x01, 0x00, 0x01, 0x00, 0x01, 0x00,
  0x01, 0x00, 0x01, 0x00, 0x01, 0x00, 0x01, 0x00, 0x01, 0x00, 0x01, 0x00,
  0x01, 0x00, 0x01, 0x00, 0x01, 0x00, 0x01, 0x00, 0x01, 0x00, 0x01, 0x00,
  0x01, 0x00, 0x01, 0x00, 0x01, 0x00, 0x01, 0x00, 0x01, 0x00, 0x01, 0x00,
  0x01, 0x00, 0x01, 0x00, 0x01, 0x00, 0x01, 0x00, 0x01, 0x00, 0x01, 0x00,
  0x01, 0x00, 0x01, 0x00, 0x01, 0x00, 0x01, 0x00, 0x01, 0x00, 0x01, 0x00,
  0x01, 0x00, 0x01, 0x00, 0x01, 0x00, 0x01, 0x00, 0x01, 0x00, 0x01, 0x00,
  0x01, 0x00, 0x01, 0x00, 0x01, 0x00, 0x01, 0x00, 0x01, 0x00, 0x01, 0x00,
  0x01, 0x00, 0x01, 0x00, 0x01, 0x00, 0x01, 0x00, 0x01, 0x00, 0x01, 0x00,
  0x01, 0x00, 0x31, 0x07, 0x31, 0x07, 0x01, 0x00, 0x01, 0x00, 0x01, 0x00,
  0x01, 0x00, 0x01, 0x00, 0x01, 0x00, 0x01, 0x00, 0x01, 0x00, 0x01, 0x00,
  0x01, 0x00, 0x01, 0x00, 0x01, 0x00, 0x01, 0x00, 0x01, 0x00, 0x01, 0x00,
  0x01, 0x00, 0x01, 0x00, 0x01, 0x00, 0x01, 0x00, 0x01, 0x00, 0x01, 0x00,
  0x01, 0x00, 0x01, 0x00, 0x01, 0x00, 0x01, 0x00, 0x01, 0x00, 0x01, 0x00,
  0x01, 0x00, 0x01, 0x00, 0xc9, 0x0d, 0x01, 0x00, 0x01, 0x00, 0x01, 0x00,
  0x01, 0x00, 0x01, 0x00, 0x01, 0x00, 0x01, 0x00, 0x01, 0x00, 0x01, 0x00,
  0x01, 0x00, 0x01, 0x00, 0x01, 0x00, 0x01, 0x00, 0x01, 0x00, 0x01, 0x00,
  0x01, 0x00, 0x01, 0x00, 0x01, 0x00, 0x01, 0x00, 0x01, 0x00, 0x01, 0x00,
  0x01, 0x00, 0x01, 0x00, 0x01, 0x00, 0x01, 0x00, 0x01, 0x00, 0x01, 0x00,
  0x01, 0x00, 0x01, 0x00, 0x01, 0x00, 0x01, 0x00, 0x01, 0x00, 0x01, 0x00,
  0xbe, 0x09, 0x01, 0x00, 0x01, 0x00, 0x01, 0x00, 0x01, 0x00, 0x01, 0x00,
  0x01, 0x00, 0x01, 0x00, 0x01, 0x00, 0x01, 0x00, 0x01, 0x00, 0x01, 0x00,
  0x01, 0x00, 0x01, 0x00, 0x01, 0x00, 0x01, 0x00, 0x01, 0x00, 0x01, 0x00,
  0x01, 0x00, 0x01, 0x00, 0x01, 0x00, 0x01, 0x00, 0x01, 0x00, 0x01, 0x00,
  0x01, 0x00, 0x01, 0x00, 0x01, 0x00, 0x01, 0x00, 0x01, 0x00, 0x01, 0x00,
  0x01, 0x00, 0x01, 0x00, 0x01, 0x00, 0x01, 0x00, 0x01, 0x00, 0x01, 0x00,
  0x01, 0x00, 0x01, 0x00, 0x01, 0x00, 0x01, 0x00, 0x01, 0x00, 0x01, 0x00,
  0x01, 0x00, 0x01, 0x00, 0x01, 0x00, 0x01, 0x00, 0x01, 0x00, 0x01, 0x00,
  0x01, 0x00, 0x01, 0x00, 0x01, 0x00, 0x01, 0x00, 0x01, 0x00, 0x01, 0x00,
  0x01, 0x00, 0x11, 0x02, 0x11, 0x02, 0x01, 0x00, 0x01, 0x00, 0x01, 0x00,
  0x01, 0x00, 0x01, 0x00, 0x01, 0x00, 0x01, 0x00, 0x01, 0x00, 0x01, 0x00,
  0x01, 0x00, 0x01, 0x00, 0x01, 0x00, 0x01, 0x00, 0x01, 0x00, 0x01, 0x00,
  0x01, 0x00, 0x01, 0x00, 0x01, 0x00, 0x01, 0x00, 0x01, 0x00, 0x01, 0x00,
  0x01, 0x00, 0x01, 0x00, 0x01, 0x00, 0x01, 0x00, 0x01, 0x00, 0x01, 0x00,
  0x01, 0x00, 0x01, 0x00, 0x01, 0x00, 0x01, 0x00, 0x01, 0x00, 0x01, 0x00,
  0x01, 0x00, 0x01, 0x00, 0x01, 0x00, 0x01, 0x00, 0x01, 0x00, 0x01, 0x00,
  0x01, 0x00, 0x01, 0x00, 0x01, 0x00, 0x01, 0x00, 0x01, 0x00, 0x01, 0x00,
  0x01, 0x00, 0x01, 0x00, 0x01, 0x00, 0x01, 0x00, 0x01, 0x00, 0x01, 0x00,
  0x01, 0x00, 0x01, 0x00, 0x01, 0x00, 0x01, 0x00, 0x01, 0x00, 0x01, 0x00,
  0x01, 0x00, 0x01, 0x00, 0x01, 0x00, 0x01, 0x00, 0x01, 0x00, 0x01, 0x00,
  0x01, 0x00, 0x01, 0x00, 0x01, 0x00, 0x01, 0x00, 0x01, 0x00, 0x01, 0x00,
  0x01, 0x00, 0x01, 0x00, 0x01, 0x00, 0x01, 0x00, 0x01, 0x00, 0x01, 0x00,
  0x01, 0x00, 0x01, 0x00, 0x01, 0x00, 0x01, 0x00, 0x01, 0x00, 0x01, 0x00,
  0x01, 0x00, 0x01, 0x00, 0x01, 0x00, 0x01, 0x00, 0x01, 0x00, 0x01, 0x00,
  0x01, 0x00, 0x01, 0x00, 0x01, 0x00, 0x01, 0x00, 0x01, 0x00, 0x01, 0x00,
  0x01, 0x00, 0x01, 0x00, 0x01, 0x00, 0x01, 0x00, 0x01, 0x00, 0x01, 0x00,
  0x01, 0x00, 0x01, 0x00, 0x01, 0x00, 0x01, 0x00, 0x01, 0x00, 0x01, 0x00,
  0x01, 0x00, 0x01, 0x00, 0x01, 0x00, 0x01, 0x00, 0x01, 0x00, 0x01, 0x00,
  0x01, 0x00, 0x01, 0x00, 0x01, 0x00, 0x01, 0x00, 0x01, 0x00, 0x01, 0x00,
  0x01, 0x00, 0x01, 0x00, 0x01, 0x00, 0x01, 0x00, 0x01, 0x00, 0x01, 0x00,
  0x01, 0x00, 0x01, 0x00, 0x01, 0x00, 0x01, 0x00, 0x01, 0x00, 0x01, 0x00,
  0x01, 0x00, 0x01, 0x00, 0x01, 0x00, 0x01, 0x00, 0x01, 0x00, 0x01, 0x00,
  0x01, 0x00, 0x01, 0x00, 0x01, 0x00, 0x01, 0x00, 0x01, 0x00, 0x01, 0x00,
  0x01, 0x00, 0x01, 0x00, 0x01, 0x00, 0x01, 0x00, 0x01, 0x00, 0x01, 0x00,
  0x01, 0x00, 0x01, 0x00, 0x01, 0x00, 0x01, 0x00, 0x01, 0x00, 0x01, 0x00,
  0x01, 0x00, 0x01, 0x00, 0x01, 0x00, 0x01, 0x00, 0x01, 0x00, 0x01, 0x00,
  0x01, 0x00, 0x01, 0x00, 0x01, 0x00, 0x01, 0x00, 0x01, 0x00, 0x01, 0x00,
  0x01, 0x00, 0x01, 0x00, 0x01, 0x00, 0x01, 0x00, 0x01, 0x00, 0x01, 0x00,
  0x01, 0x00, 0x01, 0x00, 0x01, 0x00, 0x01, 0x00, 0x01, 0x00, 0x01, 0x00,
  0x01, 0x00, 0x01, 0x00, 0x01, 0x00, 0x01, 0x00, 0x01, 0x00, 0x01, 0x00,
  0x01, 0x00, 0x01, 0x00, 0x01, 0x00, 0x01, 0x00, 0x01, 0x00, 0x01, 0x00,
  0x01, 0x00, 0x01, 0x00, 0x01, 0x00, 0x01, 0x00, 0x01, 0x00, 0x01, 0x00,
  0x01, 0x00, 0x01, 0x00, 0x01, 0x00, 0x01, 0x00, 0x01, 0x00, 0x01, 0x00,
  0x01, 0x00, 0x01, 0x00, 0x01, 0x00, 0x01, 0x00, 0x01, 0x00, 0x01, 0x00,
  0x01, 0x00, 0x01, 0x00, 0x01, 0x00, 0x01, 0x00, 0x01, 0x00, 0x01, 0x00,
  0x01, 0x00, 0x01, 0x00, 0x01, 0x00, 0x01, 0x00, 0x01, 0x00, 0x01, 0x00,
  0x01, 0x00, 0x01, 0x00, 0x01, 0x00, 0x01, 0x00, 0x01, 0x00, 0x01, 0x00,
  0x01, 0x00, 0x01, 0x00, 0x01, 0x00, 0x01, 0x00, 0x01, 0x00, 0x01, 0x00,
  0x01, 0x00, 0x01, 0x00, 0x01, 0x00, 0x01, 0x00, 0x01, 0x00, 0x01, 0x00,
  0x01, 0x00, 0x01, 0x00, 0x01, 0x00, 0x01, 0x00, 0x01, 0x00, 0x01, 0x00,
  0x01, 0x00, 0x01, 0x00, 0x01, 0x00, 0x01, 0x00, 0x01, 0x00, 0x01, 0x00,
  0x01, 0x00, 0x01, 0x00, 0x01, 0x00, 0x01, 0x00, 0x01, 0x00, 0x01, 0x00,
  0x01, 0x00, 0x01, 0x00, 0x01, 0x00, 0x01, 0x00, 0x01, 0x00, 0x01, 0x00,
  0x01, 0x00, 0x01, 0x00, 0x01, 0x00, 0x01, 0x00, 0x01, 0x00, 0x01, 0x00,
  0x01, 0x00, 0x01, 0x00, 0x01, 0x00, 0x01, 0x00, 0xac, 0x08, 0x01, 0x00,
  0x01, 0x00, 0x01, 0x00, 0x01, 0x00, 0x01, 0x00, 0x01, 0x00, 0x01, 0x00,
  0x01, 0x00, 0x01, 0x00, 0x01, 0x00, 0x01, 0x00, 0x01, 0x00, 0x01, 0x00,
  0x01, 0x00, 0x01, 0x00, 0x01, 0x00, 0x01, 0x00, 0x01, 0x00, 0x01, 0x00,
  0x01, 0x00, 0x01, 0x00, 0x01, 0x00, 0x01, 0x00, 0x01, 0x00, 0x01, 0x00,
  0x01, 0x00, 0x01, 0x00, 0x01, 0x00, 0x01, 0x00, 0x01, 0x00, 0x01, 0x00,
  0x01, 0x00, 0x01, 0x00, 0x01, 0x00, 0x01, 0x00, 0x01, 0x00, 0x01, 0x00,
  0x01, 0x00, 0x01, 0x00, 0x01, 0x00, 0x01, 0x00, 0x01, 0x00, 0x01, 0x00,
  0x01, 0x00, 0x01, 0x00, 0x01, 0x00, 0x01, 0x00, 0x01, 0x00, 0x01, 0x00,
  0x01, 0x00, 0x01, 0x00, 0x01, 0x00, 0x01, 0x00, 0x01, 0x00, 0x01, 0x00,
  0x01, 0x00, 0x01, 0x00, 0x01, 0x00, 0x01, 0x00, 0x01, 0x00, 0x01, 0x00,
  0x01, 0x00, 0x01, 0x00, 0x01, 0x00, 0x01, 0x00, 0x01, 0x00, 0x01, 0x00,
  0x01, 0x00, 0x01, 0x00, 0x01, 0x00, 0x01, 0x00, 0x01, 0x00, 0x01, 0x00,
  0x01, 0x00, 0x01, 0x00, 0x01, 0x00, 0x01, 0x00, 0x01, 0x00, 0x01, 0x00,
  0x01, 0x00, 0xda, 0x0e, 0x01, 0x00, 0x01, 0x00, 0x01, 0x00, 0x01, 0x00,
  0x01, 0x00, 0x01, 0x00, 0x01, 0x00, 0x01, 0x00, 0x01, 0x00, 0x01, 0x00,
  0x01, 0x00, 0x01, 0x00, 0x01, 0x00, 0x01, 0x00, 0x01, 0x00, 0x01, 0x00,
  0x01, 0x00, 0x01, 0x00, 0x01, 0x00, 0x01, 0x00, 0x01, 0x00, 0x01, 0x00,
  0x01, 0x00, 0x01, 0x00, 0x01, 0x00, 0x01, 0x00, 0x01, 0x00, 0x01, 0x00,
  0x01, 0x00, 0x01, 0x00, 0x01, 0x00, 0x01, 0x00, 0x01, 0x00, 0x01, 0x00,
  0x01, 0x00, 0x01, 0x00, 0x01, 0x00, 0x01, 0x00, 0x01, 0x00, 0x01, 0x00,
  0x01, 0x00, 0x01, 0x00, 0x01, 0x00, 0x01, 0x00, 0x01, 0x00, 0x01, 0x00,
  0x01, 0x00, 0x01, 0x00, 0x01, 0x00, 0x01, 0x00, 0x01, 0x00, 0x01, 0x00,
  0x01, 0x00, 0x01, 0x00, 0x01, 0x00, 0x01, 0x00, 0x01, 0x00, 0x01, 0x00,
  0x01, 0x00, 0x01, 0x00, 0x01, 0x00, 0x01, 0x00, 0x01, 0x00, 0x01, 0x00,
  0x01, 0x00, 0x01, 0x00, 0x01, 0x00, 0x01, 0x00, 0x01, 0x00, 0x01, 0x00,
  0x01, 0x00, 0x01, 0x00, 0x01, 0x00, 0x01, 0x00, 0x01, 0x00, 0x01, 0x00,
  0x01, 0x00, 0x01, 0x00, 0x55, 0x08, 0x01, 0x00, 0x01, 0x00, 0x01, 0x00,
  0x01, 0x00, 0x01, 0x00, 0x01, 0x00, 0x01, 0x00, 0x01, 0x00, 0x01, 0x00,
  0x01, 0x00, 0x01, 0x00, 0x01, 0x00, 0x01, 0x00, 0x01, 0x00, 0x01, 0x00,
  0x01, 0x00, 0x01, 0x00, 0x01, 0x00, 0x01, 0x00, 0x01, 0x00, 0x01, 0x00,
  0x01, 0x00, 0x01, 0x00, 0x01, 0x00, 0x01, 0x00, 0x01, 0x00, 0x01, 0x00,
  0x01, 0x00, 0x01, 0x00, 0x01, 0x00, 0x01, 0x00, 0x01, 0x00, 0x01, 0x00,
  0x01, 0x00, 0x01, 0x00, 0x01, 0x00, 0x01, 0x00, 0x01, 0x00, 0x01, 0x00,
  0x01, 0x00, 0x01, 0x00, 0x01, 0x00, 0x01, 0x00, 0x01, 0x00, 0x01, 0x00,
  0x65, 0x05, 0x01, 0x00, 0x01, 0x00, 0x01, 0x00, 0x01, 0x00, 0x01, 0x00,
  0x01, 0x00, 0x01, 0x00, 0x01, 0x00, 0x01, 0x00, 0x01, 0x00, 0x01, 0x00,
  0x01, 0x00, 0x01, 0x00, 0x01, 0x00, 0x01, 0x00, 0x01, 0x00, 0x01, 0x00,
  0x01, 0x00, 0x01, 0x00, 0x01, 0x00, 0x01, 0x00, 0x01, 0x00, 0x01, 0x00,
  0x01, 0x00, 0x01, 0x00, 0x01, 0x00, 0x01, 0x00, 0x01, 0x00, 0x01, 0x00,
  0x01, 0x00, 0x01, 0x00, 0x01, 0x00, 0x01, 0x00, 0x01, 0x00, 0x01, 0x00,
  0x01, 0x00, 0x01, 0x00, 0x01, 0x00, 0x01, 0x00, 0x01, 0x00, 0x01, 0x00,
  0x01, 0x00, 0x01, 0x00, 0x01, 0x00, 0x01, 0x00, 0x01, 0x00, 0x01, 0x00,
  0x01, 0x00, 0x01, 0x00, 0x01, 0x00, 0x01, 0x00, 0x01, 0x00, 0x01, 0x00,
  0x01, 0x00, 0x01, 0x00, 0x01, 0x00, 0x01, 0x00, 0x01, 0x00, 0x01, 0x00,
  0x01, 0x00, 0x01, 0x00, 0x01, 0x00, 0x01, 0x00, 0x01, 0x00, 0x01, 0x00,
  0x01, 0x00, 0x01, 0x00, 0x01, 0x00, 0x01, 0x00, 0x01, 0x00, 0x01, 0x00,
  0x01, 0x00, 0x01, 0x00, 0x01, 0x00, 0x01, 0x00, 0x01, 0x00, 0x01, 0x00,
  0x01, 0x00, 0x01, 0x00, 0x01, 0x00, 0x01, 0x00, 0x01, 0x00, 0x01, 0x00,
  0x01, 0x00, 0x01, 0x00, 0x01, 0x00, 0x01, 0x00, 0x01, 0x00, 0x01, 0x00,
  0x01, 0x00, 0x01, 0x00, 0x01, 0x00, 0x01, 0x00, 0x01, 0x00, 0x01, 0x00,
  0x01, 0x00, 0x01, 0x00, 0x01, 0x00, 0x01, 0x00, 0x01, 0x00, 0x01, 0x00,
  0x01, 0x00, 0x01, 0x00, 0x01, 0x00, 0x01, 0x00, 0x01, 0x00, 0x01, 0x00,
  0x01, 0x00, 0x01, 0x00, 0x01, 0x00, 0x01, 0x00, 0x01, 0x00, 0x01, 0x00,
  0x01, 0x00, 0x8a, 0x07, 0x01, 0x00, 0x01, 0x00, 0x01, 0x00, 0x01, 0x00,
  0x01, 0x00, 0x01, 0x00, 0x01, 0x00, 0x01, 0x00, 0x01, 0x00, 0x01, 0x00,
  0x01, 0x00, 0x01, 0x00, 0x01, 0x00, 0x01, 0x00, 0x01, 0x00, 0x01, 0x00,
  0x01, 0x00, 0x01, 0x00, 0x01, 0x00, 0x01, 0x00, 0x01, 0x00, 0x01, 0x00,
  0x01, 0x00, 0x01, 0x00, 0x01, 0x00, 0x9c, 0x08, 0x01, 0x00, 0x01, 0x00,
  0x01, 0x00, 0x01, 0x00, 0x01, 0x00, 0x01, 0x00, 0x01, 0x00, 0x01, 0x00,
  0x01, 0x00, 0x01, 0x00, 0x01, 0x00, 0x01, 0x00, 0x01, 0x00, 0x01, 0x00,
  0x01, 0x00, 0x01, 0x00, 0x01, 0x00, 0x01, 0x00, 0x01, 0x00, 0x01, 0x00,
  0x01, 0x00, 0x01, 0x00, 0x01, 0x00, 0x01, 0x00, 0x01, 0x00, 0x01, 0x00,
  0x01, 0x00, 0x01, 0x00, 0x01, 0x00, 0x01, 0x00, 0x01, 0x00, 0x01, 0x00,
  0x01, 0x00, 0x01, 0x00, 0x01, 0x00, 0x01, 0x00, 0xff, 0x0f, 0x01, 0x00,
  0x01, 0x00, 0x01, 0x00, 0x01, 0x00, 0x01, 0x00, 0x01, 0x00, 0x01, 0x00,
  0x01, 0x00, 0x01, 0x00, 0x01, 0x00, 0x01, 0x00, 0x01, 0x00, 0x01, 0x00,
  0x01, 0x00, 0x01, 0x00, 0x01, 0x00, 0x01, 0x00, 0x01, 0x00, 0x01, 0x00,
  0x01, 0x00, 0x01, 0x00, 0x01, 0x00, 0x01, 0x00, 0x01, 0x00, 0x01, 0x00,
  0x01, 0x00, 0x01, 0x00, 0x01, 0x00, 0x01, 0x00, 0x01, 0x00, 0x01, 0x00,
  0x01, 0x00, 0x01, 0x00, 0x01, 0x00, 0x01, 0x00, 0x01, 0x00, 0x01, 0x00,
  0x01, 0x00, 0x01, 0x00, 0x01, 0x00, 0x01, 0x00, 0x01, 0x00, 0x01, 0x00,
  0x01, 0x00, 0x01, 0x00, 0x01, 0x00, 0x01, 0x00, 0x01, 0x00, 0x01, 0x00,
  0x01, 0x00, 0x01, 0x00, 0x01, 0x00, 0x01, 0x00, 0x01, 0x00, 0x01, 0x00,
  0x01, 0x00, 0x01, 0x00, 0x01, 0x00, 0x01, 0x00, 0x01, 0x00, 0x01, 0x00,
  0x01, 0x00, 0x01, 0x00, 0x01, 0x00, 0x01, 0x00, 0x01, 0x00, 0x01, 0x00,
  0x01, 0x00, 0x01, 0x00, 0x01, 0x00, 0x01, 0x00, 0x01, 0x00, 0x01, 0x00,
  0x01, 0x00, 0x01, 0x00, 0x01, 0x00, 0x01, 0x00, 0x01, 0x00, 0x01, 0x00,
  0x01, 0x00, 0x01, 0x00, 0x01, 0x00, 0x01, 0x00, 0x01, 0x00, 0x01, 0x00,
  0x01, 0x00, 0x01, 0x00, 0x01, 0x00, 0x01, 0x00, 0x01, 0x00, 0x01, 0x00,
  0x01, 0x00, 0x01, 0x00, 0x01, 0x00, 0x01, 0x00, 0x01, 0x00, 0x01, 0x00,
  0x01, 0x00, 0x01, 0x00, 0x01, 0x00, 0x01, 0x00, 0x01, 0x00, 0x01, 0x00,
  0x01, 0x00, 0x01, 0x00, 0x01, 0x00, 0x01, 0x00, 0x01, 0x00, 0x01, 0x00,
  0x01, 0x00, 0x01, 0x00, 0x01, 0x00, 0x01, 0x00, 0x01, 0x00, 0x01, 0x00,
  0x01, 0x00, 0x01, 0x00, 0x01, 0x00, 0x01, 0x00, 0x01, 0x00, 0x01, 0x00,
  0x01, 0x00, 0x01, 0x00, 0x01, 0x00, 0x01, 0x00, 0x01, 0x00, 0x01, 0x00,
  0x01, 0x00, 0x01, 0x00, 0x01, 0x00, 0x01, 0x00, 0x01, 0x00, 0x01, 0x00,
  0x01, 0x00, 0x01, 0x00, 0x01, 0x00, 0x01, 0x00, 0x01, 0x00, 0x01, 0x00,
  0x01, 0x00, 0x01, 0x00, 0x01, 0x00, 0x01, 0x00, 0x01, 0x00, 0x01, 0x00,
  0x01, 0x00, 0x01, 0x00, 0x01, 0x00, 0x01, 0x00, 0x01, 0x00, 0x01, 0x00,
  0x01, 0x00, 0x01, 0x00, 0x01, 0x00, 0x01, 0x00, 0x01, 0x00, 0x01, 0x00,
  0x01, 0x00, 0x01, 0x00, 0x01, 0x00, 0x01, 0x00, 0x01, 0x00, 0x01, 0x00,
  0x01, 0x00, 0x01, 0x00, 0x01, 0x00, 0xe5, 0x0f, 0xe5, 0x0f, 0xe5, 0x0f,
  0x01, 0x00, 0x01, 0x00, 0x01, 0x00, 0x01, 0x00, 0x01, 0x00, 0x01, 0x00,
  0x01, 0x00, 0x01, 0x00, 0x01, 0x00, 0xe5, 0x0f, 0xe5, 0x0f, 0xe5, 0x0f,
  0x01, 0x00, 0x01, 0x00, 0x01, 0x00, 0x01, 0x00, 0x01, 0x00, 0x01, 0x00,
  0xe5, 0x0f, 0xe5, 0x0f, 0xe5, 0x0f, 0xe5, 0x0f, 0xe5, 0x0f, 0xe5, 0x0f,
  0xe5, 0x0f, 0xe5, 0x0f, 0xe5, 0x0f, 0x01, 0x00, 0x01, 0x00, 0x01, 0x00,
  0x01, 0x00, 0x01, 0x00, 0x01, 0x00, 0x01, 0x00, 0x01, 0x00, 0x01, 0x00,
  0xe5, 0x0f, 0xe5, 0x0f, 0xe5, 0x0f, 0xe5, 0x0f, 0xe5, 0x0f, 0xe5, 0x0f,
  0xe5, 0x0f, 0xe5, 0x0f, 0xe5, 0x0f, 0x01, 0x00, 0x01, 0x00, 0x01, 0x00,
  0x01, 0x00, 0x01, 0x00, 0x01, 0x00, 0xe5, 0x0f, 0xe5, 0x0f, 0xe5, 0x0f,
  0x01, 0x00, 0x01, 0x00, 0x01, 0x00, 0x01, 0x00, 0x01, 0x00, 0x01, 0x00,
  0x01, 0x00, 0x01, 0x00, 0x01, 0x00, 0xe5, 0x0f, 0xe5, 0x0f, 0xe5, 0x0f,
  0x01, 0x00, 0x01, 0x00, 0x01, 0x00, 0x01, 0x00, 0x01, 0x00, 0x01, 0x00,
  0x01, 0x00, 0x01, 0x00, 0x01, 0x00, 0x01, 0x00, 0x01, 0x00, 0x01, 0x00,
  0x01, 0x00, 0x01, 0x00, 0x01, 0x00, 0x01, 0x00, 0x01, 0x00, 0x01, 0x00,
  0x01, 0x00, 0x01, 0x00, 0x01, 0x00, 0x01, 0x00, 0x01, 0x00, 0x01, 0x00,
  0x01, 0x00, 0x01, 0x00, 0x97, 0x0a, 0x01, 0x00, 0x01, 0x00, 0x01, 0x00,
  0x01, 0x00, 0x01, 0x00, 0x01, 0x00, 0x01, 0x00, 0x01, 0x00, 0x01, 0x00,
  0x01, 0x00, 0x01, 0x00, 0x01, 0x00, 0x01, 0x00, 0x01, 0x00, 0x01, 0x00,
  0x01, 0x00, 0x01, 0x00, 0x01, 0x00, 0x01, 0x00, 0x01, 0x00, 0x01, 0x00,
  0x01, 0x00, 0x01, 0x00, 0x01, 0x00, 0xe5, 0x0f, 0xe5, 0x0f, 0xe5, 0x0f,
  0x01, 0x02, 0x01, 0x00, 0x01, 0x00, 0x01, 0x00, 0x01, 0x00, 0x01, 0x00,
  0x01, 0x00, 0x01, 0x00, 0x01, 0x00, 0xe5, 0x0f, 0xe5, 0x0f, 0xe5, 0x0f,
  0x01, 0x02, 0x01, 0x00, 0x01, 0x00, 0x01, 0x00, 0x01, 0x00, 0x01, 0x00,
  0xe5, 0x0f, 0xe5, 0x0f, 0xe5, 0x0f, 0xe5, 0x0f, 0xe5, 0x0f, 0xe5, 0x0f,
  0xe5, 0x0f, 0xe5, 0x0f, 0xe5, 0x0f, 0x01, 0x02, 0x01, 0x00, 0x01, 0x00,
  0x01, 0x00, 0x01, 0x00, 0x01, 0x00, 0x01, 0x00, 0x01, 0x00, 0x01, 0x00,
  0xe5, 0x0f, 0xe5, 0x0f, 0xe5, 0x0f, 0xe5, 0x0f, 0xe5, 0x0f, 0xe5, 0x0f,
  0xe5, 0x0f, 0xe5, 0x0f, 0xe5, 0x0f, 0x01, 0x02, 0x01, 0x00, 0x01, 0x00,
  0x01, 0x00, 0x01, 0x00, 0x01, 0x00, 0xe5, 0x0f, 0xe5, 0x0f, 0xe5, 0x0f,
  0x01, 0x02, 0x01, 0x00, 0x01, 0x00, 0x01, 0x00, 0x01, 0x00, 0x01, 0x00,
  0x01, 0x00, 0x01, 0x00, 0x01, 0x00, 0xe5, 0x0f, 0xe5, 0x0f, 0xe5, 0x0f,
  0x01, 0x02, 0x01, 0x00, 0x01, 0x00, 0x01, 0x00, 0x01, 0x00, 0x01, 0x00,
  0x01, 0x00, 0x01, 0x00, 0x01, 0x00, 0x01, 0x00, 0x01, 0x00, 0x01, 0x00,
  0x01, 0x00, 0x01, 0x00, 0x01, 0x00, 0x01, 0x00, 0x01, 0x00, 0x01, 0x00,
  0x01, 0x00, 0x01, 0x00, 0x01, 0x00, 0x01, 0x00, 0x01, 0x00, 0xcc, 0x0c,
  0x01, 0x00, 0x01, 0x00, 0x01, 0x00, 0x01, 0x00, 0x01, 0x00, 0x01, 0x00,
  0x01, 0x00, 0x01, 0x00, 0x01, 0x00, 0x01, 0x00, 0x01, 0x00, 0x01, 0x00,
  0x01, 0x00, 0x01, 0x00, 0x01, 0x00, 0x01, 0x00, 0x01, 0x00, 0x01, 0x00,
  0x01, 0x00, 0x01, 0x00, 0x01, 0x00, 0x01, 0x00, 0x01, 0x00, 0x01, 0x00,
  0x01, 0x00, 0x01, 0x00, 0x01, 0x00, 0xe5, 0x0f, 0xe5, 0x0f, 0xe5, 0x0f,
  0x01, 0x02, 0x01, 0x00, 0x01, 0x00, 0x01, 0x00, 0x01, 0x00, 0x01, 0x00,
  0x01, 0x00, 0x01, 0x00, 0x01, 0x00, 0xe5, 0x0f, 0xe5, 0x0f, 0xe5, 0x0f,
  0x01, 0x02, 0x01, 0x00, 0x01, 0x00, 0x01, 0x00, 0x01, 0x00, 0x01, 0x00,
  0xe5, 0x0f, 0xe5, 0x0f, 0xe5, 0x0f, 0xe5, 0x0f, 0xe5, 0x0f, 0xe5, 0x0f,
  0xe5, 0x0f, 0xe5, 0x0f, 0xe5, 0x0f, 0x01, 0x02, 0x01, 0x00, 0x01, 0x00,
  0x01, 0x00, 0x01, 0x00, 0x01, 0x00, 0x01, 0x00, 0x01, 0x00, 0x01, 0x00,
  0xe5, 0x0f, 0xe5, 0x0f, 0xe5, 0x0f, 0xe5, 0x0f, 0xe5, 0x0f, 0xe5, 0x0f,
  0xe5, 0x0f, 0xe5, 0x0f, 0xe5, 0x0f, 0x01, 0x02, 0x01, 0x00, 0x01, 0x00,
  0x01, 0x00, 0x01, 0x00, 0x01, 0x00, 0xe5, 0x0f, 0xe5, 0x0f, 0xe5, 0x0f,
  0x01, 0x02, 0x01, 0x00, 0x01, 0x00, 0x01, 0x00, 0x01, 0x00, 0x01, 0x00,
  0x01, 0x00, 0x01, 0x00, 0x01, 0x00, 0xe5, 0x0f, 0xe5, 0x0f, 0xe5, 0x0f,
  0x01, 0x02, 0x01, 0x00, 0x01, 0x00, 0x01, 0x00, 0x01, 0x00, 0x01, 0x00,
  0x01, 0x00, 0x01, 0x00, 0x01, 0x00, 0x01, 0x00, 0x01, 0x00, 0x01, 0x00,
  0x01, 0x00, 0x01, 0x00, 0x01, 0x00, 0x01, 0x00, 0x01, 0x00, 0x01, 0x00,
  0x01, 0x00, 0x01, 0x00, 0x01, 0x00, 0x01, 0x00, 0x01, 0x00, 0x01, 0x00,
  0x01, 0x00, 0x01, 0x00, 0x01, 0x00, 0x01, 0x00, 0x01, 0x00, 0x01, 0x00,
  0x01, 0x00, 0x01, 0x00, 0x01, 0x00, 0x01, 0x00, 0x01, 0x00, 0x01, 0x00,
  0x01, 0x00, 0x01, 0x00, 0x01, 0x00, 0x01, 0x00, 0x01, 0x00, 0x01, 0x00,
  0x01, 0x00, 0x01, 0x00, 0x01, 0x00, 0x01, 0x00, 0x01, 0x00, 0x01, 0x00,
  0x01, 0x00, 0x01, 0x00, 0x01, 0x00, 0xd5, 0x0f, 0xd5, 0x0f, 0xd5, 0x0f,
  0xd5, 0x0f, 0xd5, 0x0f, 0xd5, 0x0f, 0x01, 0x00, 0x01, 0x00, 0x01, 0x00,
  0xd5, 0x0f, 0xd5, 0x0f, 0xd5, 0x0f, 0xd5, 0x0f, 0xd5, 0x0f, 0xd5, 0x0f,
  0x01, 0x02, 0x01, 0x00, 0x01, 0x00, 0xd5, 0x0f, 0xd5, 0x0f, 0xd5, 0x0f,
  0x01, 0x00, 0x01, 0x02, 0x01, 0x02, 0x01, 0x02, 0x01, 0x02, 0x01, 0x02,
  0x01, 0x02, 0x01, 0x02, 0x01, 0x02, 0xd5, 0x0f, 0xd5, 0x0f, 0xd5, 0x0f,
  0x01, 0x00, 0x01, 0x00, 0x01, 0x00, 0xd5, 0x0f, 0xd5, 0x0f, 0xd5, 0x0f,
  0x01, 0x00, 0x01, 0x02, 0x01, 0x02, 0x01, 0x02, 0x01, 0x02, 0x01, 0x02,
  0x01, 0x02, 0x01, 0x02, 0x01, 0x02, 0xd5, 0x0f, 0xd5, 0x0f, 0xd5, 0x0f,
  0x01, 0x00, 0x01, 0x00, 0x01, 0x00, 0xd5, 0x0f, 0xd5, 0x0f, 0xd5, 0x0f,
  0xd5, 0x0f, 0xd5, 0x0f, 0xd5, 0x0f, 0x01, 0x00, 0x01, 0x00, 0x01, 0x00,
  0x01, 0x00, 0x01, 0x00, 0x01, 0x00, 0xd5, 0x0f, 0xd5, 0x0f, 0xd5, 0x0f,
  0x01, 0x02, 0x01, 0x00, 0x01, 0x00, 0x01, 0x00, 0x01, 0x00, 0x01, 0x00,
  0x01, 0x00, 0x01, 0x00, 0x01, 0x00, 0x01, 0x00, 0x01, 0x00, 0x01, 0x00,
  0x01, 0x00, 0x01, 0x00, 0x01, 0x00, 0x01, 0x00, 0x01, 0x00, 0x01, 0x00,
  0x01, 0x00, 0x01, 0x00, 0x01, 0x00, 0x01, 0x00, 0x01, 0x00, 0x01, 0x00,
  0x01, 0x00, 0x01, 0x00, 0x01, 0x00, 0x01, 0x00, 0x01, 0x00, 0x01, 0x00,
  0x01, 0x00, 0x01, 0x00, 0x01, 0x00, 0x01, 0x00, 0x01, 0x00, 0x01, 0x00,
  0x01, 0x00, 0x01, 0x00, 0x01, 0x00, 0x01, 0x00, 0x01, 0x00, 0x01, 0x00,
  0x01, 0x00, 0x01, 0x00, 0x01, 0x00, 0x01, 0x00, 0x01, 0x00, 0x01, 0x00,
  0x01, 0x00, 0x01, 0x00, 0x01, 0x00, 0xd5, 0x0f, 0xd5, 0x0f, 0xd5, 0x0f,
  0xd5, 0x0f, 0xd5, 0x0f, 0xd5, 0x0f, 0x01, 0x02, 0x01, 0x00, 0x01, 0x00,
  0xd5, 0x0f, 0xd5, 0x0f, 0xd5, 0x0f, 0xd5, 0x0f, 0xd5, 0x0f, 0xd5, 0x0f,
  0x01, 0x02, 0x01, 0x00, 0x01, 0x00, 0xd5, 0x0f, 0xd5, 0x0f, 0xd5, 0x0f,
  0x01, 0x02, 0x01, 0x00, 0x01, 0x00, 0x01, 0x00, 0x01, 0x00, 0x01, 0x00,
  0x01, 0x00, 0x01, 0x00, 0x01, 0x00, 0xd5, 0x0f, 0xd5, 0x0f, 0xd5, 0x0f,
  0x01, 0x02, 0x01, 0x00, 0x01, 0x00, 0xd5, 0x0f, 0xd5, 0x0f, 0xd5, 0x0f,
  0x01, 0x02, 0x01, 0x00, 0x01, 0x00, 0x01, 0x00, 0x01, 0x00, 0x01, 0x00,
  0x01, 0x00, 0x01, 0x00, 0x01, 0x00, 0xd5, 0x0f, 0xd5, 0x0f, 0xd5, 0x0f,
  0x01, 0x02, 0x01, 0x00, 0x01, 0x00, 0xd5, 0x0f, 0xd5, 0x0f, 0xd5, 0x0f,
  0xd5, 0x0f, 0xd5, 0x0f, 0xd5, 0x0f, 0x01, 0x02, 0x01, 0x00, 0x01, 0x00,
  0x01, 0x00, 0x01, 0x00, 0x01, 0x00, 0xd5, 0x0f, 0xd5, 0x0f, 0xd5, 0x0f,
  0x01, 0x02, 0x01, 0x00, 0x01, 0x00, 0x01, 0x00, 0x01, 0x00, 0x01, 0x00,
  0x01, 0x00, 0x01, 0x00, 0x01, 0x00, 0x01, 0x00, 0x01, 0x00, 0x01, 0x00,
  0x01, 0x00, 0x01, 0x00, 0x01, 0x00, 0x01, 0x00, 0x01, 0x00, 0x01, 0x00,
  0x01, 0x00, 0x01, 0x00, 0x01, 0x00, 0x01, 0x00, 0x01, 0x00, 0x01, 0x00,
  0x01, 0x00, 0x01, 0x00, 0x01, 0x00, 0x01, 0x00, 0x01, 0x00, 0x01, 0x00,
  0x01, 0x00, 0x01, 0x00, 0x01, 0x00, 0x01, 0x00, 0x01, 0x00, 0x01, 0x00,
  0x01, 0x00, 0x01, 0x00, 0x01, 0x00, 0x01, 0x00, 0x01, 0x00, 0x01, 0x00,
  0x01, 0x00, 0x01, 0x00, 0x01, 0x00, 0x01, 0x00, 0x01, 0x00, 0x01, 0x00,
  0x01, 0x00, 0x01, 0x00, 0x01, 0x00, 0xd5, 0x0f, 0xd5, 0x0f, 0xd5, 0x0f,
  0xd5, 0x0f, 0xd5, 0x0f, 0xd5, 0x0f, 0x01, 0x02, 0x01, 0x00, 0x01, 0x00,
  0xd5, 0x0f, 0xd5, 0x0f, 0xd5, 0x0f, 0xd5, 0x0f, 0xd5, 0x0f, 0xd5, 0x0f,
  0x01, 0x02, 0x01, 0x00, 0x01, 0x00, 0xd5, 0x0f, 0xd5, 0x0f, 0xd5, 0x0f,
  0x01, 0x02, 0x01, 0x00, 0x01, 0x00, 0x01, 0x00, 0x01, 0x00, 0x01, 0x00,
  0x01, 0x00, 0x01, 0x00, 0x01, 0x00, 0xd5, 0x0f, 0xd5, 0x0f, 0xd5, 0x0f,
  0x01, 0x02, 0x01, 0x00, 0x01, 0x00, 0xd5, 0x0f, 0xd5, 0x0f, 0xd5, 0x0f,
  0x01, 0x02, 0x01, 0x00, 0x01, 0x00, 0x01, 0x00, 0x01, 0x00, 0x01, 0x00,
  0x01, 0x00, 0x01, 0x00, 0x01, 0x00, 0xd5, 0x0f, 0xd5, 0x0f, 0xd5, 0x0f,
  0x01, 0x02, 0x01, 0x00, 0x01, 0x00, 0xd5, 0x0f, 0xd5, 0x0f, 0xd5, 0x0f,
  0xd5, 0x0f, 0xd5, 0x0f, 0xd5, 0x0f, 0x01, 0x02, 0x01, 0x00, 0x01, 0x00,
  0x01, 0x00, 0x01, 0x00, 0x01, 0x00, 0xd5, 0x0f, 0xd5, 0x0f, 0xd5, 0x0f,
  0x01, 0x02, 0x01, 0x00, 0x01, 0x00, 0x01, 0x00, 0x01, 0x00, 0x01, 0x00,
  0x01, 0x00, 0x01, 0x00, 0x01, 0x00, 0x01, 0x00, 0x01, 0x00, 0x01, 0x00,
  0x01, 0x00, 0x01, 0x00, 0x01, 0x00, 0x01, 0x00, 0x01, 0x00, 0x01, 0x00,
  0x01, 0x00, 0x01, 0x00, 0x01, 0x00, 0x01, 0x00, 0x01, 0x00, 0x01, 0x00,
  0x01, 0x00, 0x01, 0x00, 0x01, 0x00, 0x01, 0x00, 0x01, 0x00, 0x01, 0x00,
  0x01, 0x00, 0x01, 0x00, 0x01, 0x00, 0x01, 0x00, 0x01, 0x00, 0x01, 0x00,
  0x01, 0x00, 0x01, 0x00, 0x01, 0x00, 0x01, 0x00, 0x01, 0x00, 0x01, 0x00,
  0x01, 0x00, 0x01, 0x00, 0x01, 0x00, 0x01, 0x00, 0x01, 0x00, 0x01, 0x00,
  0x01, 0x00, 0x01, 0x00, 0x01, 0x00, 0xc4, 0x0f, 0xc4, 0x0f, 0xc4, 0x0f,
  0x01, 0x02, 0x01, 0x02, 0x01, 0x02, 0xc4, 0x0f, 0xc4, 0x0f, 0xc4, 0x0f,
  0x01, 0x00, 0x01, 0x02, 0x01, 0x02, 0xc4, 0x0f, 0xc4, 0x0f, 0xc4, 0x0f,
  0x01, 0x02, 0x01, 0x00, 0x01, 0x00, 0xc4, 0x0f, 0xc4, 0x0f, 0xc4, 0x0f,
  0x01, 0x02, 0x01, 0x00, 0x01, 0x00, 0x01, 0x00, 0x01, 0x00, 0x01, 0x00,
  0x01, 0x00, 0x01, 0x00, 0x01, 0x00, 0xc4, 0x0f, 0xc4, 0x0f, 0xc4, 0x0f,
  0x01, 0x02, 0x01, 0x00, 0x01, 0x00, 0xc4, 0x0f, 0xc4, 0x0f, 0xc4, 0x0f,
  0x01, 0x02, 0x01, 0x00, 0x01, 0x00, 0x01, 0x00, 0x01, 0x00, 0x01, 0x00,
  0x01, 0x00, 0x01, 0x00, 0x01, 0x00, 0xc4, 0x0f, 0xc4, 0x0f, 0xc4, 0x0f,
  0x01, 0x02, 0x01, 0x00, 0x01, 0x00, 0xc4, 0x0f, 0xc4, 0x0f, 0xc4, 0x0f,
  0x01, 0x02, 0x01, 0x02, 0x01, 0x02, 0xc4, 0x0f, 0xc4, 0x0f, 0xc4, 0x0f,
  0x01, 0x00, 0x01, 0x00, 0x01, 0x00, 0xc4, 0x0f, 0xc4, 0x0f, 0xc4, 0x0f,
  0x01, 0x02, 0x01, 0x00, 0x01, 0x00, 0x01, 0x00, 0x01, 0x00, 0x01, 0x00,
  0x01, 0x00, 0x01, 0x00, 0x01, 0x00, 0x01, 0x00, 0x01, 0x00, 0x01, 0x00,
  0x01, 0x00, 0x01, 0x00, 0x01, 0x00, 0x01, 0x00, 0x01, 0x00, 0x01, 0x00,
  0x01, 0x00, 0x01, 0x00, 0x01, 0x00, 0x01, 0x00, 0x01, 0x00, 0x01, 0x00,
  0x01, 0x00, 0x01, 0x00, 0x01, 0x00, 0x01, 0x00, 0x01, 0x00, 0x01, 0x00,
  0x01, 0x00, 0x01, 0x00, 0x01, 0x00, 0x01, 0x00, 0x01, 0x00, 0x01, 0x00,
  0x01, 0x00, 0x01, 0x00, 0xae, 0x09, 0x01, 0x00, 0x01, 0x00, 0x01, 0x00,
  0x01, 0x00, 0x01, 0x00, 0x01, 0x00, 0x01, 0x00, 0x01, 0x00, 0x01, 0x00,
  0x01, 0x00, 0x01, 0x00, 0x01, 0x00, 0xc4, 0x0f, 0xc4, 0x0f, 0xc4, 0x0f,
  0x01, 0x02, 0x01, 0x00, 0x01, 0x00, 0xc4, 0x0f, 0xc4, 0x0f, 0xc4, 0x0f,
  0x01, 0x02, 0x01, 0x00, 0x01, 0x00, 0xc4, 0x0f, 0xc4, 0x0f, 0xc4, 0x0f,
  0x01, 0x02, 0x01, 0x00, 0x01, 0x00, 0xc4, 0x0f, 0xc4, 0x0f, 0xc4, 0x0f,
  0x01, 0x02, 0x01, 0x00, 0x01, 0x00, 0x01, 0x00, 0x01, 0x00, 0x01, 0x00,
  0x01, 0x00, 0x01, 0x00, 0x01, 0x00, 0xc4, 0x0f, 0xc4, 0x0f, 0xc4, 0x0f,
  0x01, 0x02, 0x01, 0x00, 0x01, 0x00, 0xc4, 0x0f, 0xc4, 0x0f, 0xc4, 0x0f,
  0x01, 0x02, 0x01, 0x00, 0x01, 0x00, 0x01, 0x00, 0x01, 0x00, 0x01, 0x00,
  0x01, 0x00, 0x01, 0x00, 0x01, 0x00, 0xc4, 0x0f, 0xc4, 0x0f, 0xc4, 0x0f,
  0x01, 0x02, 0x01, 0x00, 0x01, 0x00, 0xc4, 0x0f, 0xc4, 0x0f, 0xc4, 0x0f,
  0x01, 0x02, 0x01, 0x00, 0x01, 0x00, 0xc4, 0x0f, 0xc4, 0x0f, 0xc4, 0x0f,
  0x01, 0x02, 0x01, 0x00, 0x01, 0x00, 0xc4, 0x0f, 0xc4, 0x0f, 0xc4, 0x0f,
  0x01, 0x02, 0x01, 0x00, 0x01, 0x00, 0x01, 0x00, 0x01, 0x00, 0x01, 0x00,
  0x01, 0x00, 0x01, 0x00, 0x01, 0x00, 0x01, 0x00, 0x01, 0x00, 0x01, 0x00,
  0x01, 0x00, 0x01, 0x00, 0x01, 0x00, 0x01, 0x00, 0x01, 0x00, 0x01, 0x00,
  0x01, 0x00, 0x01, 0x00, 0x01, 0x00, 0x01, 0x00, 0x01, 0x00, 0x01, 0x00,
  0x01, 0x00, 0x01, 0x00, 0x01, 0x00, 0x01, 0x00, 0x01, 0x00, 0x01, 0x00,
  0x01, 0x00, 0x01, 0x00, 0x01, 0x00, 0x01, 0x00, 0x01, 0x00, 0x01, 0x00,
  0x01, 0x00, 0x01, 0x00, 0x01, 0x00, 0x01, 0x00, 0x01, 0x00, 0x66, 0x09,
  0x01, 0x00, 0x01, 0x00, 0x01, 0x00, 0x01, 0x00, 0x01, 0x00, 0x01, 0x00,
  0x01, 0x00, 0x01, 0x00, 0x01, 0x00, 0xc4, 0x0f, 0xc4, 0x0f, 0xc4, 0x0f,
  0x01, 0x02, 0x01, 0x00, 0x01, 0x00, 0xc4, 0x0f, 0xc4, 0x0f, 0xc4, 0x0f,
  0x01, 0x02, 0x01, 0x00, 0x01, 0x00, 0xc4, 0x0f, 0xc4, 0x0f, 0xc4, 0x0f,
  0x01, 0x02, 0x01, 0x00, 0x01, 0x00, 0xc4, 0x0f, 0xc4, 0x0f, 0xc4, 0x0f,
  0x01, 0x02, 0x01, 0x00, 0x01, 0x00, 0x01, 0x00, 0x01, 0x00, 0x01, 0x00,
  0x01, 0x00, 0x01, 0x00, 0x01, 0x00, 0xc4, 0x0f, 0xc4, 0x0f, 0xc4, 0x0f,
  0x01, 0x02, 0x01, 0x00, 0x01, 0x00, 0xc4, 0x0f, 0xc4, 0x0f, 0xc4, 0x0f,
  0x01, 0x02, 0x01, 0x00, 0x01, 0x00, 0x01, 0x00, 0x01, 0x00, 0x01, 0x00,
  0x01, 0x00, 0x01, 0x00, 0x01, 0x00, 0xc4, 0x0f, 0xc4, 0x0f, 0xc4, 0x0f,
  0x01, 0x02, 0x01, 0x00, 0x01, 0x00, 0xc4, 0x0f, 0xc4, 0x0f, 0xc4, 0x0f,
  0x01, 0x02, 0x01, 0x00, 0x01, 0x00, 0xc4, 0x0f, 0xc4, 0x0f, 0xc4, 0x0f,
  0x01, 0x02, 0x01, 0x00, 0x01, 0x00, 0xc4, 0x0f, 0xc4, 0x0f, 0xc4, 0x0f,
  0x01, 0x02, 0x01, 0x00, 0x01, 0x00, 0x01, 0x00, 0x01, 0x00, 0x01, 0x00,
  0x01, 0x00, 0x01, 0x00, 0x01, 0x00, 0x01, 0x00, 0x01, 0x00, 0x01, 0x00,
  0x01, 0x00, 0x01, 0x00, 0x01, 0x00, 0x01, 0x00, 0x01, 0x00, 0x01, 0x00,
  0x01, 0x00, 0x01, 0x00, 0x01, 0x00, 0x01, 0x00, 0x01, 0x00, 0x01, 0x00,
  0x01, 0x00, 0x01, 0x00, 0x01, 0x00, 0x01, 0x00, 0x01, 0x00, 0x01, 0x00,
  0x01, 0x00, 0x01, 0x00, 0x01, 0x00, 0x01, 0x00, 0x01, 0x00, 0x01, 0x00,
  0x01, 0x00, 0x01, 0x00, 0x01, 0x00, 0x01, 0x00, 0x01, 0x00, 0x01, 0x00,
  0x01, 0x00, 0x01, 0x00, 0x01, 0x00, 0x01, 0x00, 0x01, 0x00, 0x01, 0x00,
  0x01, 0x00, 0x01, 0x00, 0x01, 0x00, 0xb3, 0x0f, 0xb3, 0x0f, 0xb3, 0x0f,
  0x01, 0x02, 0x01, 0x00, 0x01, 0x00, 0xb3, 0x0f, 0xb3, 0x0f, 0xb3, 0x0f,
  0x01, 0x02, 0x01, 0x00, 0x01, 0x00, 0xb3, 0x0f, 0xb3, 0x0f, 0xb3, 0x0f,
  0x01, 0x02, 0x01, 0x00, 0x01, 0x00, 0xb3, 0x0f, 0xb3, 0x0f, 0xb3, 0x0f,
  0x01, 0x02, 0x01, 0x00, 0x01, 0x00, 0x01, 0x00, 0x01, 0x00, 0x01, 0x00,
  0x01, 0x00, 0x01, 0x00, 0x01, 0x00, 0xb3, 0x0f, 0xb3, 0x0f, 0xb3, 0x0f,
  0x01, 0x02, 0x01, 0x00, 0x01, 0x00, 0xb3, 0x0f, 0xb3, 0x0f, 0xb3, 0x0f,
  0x01, 0x02, 0x01, 0x00, 0x01, 0x00, 0x01, 0x00, 0x01, 0x00, 0x01, 0x00,
  0x01, 0x00, 0x01, 0x00, 0x01, 0x00, 0xb3, 0x0f, 0xb3, 0x0f, 0xb3, 0x0f,
  0x01, 0x02, 0x01, 0x00, 0x01, 0x00, 0xb3, 0x0f, 0xb3, 0x0f, 0xb3, 0x0f,
  0x01, 0x02, 0x01, 0x00, 0x01, 0x00, 0x01, 0x00, 0x01, 0x02, 0x01, 0x02,
  0xb3, 0x0f, 0xb3, 0x0f, 0xb3, 0x0f, 0xb3, 0x0f, 0xb3, 0x0f, 0xb3, 0x0f,
  0x01, 0x02, 0x01, 0x00, 0x01, 0x00, 0x01, 0x00, 0x01, 0x00, 0x01, 0x00,
  0x01, 0x00, 0x68, 0x05, 0x01, 0x00, 0x01, 0x00, 0x01, 0x00, 0x01, 0x00,
  0x01, 0x00, 0x01, 0x00, 0x01, 0x00, 0x01, 0x00, 0x01, 0x00, 0x01, 0x00,
  0x01, 0x00, 0x01, 0x00, 0x01, 0x00, 0x01, 0x00, 0x01, 0x00, 0x01, 0x00,
  0x01, 0x00, 0x01, 0x00, 0x01, 0x00, 0x01, 0x00, 0x01, 0x00, 0x01, 0x00,
  0x01, 0x00, 0x01, 0x00, 0x01, 0x00, 0x01, 0x00, 0x01, 0x00, 0x01, 0x00,
  0x01, 0x00, 0x01, 0x00, 0x01, 0x00, 0x01, 0x00, 0x01, 0x00, 0x01, 0x00,
  0x01, 0x00, 0x01, 0x00, 0x01, 0x00, 0x01, 0x00, 0x55, 0x08, 0x01, 0x00,
  0x01, 0x00, 0x01, 0x00, 0x01, 0x00, 0xb3, 0x0f, 0xb3, 0x0f, 0xb3, 0x0f,
  0x01, 0x02, 0x01, 0x00, 0x01, 0x00, 0xb3, 0x0f, 0xb3, 0x0f, 0xb3, 0x0f,
  0x01, 0x02, 0x01, 0x00, 0x01, 0x00, 0xb3, 0x0f, 0xb3, 0x0f, 0xb3, 0x0f,
  0x01, 0x02, 0x01, 0x00, 0x01, 0x00, 0xb3, 0x0f, 0xb3, 0x0f, 0xb3, 0x0f,
  0x01, 0x02, 0x01, 0x00, 0x01, 0x00, 0x01, 0x00, 0x01, 0x00, 0x01, 0x00,
  0x01, 0x00, 0x01, 0x00, 0x01, 0x00, 0xb3, 0x0f, 0xb3, 0x0f, 0xb3, 0x0f,
  0x01, 0x02, 0x01, 0x00, 0x01, 0x00, 0xb3, 0x0f, 0xb3, 0x0f, 0xb3, 0x0f,
  0x01, 0x02, 0x01, 0x00, 0x01, 0x00, 0x01, 0x00, 0x01, 0x00, 0x01, 0x00,
  0x01, 0x00, 0x01, 0x00, 0x01, 0x00, 0xb3, 0x0f, 0xb3, 0x0f, 0xb3, 0x0f,
  0x01, 0x02, 0x01, 0x00, 0x01, 0x00, 0xb3, 0x0f, 0xb3, 0x0f, 0xb3, 0x0f,
  0x01, 0x02, 0x01, 0x00, 0x01, 0x00, 0x01, 0x00, 0x01, 0x00, 0x01, 0x00,
  0xb3, 0x0f, 0xb3, 0x0f, 0xb3, 0x0f, 0xb3, 0x0f, 0xb3, 0x0f, 0xb3, 0x0f,
  0x01, 0x02, 0x01, 0x00, 0x01, 0x00, 0x01, 0x00, 0x01, 0x00, 0x01, 0x00,
  0x01, 0x00, 0x01, 0x00, 0x01, 0x00, 0x01, 0x00, 0x01, 0x00, 0x01, 0x00,
  0x01, 0x00, 0x01, 0x00, 0x01, 0x00, 0x01, 0x00, 0x01, 0x00, 0x01, 0x00,
  0x01, 0x00, 0x01, 0x00, 0x01, 0x00, 0x01, 0x00, 0x01, 0x00, 0x01, 0x00,
  0x01, 0x00, 0x01, 0x00, 0x01, 0x00, 0x01, 0x00, 0x01, 0x00, 0x01, 0x00,
  0x01, 0x00, 0x01, 0x00, 0x01, 0x00, 0x01, 0x00, 0x01, 0x00, 0x01, 0x00,
  0x01, 0x00, 0x01, 0x00, 0x01, 0x00, 0x01, 0x00, 0x01, 0x00, 0x01, 0x00,
  0x01, 0x00, 0x01, 0x00, 0x01, 0x00, 0x01, 0x00, 0x01, 0x00, 0x01, 0x00,
  0x01, 0x00, 0x01, 0x00, 0x01, 0x00, 0xb3, 0x0f, 0xb3, 0x0f, 0xb3, 0x0f,
  0x01, 0x02, 0x01, 0x00, 0x01, 0x00, 0xb3, 0x0f, 0xb3, 0x0f, 0xb3, 0x0f,
  0x01, 0x02, 0x01, 0x00, 0x01, 0x00, 0xb3, 0x0f, 0xb3, 0x0f, 0xb3, 0x0f,
  0x01, 0x02, 0x01, 0x00, 0x01, 0x00, 0xb3, 0x0f, 0xb3, 0x0f, 0xb3, 0x0f,
  0x01, 0x02, 0x01, 0x00, 0x01, 0x00, 0x01, 0x00, 0x01, 0x00, 0x01, 0x00,
  0x01, 0x00, 0x01, 0x00, 0x01, 0x00, 0xb3, 0x0f, 0xb3, 0x0f, 0xb3, 0x0f,
  0x01, 0x02, 0x01, 0x00, 0x01, 0x00, 0xb3, 0x0f, 0xb3, 0x0f, 0xb3, 0x0f,
  0x01, 0x02, 0x01, 0x00, 0x01, 0x00, 0x01, 0x00, 0x01, 0x00, 0x01, 0x00,
  0x01, 0x00, 0x01, 0x00, 0x01, 0x00, 0xb3, 0x0f, 0xb3, 0x0f, 0xb3, 0x0f,
  0x01, 0x02, 0x01, 0x00, 0x01, 0x00, 0xb3, 0x0f, 0xb3, 0x0f, 0xb3, 0x0f,
  0x01, 0x02, 0x01, 0x00, 0x01, 0x00, 0x01, 0x00, 0x01, 0x00, 0xee, 0x0e,
  0xb3, 0x0f, 0xb3, 0x0f, 0xb3, 0x0f, 0xb3, 0x0f, 0xb3, 0x0f, 0xb3, 0x0f,
  0x01, 0x02, 0x01, 0x00, 0x01, 0x00, 0x01, 0x00, 0x01, 0x00, 0x01, 0x00,
  0x01, 0x00, 0x01, 0x00, 0x01, 0x00, 0x01, 0x00, 0x01, 0x00, 0x01, 0x00,
  0x01, 0x00, 0x01, 0x00, 0x01, 0x00, 0x01, 0x00, 0x01, 0x00, 0x01, 0x00,
  0x01, 0x00, 0x01, 0x00, 0x01, 0x00, 0x01, 0x00, 0x01, 0x00, 0x01, 0x00,
  0x01, 0x00, 0x01, 0x00, 0x01, 0x00, 0x01, 0x00, 0x01, 0x00, 0x01, 0x00,
  0x01, 0x00, 0x01, 0x00, 0x01, 0x00, 0x01, 0x00, 0x01, 0x00, 0x01, 0x00,
  0x01, 0x00, 0x01, 0x00, 0x01, 0x00, 0x01, 0x00, 0x01, 0x00, 0x01, 0x00,
  0x01, 0x00, 0x01, 0x00, 0x01, 0x00, 0x01, 0x00, 0x01, 0x00, 0x01, 0x00,
  0x01, 0x00, 0x01, 0x00, 0x01, 0x00, 0x93, 0x0f, 0x93, 0x0f, 0x93, 0x0f,
  0x01, 0x02, 0x01, 0x00, 0x01, 0x00, 0x01, 0x00, 0x01, 0x02, 0x01, 0x02,
  0x01, 0x02, 0x01, 0x00, 0x01, 0x00, 0x93, 0x0f, 0x93, 0x0f, 0x93, 0x0f,
  0x01, 0x02, 0x01, 0x00, 0x01, 0x00, 0x93, 0x0f, 0x93, 0x0f, 0x93, 0x0f,
  0x01, 0x02, 0x01, 0x00, 0x01, 0x00, 0x01, 0x00, 0x01, 0x00, 0x01, 0x00,
  0x01, 0x00, 0x01, 0x00, 0x01, 0x00, 0x93, 0x0f, 0x93, 0x0f, 0x93, 0x0f,
  0x01, 0x02, 0x01, 0x00, 0x01, 0x00, 0x93, 0x0f, 0x93, 0x0f, 0x93, 0x0f,
  0x01, 0x02, 0x01, 0x00, 0x01, 0x00, 0x01, 0x00, 0x01, 0x00, 0x01, 0x00,
  0x01, 0x00, 0x01, 0x00, 0x01, 0x00, 0x93, 0x0f, 0x93, 0x0f, 0x93, 0x0f,
  0x01, 0x02, 0x01, 0x00, 0x01, 0x00, 0x93, 0x0f, 0x93, 0x0f, 0x93, 0x0f,
  0x01, 0x02, 0x01, 0x00, 0x01, 0x00, 0x01, 0x00, 0x01, 0x00, 0x01, 0x00,
  0x01, 0x00, 0x01, 0x02, 0x01, 0x02, 0x93, 0x0f, 0x93, 0x0f, 0x93, 0x0f,
  0x01, 0x02, 0x01, 0x00, 0x01, 0x00, 0x01, 0x00, 0x01, 0x00, 0x01, 0x00,
  0x01, 0x00, 0x01, 0x00, 0x01, 0x00, 0x01, 0x00, 0x01, 0x00, 0x01, 0x00,
  0x01, 0x00, 0x01, 0x00, 0x01, 0x00, 0x01, 0x00, 0x01, 0x00, 0x01, 0x00,
  0x01, 0x00, 0x01, 0x00, 0x01, 0x00, 0x01, 0x00, 0x01, 0x00, 0x01, 0x00,
  0x01, 0x00, 0x01, 0x00, 0x01, 0x00, 0x01, 0x00, 0x01, 0x00, 0x01, 0x00,
  0x01, 0x00, 0x01, 0x00, 0x01, 0x00, 0x01, 0x00, 0x01, 0x00, 0x01, 0x00,
  0x01, 0x00, 0x01, 0x00, 0x01, 0x00, 0x01, 0x00, 0x01, 0x00, 0x01, 0x00,
  0x01, 0x00, 0x01, 0x00, 0x01, 0x00, 0x01, 0x00, 0x01, 0x00, 0x01, 0x00,
  0x01, 0x00, 0x01, 0x00, 0x01, 0x00, 0x93, 0x0f, 0x93, 0x0f, 0x93, 0x0f,
  0x01, 0x02, 0x01, 0x00, 0x01, 0x00, 0x01, 0x00, 0x01, 0x00, 0x01, 0x00,
  0x01, 0x00, 0x01, 0x00, 0x01, 0x00, 0x93, 0x0f, 0x93, 0x0f, 0x93, 0x0f,
  0x01, 0x02, 0x01, 0x00, 0x01, 0x00, 0x93, 0x0f, 0x93, 0x0f, 0x93, 0x0f,
  0x01, 0x02, 0x01, 0x00, 0x01, 0x00, 0x01, 0x00, 0x01, 0x00, 0x01, 0x00,
  0x01, 0x00, 0x01, 0x00, 0x01, 0x00, 0x93, 0x0f, 0x93, 0x0f, 0x93, 0x0f,
  0x01, 0x02, 0x01, 0x00, 0x01, 0x00, 0x93, 0x0f, 0x93, 0x0f, 0x93, 0x0f,
  0x01, 0x02, 0x01, 0x00, 0x01, 0x00, 0x01, 0x00, 0x01, 0x00, 0x01, 0x00,
  0x01, 0x00, 0x01, 0x00, 0x01, 0x00, 0x93, 0x0f, 0x93, 0x0f, 0x93, 0x0f,
  0x01, 0x02, 0x01, 0x00, 0x01, 0x00, 0x93, 0x0f, 0x93, 0x0f, 0x93, 0x0f,
  0x01, 0x02, 0x01, 0x00, 0x01, 0x00, 0x01, 0x00, 0x01, 0x00, 0x01, 0x00,
  0x01, 0x00, 0x01, 0x00, 0x01, 0x00, 0x93, 0x0f, 0x93, 0x0f, 0x93, 0x0f,
  0x01, 0x02, 0x01, 0x00, 0x01, 0x00, 0x01, 0x00, 0x01, 0x00, 0x01, 0x00,
  0x01, 0x00, 0x01, 0x00, 0x01, 0x00, 0x01, 0x00, 0x01, 0x00, 0x01, 0x00,
  0x01, 0x00, 0x01, 0x00, 0x01, 0x00, 0x01, 0x00, 0x01, 0x00, 0x01, 0x00,
  0x01, 0x00, 0x01, 0x00, 0x01, 0x00, 0x01, 0x00, 0x01, 0x00, 0x01, 0x00,
  0x01, 0x00, 0x01, 0x00, 0x01, 0x00, 0x01, 0x00, 0x01, 0x00, 0x01, 0x00,
  0x01, 0x00, 0x01, 0x00, 0x01, 0x00, 0x01, 0x00, 0x01, 0x00, 0x01, 0x00,
  0x01, 0x00, 0x01, 0x00, 0x01, 0x00, 0x01, 0x00, 0x01, 0x00, 0x01, 0x00,
  0x01, 0x00, 0x01, 0x00, 0x01, 0x00, 0x01, 0x00, 0x01, 0x00, 0x01, 0x00,
  0x01, 0x00, 0x01, 0x00, 0x01, 0x00, 0x93, 0x0f, 0x93, 0x0f, 0x93, 0x0f,
  0x01, 0x02, 0x01, 0x00, 0x01, 0x00, 0x01, 0x00, 0x01, 0x00, 0x01, 0x00,
  0x01, 0x00, 0x01, 0x00, 0x01, 0x00, 0x93, 0x0f, 0x93, 0x0f, 0x93, 0x0f,
  0x01, 0x02, 0x01, 0x00, 0x01, 0x00, 0x93, 0x0f, 0x93, 0x0f, 0x93, 0x0f,
  0x01, 0x02, 0x01, 0x00, 0x01, 0x00, 0x01, 0x00, 0x01, 0x00, 0x01, 0x00,
  0x01, 0x00, 0x01, 0x00, 0x01, 0x00, 0x93, 0x0f, 0x93, 0x0f, 0x93, 0x0f,
  0x01, 0x02, 0x01, 0x00, 0x01, 0x00, 0x93, 0x0f, 0x93, 0x0f, 0x93, 0x0f,
  0x01, 0x02, 0x01, 0x00, 0x01, 0x00, 0x01, 0x00, 0x01, 0x00, 0x01, 0x00,
  0x01, 0x00, 0x01, 0x00, 0x01, 0x00, 0x93, 0x0f, 0x93, 0x0f, 0x93, 0x0f,
  0x01, 0x02, 0x01, 0x00, 0x01, 0x00, 0x93, 0x0f, 0x93, 0x0f, 0x93, 0x0f,
  0x01, 0x02, 0x01, 0x00, 0x01, 0x00, 0x01, 0x00, 0x01, 0x00, 0x01, 0x00,
  0x01, 0x00, 0x01, 0x00, 0x01, 0x00, 0x93, 0x0f, 0x93, 0x0f, 0x93, 0x0f,
  0x01, 0x02, 0x01, 0x00, 0x01, 0x00, 0x01, 0x00, 0x01, 0x00, 0x01, 0x00,
  0x01, 0x00, 0x01, 0x00, 0x01, 0x00, 0x01, 0x00, 0x01, 0x00, 0x01, 0x00,
  0x01, 0x00, 0x01, 0x00, 0x01, 0x00, 0x01, 0x00, 0x01, 0x00, 0x01, 0x00,
  0x01, 0x00, 0x01, 0x00, 0x01, 0x00, 0x01, 0x00, 0x01, 0x00, 0x01, 0x00,
  0x01, 0x00, 0x01, 0x00, 0x01, 0x00, 0x01, 0x00, 0x01, 0x00, 0x01, 0x00,
  0x01, 0x00, 0x01, 0x00, 0x01, 0x00, 0x01, 0x00, 0x01, 0x00, 0x01, 0x00,
  0x01, 0x00, 0x01, 0x00, 0x01, 0x00, 0x01, 0x00, 0x01, 0x00, 0x01, 0x00,
  0x01, 0x00, 0x01, 0x00, 0x01, 0x00, 0x01, 0x00, 0x01, 0x00, 0x01, 0x00,
  0x01, 0x00, 0x01, 0x00, 0x01, 0x00, 0x82, 0x0f, 0x82, 0x0f, 0x82, 0x0f,
  0x01, 0x02, 0x01, 0x00, 0x01, 0x00, 0x01, 0x00, 0x01, 0x00, 0x01, 0x00,
  0x01, 0x00, 0x01, 0x00, 0x01, 0x00, 0x82, 0x0f, 0x82, 0x0f, 0x82, 0x0f,
  0x01, 0x02, 0x01, 0x00, 0x01, 0x00, 0x82, 0x0f, 0x82, 0x0f, 0x82, 0x0f,
  0x01, 0x02, 0x01, 0x00, 0x01, 0x00, 0x01, 0x00, 0x01, 0x00, 0x01, 0x00,
  0x01, 0x00, 0x01, 0x00, 0x01, 0x00, 0x82, 0x0f, 0x82, 0x0f, 0x82, 0x0f,
  0x01, 0x02, 0x01, 0x00, 0x01, 0x00, 0x82, 0x0f, 0x82, 0x0f, 0x82, 0x0f,
  0x01, 0x02, 0x01, 0x00, 0x01, 0x00, 0x01, 0x00, 0x01, 0x00, 0x01, 0x00,
  0x01, 0x00, 0x01, 0x00, 0x01, 0x00, 0x82, 0x0f, 0x82, 0x0f, 0x82, 0x0f,
  0x01, 0x02, 0x01, 0x00, 0x01, 0x00, 0x82, 0x0f, 0x82, 0x0f, 0x82, 0x0f,
  0x01, 0x02, 0x01, 0x00, 0x01, 0x00, 0x01, 0x00, 0x01, 0x00, 0x01, 0x00,
  0x01, 0x00, 0x01, 0x00, 0x01, 0x00, 0x82, 0x0f, 0x82, 0x0f, 0x82, 0x0f,
  0x01, 0x02, 0x01, 0x00, 0x01, 0x00, 0x01, 0x00, 0x01, 0x00, 0x01, 0x00,
  0x01, 0x00, 0x01, 0x00, 0x01, 0x00, 0x01, 0x00, 0x01, 0x00, 0x01, 0x00,
  0x01, 0x00, 0x01, 0x00, 0x01, 0x00, 0x01, 0x00, 0x01, 0x00, 0x01, 0x00,
  0x01, 0x00, 0x01, 0x00, 0x01, 0x00, 0x01, 0x00, 0x01, 0x00, 0x01, 0x00,
  0x01, 0x00, 0x01, 0x00, 0x01, 0x00, 0x01, 0x00, 0x01, 0x00, 0x01, 0x00,
  0x01, 0x00, 0x01, 0x00, 0x01, 0x00, 0x01, 0x00, 0x01, 0x00, 0x01, 0x00,
  0x01, 0x00, 0x01, 0x00, 0x01, 0x00, 0x01, 0x00, 0x01, 0x00, 0x01, 0x00,
  0x01, 0x00, 0x01, 0x00, 0x01, 0x00, 0x01, 0x00, 0x01, 0x00, 0x01, 0x00,
  0x01, 0x00, 0x01, 0x00, 0x01, 0x00, 0x82, 0x0f, 0x82, 0x0f, 0x82, 0x0f,
  0x01, 0x02, 0x01, 0x00, 0x01, 0x00, 0x01, 0x00, 0x01, 0x00, 0x01, 0x00,
  0x01, 0x00, 0x01, 0x00, 0x01, 0x00, 0x82, 0x0f, 0x82, 0x0f, 0x82, 0x0f,
  0x01, 0x02, 0x01, 0x00, 0x01, 0x00, 0x82, 0x0f, 0x82, 0x0f, 0x82, 0x0f,
  0x01, 0x02, 0x01, 0x00, 0x01, 0x00, 0x01, 0x00, 0x01, 0x00, 0x01, 0x00,
  0x01, 0x00, 0x01, 0x00, 0x01, 0x00, 0x82, 0x0f, 0x82, 0x0f, 0x82, 0x0f,
  0x01, 0x02, 0x01, 0x00, 0x01, 0x00, 0x82, 0x0f, 0x82, 0x0f, 0x82, 0x0f,
  0x01, 0x02, 0x01, 0x00, 0x01, 0x00, 0x01, 0x00, 0x01, 0x00, 0x01, 0x00,
  0x01, 0x00, 0x01, 0x00, 0x01, 0x00, 0x82, 0x0f, 0x82, 0x0f, 0x82, 0x0f,
  0x01, 0x02, 0x01, 0x00, 0x01, 0x00, 0x82, 0x0f, 0x82, 0x0f, 0x82, 0x0f,
  0x01, 0x02, 0x01, 0x00, 0x01, 0x00, 0x01, 0x00, 0x01, 0x00, 0x01, 0x00,
  0x01, 0x00, 0x01, 0x00, 0x01, 0x00, 0x82, 0x0f, 0x82, 0x0f, 0x82, 0x0f,
  0x01, 0x02, 0x01, 0x00, 0x01, 0x00, 0x01, 0x00, 0x01, 0x00, 0x01, 0x00,
  0x01, 0x00, 0x01, 0x00, 0x01, 0x00, 0x01, 0x00, 0x01, 0x00, 0x01, 0x00,
  0x01, 0x00, 0x01, 0x00, 0x01, 0x00, 0x01, 0x00, 0x01, 0x00, 0x01, 0x00,
  0x01, 0x00, 0x01, 0x00, 0x01, 0x00, 0x01, 0x00, 0x01, 0x00, 0x01, 0x00,
  0x01, 0x00, 0x01, 0x00, 0x01, 0x00, 0x01, 0x00, 0x01, 0x00, 0x01, 0x00,
  0x01, 0x00, 0x01, 0x00, 0x01, 0x00, 0x01, 0x00, 0x01, 0x00, 0x01, 0x00,
  0x01, 0x00, 0x01, 0x00, 0x01, 0x00, 0x01, 0x00, 0x01, 0x00, 0x01, 0x00,
  0x01, 0x00, 0x01, 0x00, 0x01, 0x00, 0x01, 0x00, 0x01, 0x00, 0x01, 0x00,
  0x01, 0x00, 0x01, 0x00, 0x01, 0x00, 0x82, 0x0f, 0x82, 0x0f, 0x82, 0x0f,
  0x01, 0x02, 0x01, 0x00, 0x01, 0x00, 0x01, 0x00, 0x01, 0x00, 0x01, 0x00,
  0x01, 0x00, 0x01, 0x00, 0x01, 0x00, 0x82, 0x0f, 0x82, 0x0f, 0x82, 0x0f,
  0x01, 0x02, 0x01, 0x00, 0x01, 0x00, 0x82, 0x0f, 0x82, 0x0f, 0x82, 0x0f,
  0x01, 0x02, 0x01, 0x00, 0x01, 0x00, 0x01, 0x00, 0x01, 0x00, 0x01, 0x00,
  0x01, 0x00, 0x01, 0x00, 0x01, 0x00, 0x82, 0x0f, 0x82, 0x0f, 0x82, 0x0f,
  0x01, 0x02, 0x01, 0x00, 0x01, 0x00, 0x82, 0x0f, 0x82, 0x0f, 0x82, 0x0f,
  0x01, 0x02, 0x01, 0x00, 0x01, 0x00, 0x01, 0x00, 0x01, 0x00, 0x01, 0x00,
  0x01, 0x00, 0x01, 0x00, 0x01, 0x00, 0x82, 0x0f, 0x82, 0x0f, 0x82, 0x0f,
  0x01, 0x02, 0x01, 0x00, 0x01, 0x00, 0x82, 0x0f, 0x82, 0x0f, 0x82, 0x0f,
  0x01, 0x02, 0x01, 0x00, 0x01, 0x00, 0x01, 0x00, 0x01, 0x00, 0x01, 0x00,
  0x01, 0x00, 0x01, 0x00, 0x01, 0x00, 0x82, 0x0f, 0x82, 0x0f, 0x82, 0x0f,
  0x01, 0x02, 0x01, 0x00, 0x01, 0x00, 0x01, 0x00, 0x01, 0x00, 0x01, 0x00,
  0x01, 0x00, 0x01, 0x00, 0x01, 0x00, 0x01, 0x00, 0x01, 0x00, 0x01, 0x00,
  0x01, 0x00, 0x01, 0x00, 0x01, 0x00, 0x01, 0x00, 0x01, 0x00, 0x01, 0x00,
  0x01, 0x00, 0x01, 0x00, 0x01, 0x00, 0x01, 0x00, 0x01, 0x00, 0x01, 0x00,
  0x01, 0x00, 0x01, 0x00, 0x01, 0x00, 0x01, 0x00, 0x01, 0x00, 0x01, 0x00,
  0x01, 0x00, 0x01, 0x00, 0x01, 0x00, 0x01, 0x00, 0x01, 0x00, 0x01, 0x00,
  0x01, 0x00, 0x01, 0x00, 0x01, 0x00, 0x01, 0x00, 0x01, 0x00, 0x01, 0x00,
  0x01, 0x00, 0x01, 0x00, 0x01, 0x00, 0x01, 0x00, 0x01, 0x00, 0x01, 0x00,
  0x01, 0x00, 0x01, 0x00, 0x01, 0x00, 0x71, 0x0f, 0x71, 0x0f, 0x71, 0x0f,
  0x01, 0x02, 0x01, 0x00, 0x01, 0x00, 0x01, 0x00, 0x01, 0x00, 0x01, 0x00,
  0x01, 0x00, 0x01, 0x00, 0x01, 0x00, 0x71, 0x0f, 0x71, 0x0f, 0x71, 0x0f,
  0x01, 0x02, 0x01, 0x00, 0x01, 0x00, 0x01, 0x00, 0x01, 0x02, 0x01, 0x02,
  0x71, 0x0f, 0x71, 0x0f, 0x71, 0x0f, 0x71, 0x0f, 0x71, 0x0f, 0x71, 0x0f,
  0x71, 0x0f, 0x71, 0x0f, 0x71, 0x0f, 0x01, 0x00, 0x01, 0x02, 0x01, 0x02,
  0x01, 0x02, 0x01, 0x00, 0x01, 0x00, 0x01, 0x00, 0x01, 0x02, 0x01, 0x02,
  0x71, 0x0f, 0x71, 0x0f, 0x71, 0x0f, 0x71, 0x0f, 0x71, 0x0f, 0x71, 0x0f,
  0x71, 0x0f, 0x71, 0x0f, 0x71, 0x0f, 0x01, 0x00, 0x01, 0x02, 0x01, 0x02,
  0x01, 0x02, 0x01, 0x00, 0x01, 0x00, 0x71, 0x0f, 0x71, 0x0f, 0x71, 0x0f,
  0x01, 0x02, 0x01, 0x00, 0x01, 0x00, 0x01, 0x00, 0x01, 0x00, 0x01, 0x00,
  0x01, 0x00, 0x01, 0x00, 0x01, 0x00, 0x71, 0x0f, 0x71, 0x0f, 0x71, 0x0f,
  0x01, 0x02, 0x01, 0x00, 0x01, 0x00, 0x01, 0x00, 0x01, 0x00, 0x01, 0x00,
  0x01, 0x00, 0x01, 0x00, 0x01, 0x00, 0x01, 0x00, 0x01, 0x00, 0x01, 0x00,
  0x01, 0x00, 0x01, 0x00, 0x01, 0x00, 0x01, 0x00, 0x01, 0x00, 0x01, 0x00,
  0x01, 0x00, 0x01, 0x00, 0x01, 0x00, 0x01, 0x00, 0x01, 0x00, 0x01, 0x00,
  0x01, 0x00, 0x01, 0x00, 0x00, 0x00, 0x00, 0x00, 0x00, 0x00, 0x00, 0x00,
  0x00, 0x00, 0x00, 0x00, 0x00, 0x00, 0x00, 0x00, 0x00, 0x00, 0x00, 0x00,
  0x00, 0x00, 0x00, 0x00, 0x00, 0x00, 0x00, 0x00, 0x00, 0x00, 0x00, 0x00,
  0x00, 0x00, 0x00, 0x00, 0x00, 0x00, 0x00, 0x00, 0x00, 0x00, 0x00, 0x00,
  0x00, 0x00, 0x00, 0x00, 0x00, 0x00, 0x71, 0x0f, 0x71, 0x0f, 0x71, 0x0f,
  0x01, 0x02, 0x00, 0x00, 0x00, 0x00, 0x00, 0x00, 0x00, 0x00, 0x00, 0x00,
  0x00, 0x00, 0x00, 0x00, 0x00, 0x00, 0x71, 0x0f, 0x71, 0x0f, 0x71, 0x0f,
  0x01, 0x02, 0x00, 0x00, 0x00, 0x00, 0x00, 0x00, 0x00, 0x00, 0x00, 0x00,
  0x71, 0x0f, 0x71, 0x0f, 0x71, 0x0f, 0x71, 0x0f, 0x71, 0x0f, 0x71, 0x0f,
  0x71, 0x0f, 0x71, 0x0f, 0x71, 0x0f, 0x01, 0x02, 0x00, 0x00, 0xda, 0x0e,
  0x00, 0x00, 0x00, 0x00, 0x00, 0x00, 0x00, 0x00, 0x00, 0x00, 0x00, 0x00,
  0x71, 0x0f, 0x71, 0x0f, 0x71, 0x0f, 0x71, 0x0f, 0x71, 0x0f, 0x71, 0x0f,
  0x71, 0x0f, 0x71, 0x0f, 0x71, 0x0f, 0x01, 0x02, 0x00, 0x00, 0x00, 0x00,
  0x00, 0x00, 0x00, 0x00, 0x00, 0x00, 0x71, 0x0f, 0x71, 0x0f, 0x71, 0x0f,
  0x01, 0x02, 0x00, 0x00, 0x00, 0x00, 0x00, 0x00, 0x00, 0x00, 0x00, 0x00,
  0x00, 0x00, 0x00, 0x00, 0x00, 0x00, 0x71, 0x0f, 0x71, 0x0f, 0x71, 0x0f,
  0x01, 0x02, 0x00, 0x00, 0x00, 0x00, 0x00, 0x00, 0x00, 0x00, 0x00, 0x00,
  0x00, 0x00, 0x00, 0x00, 0x00, 0x00, 0x00, 0x00, 0x00, 0x00, 0x00, 0x00,
  0x00, 0x00, 0x00, 0x00, 0x00, 0x00, 0x00, 0x00, 0x00, 0x00, 0x00, 0x00,
  0x00, 0x00, 0x00, 0x00, 0x00, 0x00, 0x00, 0x00, 0x00, 0x00, 0x00, 0x00,
  0x00, 0x00, 0x00, 0x00, 0x00, 0x00, 0x00, 0x00, 0x00, 0x00, 0x00, 0x00,
  0x00, 0x00, 0x00, 0x00, 0x00, 0x00, 0x00, 0x00, 0x00, 0x00, 0x00, 0x00,
  0x00, 0x00, 0x00, 0x00, 0x00, 0x00, 0x00, 0x00, 0x00, 0x00, 0x00, 0x00,
  0x00, 0x00, 0x00, 0x00, 0x00, 0x00, 0x00, 0x00, 0x00, 0x00, 0x00, 0x00,
  0x00, 0x00, 0x00, 0x00, 0x00, 0x00, 0x71, 0x0f, 0x71, 0x0f, 0x71, 0x0f,
  0x01, 0x02, 0x00, 0x00, 0x00, 0x00, 0x00, 0x00, 0x00, 0x00, 0x00, 0x00,
  0x00, 0x00, 0x00, 0x00, 0x00, 0x00, 0x71, 0x0f, 0x71, 0x0f, 0x71, 0x0f,
  0x01, 0x02, 0x00, 0x00, 0x00, 0x00, 0x00, 0x00, 0x00, 0x00, 0x00, 0x00,
  0x71, 0x0f, 0x71, 0x0f, 0x71, 0x0f, 0x71, 0x0f, 0x71, 0x0f, 0x71, 0x0f,
  0x71, 0x0f, 0x71, 0x0f, 0x71, 0x0f, 0x01, 0x02, 0x00, 0x00, 0x00, 0x00,
  0x00, 0x00, 0x00, 0x00, 0x00, 0x00, 0x00, 0x00, 0x00, 0x00, 0x00, 0x00,
  0x71, 0x0f, 0x71, 0x0f, 0x71, 0x0f, 0x71, 0x0f, 0x71, 0x0f, 0x71, 0x0f,
  0x71, 0x0f, 0x71, 0x0f, 0x71, 0x0f, 0x01, 0x02, 0x00, 0x00, 0x00, 0x00,
  0x00, 0x00, 0x00, 0x00, 0x00, 0x00, 0x71, 0x0f, 0x71, 0x0f, 0x71, 0x0f,
  0x01, 0x02, 0x00, 0x00, 0x00, 0x00, 0x00, 0x00, 0x00, 0x00, 0x00, 0x00,
  0x00, 0x00, 0x00, 0x00, 0x00, 0x00, 0x71, 0x0f, 0x71, 0x0f, 0x71, 0x0f,
  0x01, 0x02, 0x00, 0x00, 0x00, 0x00, 0x00, 0x00, 0x00, 0x00, 0x00, 0x00,
  0x00, 0x00, 0x00, 0x00, 0x00, 0x00, 0x00, 0x00, 0x00, 0x00, 0x00, 0x00,
  0x00, 0x00, 0x00, 0x00, 0x00, 0x00, 0x00, 0x00, 0x00, 0x00, 0x00, 0x00,
  0x00, 0x00, 0x00, 0x00, 0x00, 0x00, 0x00, 0x00, 0x00, 0x00, 0x00, 0x00,
  0x00, 0x00, 0x00, 0x00, 0x00, 0x00, 0x00, 0x00, 0x00, 0x00, 0x00, 0x00,
  0x00, 0x00, 0x00, 0x00, 0x00, 0x00, 0x00, 0x00, 0x00, 0x00, 0x00, 0x00,
  0x00, 0x00, 0x00, 0x00, 0x00, 0x00, 0x00, 0x00, 0x00, 0x00, 0x00, 0x00,
  0x00, 0x00, 0x00, 0x00, 0x00, 0x00, 0x00, 0x00, 0x00, 0x00, 0x00, 0x00,
  0x00, 0x00, 0x00, 0x00, 0x00, 0x00, 0x00, 0x00, 0x01, 0x02, 0x01, 0x02,
  0x01, 0x02, 0x00, 0x00, 0x00, 0x00, 0x00, 0x00, 0x00, 0x00, 0x00, 0x00,
  0x00, 0x00, 0x00, 0x00, 0x00, 0x00, 0x00, 0x00, 0x01, 0x02, 0x01, 0x02,
  0x01, 0x02, 0x00, 0x00, 0x00, 0x00, 0x00, 0x00, 0x00, 0x00, 0x00, 0x00,
  0x00, 0x00, 0x01, 0x02, 0x01, 0x02, 0x01, 0x02, 0x01, 0x02, 0x01, 0x02,
  0x01, 0x02, 0x01, 0x02, 0x01, 0x02, 0x01, 0x02, 0x00, 0x00, 0x00, 0x00,
  0x00, 0x00, 0x00, 0x00, 0x00, 0x00, 0x00, 0x00, 0x00, 0x00, 0x00, 0x00,
  0x00, 0x00, 0x01, 0x02, 0x01, 0x02, 0x01, 0x02, 0x01, 0x02, 0x01, 0x02,
  0x01, 0x02, 0x01, 0x02, 0x01, 0x02, 0x01, 0x02, 0x00, 0x00, 0x00, 0x00,
  0x00, 0x00, 0x00, 0x00, 0x00, 0x00, 0x00, 0x00, 0x01, 0x02, 0x01, 0x02,
  0x01, 0x02, 0x00, 0x00, 0x00, 0x00, 0x00, 0x00, 0x00, 0x00, 0x00, 0x00,
  0x00, 0x00, 0x00, 0x00, 0x00, 0x00, 0x00, 0x00, 0x01, 0x02, 0x01, 0x02,
  0x01, 0x02, 0x00, 0x00, 0x00, 0x00, 0x00, 0x00, 0x00, 0x00, 0x00, 0x00,
  0x00, 0x00, 0x00, 0x00, 0x00, 0x00, 0x00, 0x00, 0x00, 0x00, 0x00, 0x00,
  0x00, 0x00, 0x00, 0x00, 0x00, 0x00, 0x00, 0x00, 0x00, 0x00, 0x00, 0x00,
  0x00, 0x00, 0x00, 0x00, 0x00, 0x00, 0x00, 0x00, 0x00, 0x00, 0x00, 0x00,
  0x00, 0x00, 0x00, 0x00, 0x00, 0x00, 0x00, 0x00, 0x00, 0x00, 0x00, 0x00,
  0x00, 0x00, 0x00, 0x00, 0x00, 0x00, 0x00, 0x00, 0x00, 0x00, 0x00, 0x00,
  0x00, 0x00, 0x00, 0x00, 0x00, 0x00, 0x00, 0x00, 0x00, 0x00, 0x00, 0x00,
  0x00, 0x00, 0x00, 0x00, 0x00, 0x00, 0x00, 0x00, 0x00, 0x00, 0x00, 0x00,
  0x00, 0x00, 0x00, 0x00, 0x00, 0x00, 0x00, 0x00, 0x00, 0x00, 0x00, 0x00,
  0x00, 0x00, 0x00, 0x00, 0x00, 0x00, 0x00, 0x00, 0x00, 0x00, 0x00, 0x00,
  0x00, 0x00, 0x00, 0x00, 0x00, 0x00, 0x00, 0x00, 0x00, 0x00, 0x00, 0x00,
  0x00, 0x00, 0x00, 0x00, 0x00, 0x00, 0x00, 0x00, 0x00, 0x00, 0x00, 0x00,
  0x00, 0x00, 0x00, 0x00, 0x00, 0x00, 0x00, 0x00, 0x00, 0x00, 0x00, 0x00,
  0x00, 0x00, 0x00, 0x00, 0x00, 0x00, 0x00, 0x00, 0x00, 0x00, 0x00, 0x00,
  0x00, 0x00, 0x00, 0x00, 0x00, 0x00, 0x00, 0x00, 0x00, 0x00, 0x00, 0x00,
  0x00, 0x00, 0x00, 0x00, 0x00, 0x00, 0x00, 0x00, 0x00, 0x00, 0x00, 0x00,
  0x00, 0x00, 0x00, 0x00, 0x00, 0x00, 0x00, 0x00, 0x00, 0x00, 0x00, 0x00,
  0x00, 0x00, 0x00, 0x00, 0x00, 0x00, 0x00, 0x00, 0x00, 0x00, 0x00, 0x00,
  0x00, 0x00, 0x00, 0x00, 0x00, 0x00, 0x00, 0x00, 0x00, 0x00, 0x00, 0x00,
  0x00, 0x00, 0x00, 0x00, 0x00, 0x00, 0x00, 0x00, 0x00, 0x00, 0x00, 0x00,
  0x00, 0x00, 0x00, 0x00, 0x00, 0x00, 0x00, 0x00, 0x00, 0x00, 0x00, 0x00,
  0x00, 0x00, 0x00, 0x00, 0x00, 0x00, 0x00, 0x00, 0x00, 0x00, 0x00, 0x00,
  0x00, 0x00, 0x00, 0x00, 0x00, 0x00, 0x00, 0x00, 0x00, 0x00, 0x00, 0x00,
  0x00, 0x00, 0x00, 0x00, 0x00, 0x00, 0x00, 0x00, 0x00, 0x00, 0x00, 0x00,
  0x00, 0x00, 0x00, 0x00, 0x00, 0x00, 0x00, 0x00, 0x00, 0x00, 0x00, 0x00,
  0x00, 0x00, 0x00, 0x00, 0x00, 0x00, 0x00, 0x00, 0x00, 0x00, 0x00, 0x00,
  0x00, 0x00, 0x00, 0x00, 0x00, 0x00, 0x00, 0x00, 0x00, 0x00, 0x00, 0x00,
  0x00, 0x00, 0x00, 0x00, 0x00, 0x00, 0x00, 0x00, 0x00, 0x00, 0x00, 0x00,
  0x00, 0x00, 0x00, 0x00, 0x00, 0x00, 0x00, 0x00, 0x00, 0x00, 0x00, 0x00,
  0x00, 0x00, 0x00, 0x00, 0x00, 0x00, 0x00, 0x00, 0x00, 0x00, 0x00, 0x00,
  0x00, 0x00, 0x00, 0x00, 0x00, 0x00, 0x00, 0x00, 0x00, 0x00, 0x00, 0x00,
  0x00, 0x00, 0x00, 0x00, 0x00, 0x00, 0x00, 0x00, 0x00, 0x00, 0x00, 0x00,
  0x00, 0x00, 0x00, 0x00, 0x00, 0x00, 0x00, 0x00, 0x00, 0x00, 0x00, 0x00,
  0x00, 0x00, 0x00, 0x00, 0x00, 0x00, 0x00, 0x00, 0x00, 0x00, 0x00, 0x00,
  0x00, 0x00, 0x00, 0x00, 0x00, 0x00, 0x00, 0x00, 0x00, 0x00, 0x00, 0x00,
  0x00, 0x00, 0x00, 0x00, 0x00, 0x00, 0x00, 0x00, 0x00, 0x00, 0x00, 0x00,
  0x00, 0x00, 0x00, 0x00, 0x00, 0x00, 0x00, 0x00, 0x00, 0x00, 0x00, 0x00,
  0x00, 0x00, 0x00, 0x00, 0x00, 0x00, 0x00, 0x00, 0x00, 0x00, 0x00, 0x00,
  0x00, 0x00, 0x00, 0x00, 0x00, 0x00, 0x00, 0x00, 0x00, 0x00, 0x00, 0x00,
  0x00, 0x00, 0x00, 0x00, 0x00, 0x00, 0x00, 0x00, 0x00, 0x00, 0x00, 0x00,
  0x00, 0x00, 0x00, 0x00, 0x00, 0x00, 0x00, 0x00, 0x00, 0x00, 0x00, 0x00,
  0x00, 0x00, 0x00, 0x00, 0x00, 0x00, 0x00, 0x00, 0x00, 0x00, 0x00, 0x00,
  0x00, 0x00, 0x00, 0x00, 0x00, 0x00, 0x00, 0x00, 0x00, 0x00, 0x00, 0x00,
  0x00, 0x00, 0x00, 0x00, 0x00, 0x00, 0x00, 0x00, 0x00, 0x00, 0x00, 0x00,
  0x00, 0x00, 0x00, 0x00, 0x00, 0x00, 0x00, 0x00, 0x00, 0x00, 0x00, 0x00,
  0x00, 0x00, 0x00, 0x00, 0x00, 0x00, 0x00, 0x00, 0x00, 0x00, 0x00, 0x00,
  0x00, 0x00, 0x00, 0x00, 0x00, 0x00, 0x00, 0x00, 0x00, 0x00, 0x00, 0x00,
  0x00, 0x00, 0x00, 0x00, 0x00, 0x00, 0x00, 0x00, 0x00, 0x00, 0x00, 0x00,
  0x00, 0x00, 0x00, 0x00, 0x00, 0x00, 0x00, 0x00, 0x00, 0x00, 0x00, 0x00,
  0x00, 0x00, 0x00, 0x00, 0x00, 0x00, 0x00, 0x00, 0x00, 0x00, 0x00, 0x00,
  0x00, 0x00, 0x00, 0x00, 0x00, 0x00, 0x00, 0x00, 0x00, 0x00, 0x00, 0x00,
  0x00, 0x00, 0x00, 0x00, 0x00, 0x00, 0x00, 0x00, 0x00, 0x00, 0x00, 0x00,
  0x00, 0x00, 0x00, 0x00, 0x00, 0x00, 0x00, 0x00, 0x00, 0x00, 0x00, 0x00,
  0x00, 0x00, 0x00, 0x00, 0x00, 0x00, 0x00, 0x00, 0x00, 0x00, 0x00, 0x00,
  0x00, 0x00, 0x00, 0x00, 0x00, 0x00, 0x00, 0x00, 0x00, 0x00, 0x00, 0x00,
  0x00, 0x00, 0x00, 0x00, 0x00, 0x00, 0x00, 0x00, 0x00, 0x00, 0x00, 0x00,
  0x00, 0x00, 0x00, 0x00, 0x00, 0x00, 0x00, 0x00, 0x00, 0x00, 0x00, 0x00,
  0x00, 0x00, 0x00, 0x00, 0x00, 0x00, 0x00, 0x00, 0x00, 0x00, 0x00, 0x00,
  0x00, 0x00, 0x00, 0x00, 0x00, 0x00, 0x00, 0x00, 0x00, 0x00, 0x00, 0x00,
  0x00, 0x00, 0x00, 0x00, 0x00, 0x00, 0x00, 0x00, 0x00, 0x00, 0x00, 0x00,
  0x00, 0x00, 0x00, 0x00, 0x00, 0x00, 0x00, 0x00, 0x00, 0x00, 0x00, 0x00,
  0x00, 0x00, 0x00, 0x00, 0x00, 0x00, 0x00, 0x00, 0x00, 0x00, 0x00, 0x00,
  0x00, 0x00, 0x00, 0x00, 0x00, 0x00, 0x00, 0x00, 0x00, 0x00, 0x00, 0x00,
  0x00, 0x00, 0x00, 0x00, 0x00, 0x00, 0x00, 0x00, 0x00, 0x00, 0x00, 0x00,
  0x00, 0x00, 0x00, 0x00, 0x00, 0x00, 0x00, 0x00, 0x00, 0x00, 0x00, 0x00,
  0x00, 0x00, 0x00, 0x00, 0x00, 0x00, 0x00, 0x00, 0x00, 0x00, 0x00, 0x00,
  0x00, 0x00, 0x00, 0x00, 0x00, 0x00, 0x00, 0x00, 0x00, 0x00, 0x00, 0x00,
  0x00, 0x00, 0x00, 0x00, 0x00, 0x00, 0x00, 0x00, 0x00, 0x00, 0x00, 0x00,
  0x00, 0x00, 0x00, 0x00, 0x00, 0x00, 0x00, 0x00, 0x00, 0x00, 0x00, 0x00,
  0x00, 0x00, 0x00, 0x00, 0x00, 0x00, 0x00, 0x00, 0x00, 0x00, 0x00, 0x00,
  0x00, 0x00, 0x00, 0x00, 0x00, 0x00, 0x00, 0x00, 0x00, 0x00, 0x00, 0x00,
  0x00, 0x00, 0x00, 0x00, 0x00, 0x00, 0x00, 0x00, 0x00, 0x00, 0x00, 0x00,
  0x00, 0x00, 0x00, 0x00, 0x00, 0x00, 0x00, 0x00, 0x00, 0x00, 0x00, 0x00,
  0x00, 0x00, 0x00, 0x00, 0x00, 0x00, 0x00, 0x00, 0x00, 0x00, 0x00, 0x00,
  0x00, 0x00, 0x00, 0x00, 0x00, 0x00, 0x00, 0x00, 0x00, 0x00, 0x00, 0x00,
  0x00, 0x00, 0x00, 0x00, 0x00, 0x00, 0x00, 0x00, 0x00, 0x00, 0x00, 0x00,
  0x00, 0x00, 0x00, 0x00, 0x00, 0x00, 0x00, 0x00, 0x00, 0x00, 0x00, 0x00,
  0x00, 0x00, 0x00, 0x00, 0x00, 0x00, 0x00, 0x00, 0x00, 0x00, 0x00, 0x00,
  0x00, 0x00, 0x00, 0x00, 0x00, 0x00, 0x00, 0x00, 0x00, 0x00, 0x00, 0x00,
  0x00, 0x00, 0x00, 0x00, 0x00, 0x00, 0x00, 0x00, 0x00, 0x00, 0x00, 0x00,
  0x00, 0x00, 0x00, 0x00, 0x00, 0x00, 0x00, 0x00, 0x00, 0x00, 0x00, 0x00,
  0x00, 0x00, 0x00, 0x00, 0x00, 0x00, 0x00, 0x00, 0x00, 0x00, 0x00, 0x00,
  0x00, 0x00, 0x00, 0x00, 0x00, 0x00, 0x00, 0x00, 0x00, 0x00, 0x00, 0x00,
  0x00, 0x00, 0x00, 0x00, 0x00, 0x00, 0x00, 0x00, 0x00, 0x00, 0x00, 0x00,
  0x00, 0x00, 0x00, 0x00, 0x00, 0x00, 0x00, 0x00, 0x00, 0x00, 0x00, 0x00,
  0x00, 0x00, 0x00, 0x00, 0x00, 0x00, 0x00, 0x00, 0x00, 0x00, 0x00, 0x00,
  0xe5, 0x0f, 0xe5, 0x0f, 0xe5, 0x0f, 0xe5, 0x0f, 0xe5, 0x0f, 0xe5, 0x0f,
  0xe5, 0x0f, 0xe5, 0x0f, 0xe5, 0x0f, 0xe5, 0x0f, 0xe5, 0x0f, 0xe5, 0x0f,
  0x00, 0x00, 0x00, 0x00, 0x00, 0x00, 0xe5, 0x0f, 0xe5, 0x0f, 0xe5, 0x0f,
  0xe5, 0x0f, 0xe5, 0x0f, 0xe5, 0x0f, 0xe5, 0x0f, 0xe5, 0x0f, 0xe5, 0x0f,
  0xe5, 0x0f, 0xe5, 0x0f, 0xe5, 0x0f, 0x00, 0x00, 0x00, 0x00, 0x00, 0x00,
  0x00, 0x00, 0x00, 0x00, 0x00, 0x00, 0xe5, 0x0f, 0xe5, 0x0f, 0xe5, 0x0f,
  0xe5, 0x0f, 0xe5, 0x0f, 0xe5, 0x0f, 0xe5, 0x0f, 0xe5, 0x0f, 0xe5, 0x0f,
  0xe5, 0x0f, 0xe5, 0x0f, 0xe5, 0x0f, 0xe5, 0x0f, 0xe5, 0x0f, 0xe5, 0x0f,
  0x00, 0x00, 0x00, 0x00, 0x00, 0x00, 0x00, 0x00, 0x00, 0x00, 0x00, 0x00,
  0xe5, 0x0f, 0xe5, 0x0f, 0xe5, 0x0f, 0xe5, 0x0f, 0xe5, 0x0f, 0xe5, 0x0f,
  0xe5, 0x0f, 0xe5, 0x0f, 0xe5, 0x0f, 0xe5, 0x0f, 0xe5, 0x0f, 0xe5, 0x0f,
  0x00, 0x00, 0x00, 0x00, 0x00, 0x00, 0xe5, 0x0f, 0xe5, 0x0f, 0xe5, 0x0f,
  0xe5, 0x0f, 0xe5, 0x0f, 0xe5, 0x0f, 0xe5, 0x0f, 0xe5, 0x0f, 0xe5, 0x0f,
  0xe5, 0x0f, 0xe5, 0x0f, 0xe5, 0x0f, 0xe5, 0x0f, 0xe5, 0x0f, 0xe5, 0x0f,
  0x00, 0x00, 0x00, 0x00, 0x00, 0x00, 0x00, 0x00, 0x00, 0x00, 0x00, 0x00,
  0xe5, 0x0f, 0xe5, 0x0f, 0xe5, 0x0f, 0xe5, 0x0f, 0xe5, 0x0f, 0xe5, 0x0f,
  0xe5, 0x0f, 0xe5, 0x0f, 0xe5, 0x0f, 0x00, 0x00, 0x00, 0x00, 0x00, 0x00,
  0x00, 0x00, 0x00, 0x00, 0x00, 0x00, 0x00, 0x00, 0x00, 0x00, 0x00, 0x00,
  0x00, 0x00, 0x00, 0x00, 0x00, 0x00, 0x00, 0x00, 0x00, 0x00, 0x00, 0x00,
  0x00, 0x00, 0x00, 0x00, 0x00, 0x00, 0x00, 0x00, 0x00, 0x00, 0x00, 0x00,
  0xe5, 0x0f, 0xe5, 0x0f, 0xe5, 0x0f, 0xe5, 0x0f, 0xe5, 0x0f, 0xe5, 0x0f,
  0xe5, 0x0f, 0xe5, 0x0f, 0xe5, 0x0f, 0xe5, 0x0f, 0xe5, 0x0f, 0xe5, 0x0f,
  0x01, 0x02, 0x00, 0x00, 0x00, 0x00, 0xe5, 0x0f, 0xe5, 0x0f, 0xe5, 0x0f,
  0xe5, 0x0f, 0xe5, 0x0f, 0xe5, 0x0f, 0xe5, 0x0f, 0xe5, 0x0f, 0xe5, 0x0f,
  0xe5, 0x0f, 0xe5, 0x0f, 0xe5, 0x0f, 0x01, 0x02, 0x00, 0x00, 0x00, 0x00,
  0x00, 0x00, 0x00, 0x00, 0x00, 0x00, 0xe5, 0x0f, 0xe5, 0x0f, 0xe5, 0x0f,
  0xe5, 0x0f, 0xe5, 0x0f, 0xe5, 0x0f, 0xe5, 0x0f, 0xe5, 0x0f, 0xe5, 0x0f,
  0xe5, 0x0f, 0xe5, 0x0f, 0xe5, 0x0f, 0xe5, 0x0f, 0xe5, 0x0f, 0xe5, 0x0f,
  0x01, 0x02, 0x00, 0x00, 0x00, 0x00, 0x00, 0x00, 0x00, 0x00, 0x00, 0x00,
  0xe5, 0x0f, 0xe5, 0x0f, 0xe5, 0x0f, 0xe5, 0x0f, 0xe5, 0x0f, 0xe5, 0x0f,
  0xe5, 0x0f, 0xe5, 0x0f, 0xe5, 0x0f, 0xe5, 0x0f, 0xe5, 0x0f, 0xe5, 0x0f,
  0x01, 0x02, 0x00, 0x00, 0x00, 0x00, 0xe5, 0x0f, 0xe5, 0x0f, 0xe5, 0x0f,
  0xe5, 0x0f, 0xe5, 0x0f, 0xe5, 0x0f, 0xe5, 0x0f, 0xe5, 0x0f, 0xe5, 0x0f,
  0xe5, 0x0f, 0xe5, 0x0f, 0xe5, 0x0f, 0xe5, 0x0f, 0xe5, 0x0f, 0xe5, 0x0f,
  0x01, 0x02, 0x00, 0x00, 0x00, 0x00, 0x00, 0x00, 0x00, 0x00, 0x00, 0x00,
  0xe5, 0x0f, 0xe5, 0x0f, 0xe5, 0x0f, 0xe5, 0x0f, 0xe5, 0x0f, 0xe5, 0x0f,
  0xe5, 0x0f, 0xe5, 0x0f, 0xe5, 0x0f, 0x01, 0x02, 0x00, 0x00, 0x00, 0x00,
  0x00, 0x00, 0x00, 0x00, 0x00, 0x00, 0x00, 0x00, 0x00, 0x00, 0x00, 0x00,
  0x00, 0x00, 0x00, 0x00, 0x00, 0x00, 0x00, 0x00, 0x00, 0x00, 0x00, 0x00,
  0x00, 0x00, 0x00, 0x00, 0x00, 0x00, 0x00, 0x00, 0x00, 0x00, 0x00, 0x00,
  0xe5, 0x0f, 0xe5, 0x0f, 0xe5, 0x0f, 0xe5, 0x0f, 0xe5, 0x0f, 0xe5, 0x0f,
  0xe5, 0x0f, 0xe5, 0x0f, 0xe5, 0x0f, 0xe5, 0x0f, 0xe5, 0x0f, 0xe5, 0x0f,
  0x01, 0x02, 0x00, 0x00, 0x00, 0x00, 0xe5, 0x0f, 0xe5, 0x0f, 0xe5, 0x0f,
  0xe5, 0x0f, 0xe5, 0x0f, 0xe5, 0x0f, 0xe5, 0x0f, 0xe5, 0x0f, 0xe5, 0x0f,
  0xe5, 0x0f, 0xe5, 0x0f, 0xe5, 0x0f, 0x01, 0x02, 0x00, 0x00, 0x00, 0x00,
  0x00, 0x00, 0x00, 0x00, 0x00, 0x00, 0xe5, 0x0f, 0xe5, 0x0f, 0xe5, 0x0f,
  0xe5, 0x0f, 0xe5, 0x0f, 0xe5, 0x0f, 0xe5, 0x0f, 0xe5, 0x0f, 0xe5, 0x0f,
  0xe5, 0x0f, 0xe5, 0x0f, 0xe5, 0x0f, 0xe5, 0x0f, 0xe5, 0x0f, 0xe5, 0x0f,
  0x01, 0x02, 0x00, 0x00, 0x00, 0x00, 0x00, 0x00, 0x00, 0x00, 0x00, 0x00,
  0xe5, 0x0f, 0xe5, 0x0f, 0xe5, 0x0f, 0xe5, 0x0f, 0xe5, 0x0f, 0xe5, 0x0f,
  0xe5, 0x0f, 0xe5, 0x0f, 0xe5, 0x0f, 0xe5, 0x0f, 0xe5, 0x0f, 0xe5, 0x0f,
  0x01, 0x02, 0x00, 0x00, 0x00, 0x00, 0xe5, 0x0f, 0xe5, 0x0f, 0xe5, 0x0f,
  0xe5, 0x0f, 0xe5, 0x0f, 0xe5, 0x0f, 0xe5, 0x0f, 0xe5, 0x0f, 0xe5, 0x0f,
  0xe5, 0x0f, 0xe5, 0x0f, 0xe5, 0x0f, 0xe5, 0x0f, 0xe5, 0x0f, 0xe5, 0x0f,
  0x01, 0x02, 0x00, 0x00, 0x00, 0x00, 0x00, 0x00, 0x00, 0x00, 0x00, 0x00,
  0xe5, 0x0f, 0xe5, 0x0f, 0xe5, 0x0f, 0xe5, 0x0f, 0xe5, 0x0f, 0xe5, 0x0f,
  0xe5, 0x0f, 0xe5, 0x0f, 0xe5, 0x0f, 0x01, 0x02, 0x00, 0x00, 0x00, 0x00,
  0x00, 0x00, 0x00, 0x00, 0x00, 0x00, 0x00, 0x00, 0x00, 0x00, 0x00, 0x00,
  0x00, 0x00, 0x00, 0x00, 0x00, 0x00, 0x00, 0x00, 0x00, 0x00, 0x00, 0x00,
  0x00, 0x00, 0x00, 0x00, 0x00, 0x00, 0xd5, 0x0f, 0xd5, 0x0f, 0xd5, 0x0f,
  0x00, 0x00, 0x01, 0x02, 0x01, 0x02, 0x01, 0x02, 0x01, 0x02, 0x01, 0x02,
  0x01, 0x02, 0x01, 0x02, 0x01, 0x02, 0x01, 0x02, 0x01, 0x02, 0x01, 0x02,
  0x01, 0x02, 0x00, 0x00, 0x00, 0x00, 0xd5, 0x0f, 0xd5, 0x0f, 0xd5, 0x0f,
  0x01, 0x02, 0x01, 0x02, 0x01, 0x02, 0x01, 0x02, 0x01, 0x02, 0x01, 0x02,
  0x01, 0x02, 0x01, 0x02, 0x01, 0x02, 0xd5, 0x0f, 0xd5, 0x0f, 0xd5, 0x0f,
  0x00, 0x00, 0x00, 0x00, 0x00, 0x00, 0xd5, 0x0f, 0xd5, 0x0f, 0xd5, 0x0f,
  0x01, 0x02, 0x01, 0x02, 0x01, 0x02, 0x01, 0x02, 0x01, 0x02, 0x01, 0x02,
  0x01, 0x02, 0x01, 0x02, 0x01, 0x02, 0x01, 0x02, 0x01, 0x02, 0x01, 0x02,
  0x01, 0x02, 0x00, 0x00, 0x00, 0x00, 0xd5, 0x0f, 0xd5, 0x0f, 0xd5, 0x0f,
  0x00, 0x00, 0x01, 0x02, 0x01, 0x02, 0x01, 0x02, 0x01, 0x02, 0x01, 0x02,
  0x01, 0x02, 0x01, 0x02, 0x01, 0x02, 0x01, 0x02, 0x01, 0x02, 0x01, 0x02,
  0x01, 0x02, 0x00, 0x00, 0x00, 0x00, 0x00, 0x00, 0x01, 0x02, 0x01, 0x02,
  0x01, 0x02, 0x01, 0x02, 0x01, 0x02, 0xd5, 0x0f, 0xd5, 0x0f, 0xd5, 0x0f,
  0x01, 0x02, 0x01, 0x02, 0x01, 0x02, 0x01, 0x02, 0x01, 0x02, 0x01, 0x02,
  0x01, 0x02, 0x00, 0x00, 0x00, 0x00, 0xd5, 0x0f, 0xd5, 0x0f, 0xd5, 0x0f,
  0x00, 0x00, 0x01, 0x02, 0x01, 0x02, 0x01, 0x02, 0x01, 0x02, 0x01, 0x02,
  0x01, 0x02, 0x01, 0x02, 0x01, 0x02, 0xd5, 0x0f, 0xd5, 0x0f, 0xd5, 0x0f,
  0x00, 0x00, 0x00, 0x00, 0x00, 0x00, 0x00, 0x00, 0x00, 0x00, 0x00, 0x00,
  0x00, 0x00, 0x00, 0x00, 0x00, 0x00, 0x00, 0x00, 0x00, 0x00, 0x00, 0x00,
  0x00, 0x00, 0x00, 0x00, 0x00, 0x00, 0xd5, 0x0f, 0xd5, 0x0f, 0xd5, 0x0f,
  0x01, 0x02, 0x00, 0x00, 0x00, 0x00, 0x00, 0x00, 0x00, 0x00, 0x00, 0x00,
  0x00, 0x00, 0x00, 0x00, 0x00, 0x00, 0x00, 0x00, 0x00, 0x00, 0x00, 0x00,
  0x00, 0x00, 0x00, 0x00, 0x00, 0x00, 0xd5, 0x0f, 0xd5, 0x0f, 0xd5, 0x0f,
  0x01, 0x02, 0x00, 0x00, 0x00, 0x00, 0x00, 0x00, 0x00, 0x00, 0x00, 0x00,
  0x00, 0x00, 0x00, 0x00, 0x00, 0x00, 0xd5, 0x0f, 0xd5, 0x0f, 0xd5, 0x0f,
  0x01, 0x02, 0x00, 0x00, 0x00, 0x00, 0xd5, 0x0f, 0xd5, 0x0f, 0xd5, 0x0f,
  0x01, 0x02, 0x00, 0x00, 0x00, 0x00, 0x00, 0x00, 0x00, 0x00, 0x00, 0x00,
  0x00, 0x00, 0x00, 0x00, 0x00, 0x00, 0x00, 0x00, 0x00, 0x00, 0x00, 0x00,
  0x00, 0x00, 0x00, 0x00, 0x00, 0x00, 0xd5, 0x0f, 0xd5, 0x0f, 0xd5, 0x0f,
  0x01, 0x02, 0x00, 0x00, 0x00, 0x00, 0x00, 0x00, 0x00, 0x00, 0x00, 0x00,
  0x00, 0x00, 0x00, 0x00, 0x00, 0x00, 0x00, 0x00, 0x00, 0x00, 0x00, 0x00,
  0x00, 0x00, 0x00, 0x00, 0x00, 0x00, 0x00, 0x00, 0x00, 0x00, 0x00, 0x00,
  0x00, 0x00, 0x00, 0x00, 0x00, 0x00, 0xd5, 0x0f, 0xd5, 0x0f, 0xd5, 0x0f,
  0x01, 0x02, 0x00, 0x00, 0x00, 0x00, 0x00, 0x00, 0x00, 0x00, 0x00, 0x00,
  0x00, 0x00, 0x00, 0x00, 0x00, 0x00, 0xd5, 0x0f, 0xd5, 0x0f, 0xd5, 0x0f,
  0x01, 0x02, 0x00, 0x00, 0x00, 0x00, 0x00, 0x00, 0x00, 0x00, 0x00, 0x00,
  0x00, 0x00, 0x00, 0x00, 0x00, 0x00, 0xd5, 0x0f, 0xd5, 0x0f, 0xd5, 0x0f,
  0x01, 0x02, 0x00, 0x00, 0x00, 0x00, 0x00, 0x00, 0x00, 0x00, 0x00, 0x00,
  0x00, 0x00, 0x00, 0x00, 0x00, 0x00, 0x00, 0x00, 0x00, 0x00, 0x00, 0x00,
  0x00, 0x00, 0x00, 0x00, 0x00, 0x00, 0xd5, 0x0f, 0xd5, 0x0f, 0xd5, 0x0f,
  0x01, 0x02, 0x00, 0x00, 0x00, 0x00, 0x00, 0x00, 0x00, 0x00, 0x00, 0x00,
  0x00, 0x00, 0x00, 0x00, 0x00, 0x00, 0x00, 0x00, 0x00, 0x00, 0x00, 0x00,
  0x00, 0x00, 0x00, 0x00, 0x00, 0x00, 0xd5, 0x0f, 0xd5, 0x0f, 0xd5, 0x0f,
  0x01, 0x02, 0x00, 0x00, 0x00, 0x00, 0x00, 0x00, 0x00, 0x00, 0x00, 0x00,
  0x00, 0x00, 0x00, 0x00, 0x00, 0x00, 0xd5, 0x0f, 0xd5, 0x0f, 0xd5, 0x0f,
  0x01, 0x02, 0x00, 0x00, 0x00, 0x00, 0xd5, 0x0f, 0xd5, 0x0f, 0xd5, 0x0f,
  0x01, 0x02, 0x00, 0x00, 0x00, 0x00, 0x00, 0x00, 0x00, 0x00, 0x00, 0x00,
  0x00, 0x00, 0x77, 0x07, 0x00, 0x00, 0x00, 0x00, 0x00, 0x00, 0x00, 0x00,
  0x00, 0x00, 0x00, 0x00, 0x00, 0x00, 0xd5, 0x0f, 0xd5, 0x0f, 0xd5, 0x0f,
  0x01, 0x02, 0x00, 0x00, 0x00, 0x00, 0x00, 0x00, 0x00, 0x00, 0x00, 0x00,
  0x00, 0x00, 0x00, 0x00, 0x00, 0x00, 0x00, 0x00, 0x00, 0x00, 0x00, 0x00,
  0x00, 0x00, 0x00, 0x00, 0x00, 0x00, 0x00, 0x00, 0x00, 0x00, 0x00, 0x00,
  0x00, 0x00, 0x00, 0x00, 0x00, 0x00, 0xd5, 0x0f, 0xd5, 0x0f, 0xd5, 0x0f,
  0x01, 0x02, 0x00, 0x00, 0x00, 0x00, 0x00, 0x00, 0x00, 0x00, 0x00, 0x00,
  0x00, 0x00, 0x00, 0x00, 0x00, 0x00, 0xd5, 0x0f, 0xd5, 0x0f, 0xd5, 0x0f,
  0x01, 0x02, 0x00, 0x00, 0x00, 0x00, 0x00, 0x00, 0x00, 0x00, 0x00, 0x00,
  0x00, 0x00, 0x00, 0x00, 0x00, 0x00, 0xd5, 0x0f, 0xd5, 0x0f, 0xd5, 0x0f,
  0x01, 0x02, 0x00, 0x00, 0x00, 0x00, 0x00, 0x00, 0x00, 0x00, 0x00, 0x00,
  0x00, 0x00, 0x00, 0x00, 0x00, 0x00, 0x00, 0x00, 0x00, 0x00, 0x00, 0x00,
  0x00, 0x00, 0x00, 0x00, 0x00, 0x00, 0xc4, 0x0f, 0xc4, 0x0f, 0xc4, 0x0f,
  0x01, 0x02, 0x00, 0x00, 0x00, 0x00, 0x00, 0x00, 0x00, 0x00, 0x00, 0x00,
  0x00, 0x00, 0x00, 0x00, 0x00, 0x00, 0x00, 0x00, 0x00, 0x00, 0x00, 0x00,
  0x00, 0x00, 0x00, 0x00, 0x00, 0x00, 0xc4, 0x0f, 0xc4, 0x0f, 0xc4, 0x0f,
  0x01, 0x02, 0x00, 0x00, 0x00, 0x00, 0x00, 0x00, 0x00, 0x00, 0x00, 0x00,
  0x00, 0x00, 0x00, 0x00, 0x00, 0x00, 0xc4, 0x0f, 0xc4, 0x0f, 0xc4, 0x0f,
  0x01, 0x02, 0x00, 0x00, 0x00, 0x00, 0xc4, 0x0f, 0xc4, 0x0f, 0xc4, 0x0f,
  0x01, 0x02, 0x00, 0x00, 0x00, 0x00, 0x00, 0x00, 0x00, 0x00, 0x00, 0x00,
  0x00, 0x00, 0x00, 0x00, 0x00, 0x00, 0x00, 0x00, 0x00, 0x00, 0x00, 0x00,
  0x00, 0x00, 0x00, 0x00, 0x00, 0x00, 0xc4, 0x0f, 0xc4, 0x0f, 0xc4, 0x0f,
  0x01, 0x02, 0x00, 0x00, 0x00, 0x00, 0x00, 0x00, 0x00, 0x00, 0x00, 0x00,
  0x00, 0x00, 0x00, 0x00, 0x00, 0x00, 0x00, 0x00, 0x00, 0x00, 0x00, 0x00,
  0x00, 0x00, 0x00, 0x00, 0x00, 0x00, 0x00, 0x00, 0x00, 0x00, 0x00, 0x00,
  0x00, 0x00, 0x00, 0x00, 0x00, 0x00, 0xc4, 0x0f, 0xc4, 0x0f, 0xc4, 0x0f,
  0x01, 0x02, 0x00, 0x00, 0x00, 0x00, 0x00, 0x00, 0x00, 0x00, 0x00, 0x00,
  0x00, 0x00, 0x00, 0x00, 0x00, 0x00, 0xc4, 0x0f, 0xc4, 0x0f, 0xc4, 0x0f,
  0x01, 0x02, 0x00, 0x00, 0x00, 0x00, 0x00, 0x00, 0x00, 0x00, 0x00, 0x00,
  0x00, 0x00, 0x00, 0x00, 0x00, 0x00, 0xc4, 0x0f, 0xc4, 0x0f, 0xc4, 0x0f,
  0x01, 0x02, 0x00, 0x00, 0x00, 0x00, 0x00, 0x00, 0x00, 0x00, 0x00, 0x00,
  0x00, 0x00, 0x00, 0x00, 0x00, 0x00, 0x00, 0x00, 0x00, 0x00, 0x00, 0x00,
  0x00, 0x00, 0x00, 0x00, 0x00, 0x00, 0xc4, 0x0f, 0xc4, 0x0f, 0xc4, 0x0f,
  0x01, 0x02, 0x00, 0x00, 0x8b, 0x07, 0x00, 0x00, 0x00, 0x00, 0x00, 0x00,
  0x00, 0x00, 0x00, 0x00, 0x00, 0x00, 0x00, 0x00, 0x00, 0x00, 0x00, 0x00,
  0x00, 0x00, 0x00, 0x00, 0x00, 0x00, 0xc4, 0x0f, 0xc4, 0x0f, 0xc4, 0x0f,
  0x01, 0x02, 0x00, 0x00, 0x00, 0x00, 0x00, 0x00, 0x00, 0x00, 0x00, 0x00,
  0x00, 0x00, 0x00, 0x00, 0x00, 0x00, 0xc4, 0x0f, 0xc4, 0x0f, 0xc4, 0x0f,
  0x01, 0x02, 0x00, 0x00, 0x00, 0x00, 0xc4, 0x0f, 0xc4, 0x0f, 0xc4, 0x0f,
  0x01, 0x02, 0x00, 0x00, 0x00, 0x00, 0x00, 0x00, 0x00, 0x00, 0x00, 0x00,
  0x00, 0x00, 0x00, 0x00, 0x00, 0x00, 0x00, 0x00, 0x00, 0x00, 0x00, 0x00,
  0x00, 0x00, 0x00, 0x00, 0x00, 0x00, 0xc4, 0x0f, 0xc4, 0x0f, 0xc4, 0x0f,
  0x01, 0x02, 0x00, 0x00, 0x00, 0x00, 0x00, 0x00, 0x00, 0x00, 0x00, 0x00,
  0x00, 0x00, 0x00, 0x00, 0x00, 0x00, 0x00, 0x00, 0x00, 0x00, 0x00, 0x00,
  0x00, 0x00, 0x00, 0x00, 0x00, 0x00, 0x00, 0x00, 0x00, 0x00, 0x00, 0x00,
  0x00, 0x00, 0x00, 0x00, 0x00, 0x00, 0xc4, 0x0f, 0xc4, 0x0f, 0xc4, 0x0f,
  0x01, 0x02, 0x00, 0x00, 0x00, 0x00, 0x00, 0x00, 0x00, 0x00, 0x00, 0x00,
  0x00, 0x00, 0x00, 0x00, 0x00, 0x00, 0xc4, 0x0f, 0xc4, 0x0f, 0xc4, 0x0f,
  0x01, 0x02, 0x00, 0x00, 0x00, 0x00, 0x00, 0x00, 0x00, 0x00, 0x00, 0x00,
  0x00, 0x00, 0x00, 0x00, 0x00, 0x00, 0xc4, 0x0f, 0xc4, 0x0f, 0xc4, 0x0f,
  0x01, 0x02, 0x00, 0x00, 0x00, 0x00, 0x00, 0x00, 0x00, 0x00, 0x00, 0x00,
  0x00, 0x00, 0x00, 0x00, 0x00, 0x00, 0x00, 0x00, 0x00, 0x00, 0x00, 0x00,
  0x00, 0x00, 0x00, 0x00, 0x00, 0x00, 0xc4, 0x0f, 0xc4, 0x0f, 0xc4, 0x0f,
  0x01, 0x02, 0x00, 0x00, 0x00, 0x00, 0x00, 0x00, 0x00, 0x00, 0x00, 0x00,
  0x00, 0x00, 0x00, 0x00, 0x00, 0x00, 0x00, 0x00, 0x00, 0x00, 0x00, 0x00,
  0x00, 0x00, 0x00, 0x00, 0x00, 0x00, 0xc4, 0x0f, 0xc4, 0x0f, 0xc4, 0x0f,
  0x01, 0x02, 0x00, 0x00, 0x00, 0x00, 0x00, 0x00, 0x00, 0x00, 0x00, 0x00,
  0x00, 0x00, 0x00, 0x00, 0x00, 0x00, 0xc4, 0x0f, 0xc4, 0x0f, 0xc4, 0x0f,
  0x01, 0x02, 0x00, 0x00, 0x00, 0x00, 0xc4, 0x0f, 0xc4, 0x0f, 0xc4, 0x0f,
  0x01, 0x02, 0x00, 0x00, 0x00, 0x00, 0x00, 0x00, 0x00, 0x00, 0x00, 0x00,
  0x00, 0x00, 0x00, 0x00, 0x00, 0x00, 0x00, 0x00, 0x00, 0x00, 0x00, 0x00,
  0x00, 0x00, 0x00, 0x00, 0x00, 0x00, 0xc4, 0x0f, 0xc4, 0x0f, 0xc4, 0x0f,
  0x01, 0x02, 0x00, 0x00, 0x00, 0x00, 0x00, 0x00, 0x00, 0x00, 0x00, 0x00,
  0x00, 0x00, 0x00, 0x00, 0x00, 0x00, 0x00, 0x00, 0x00, 0x00, 0x00, 0x00,
  0x00, 0x00, 0x00, 0x00, 0x00, 0x00, 0x00, 0x00, 0x00, 0x00, 0x00, 0x00,
  0x00, 0x00, 0x00, 0x00, 0x00, 0x00, 0xc4, 0x0f, 0xc4, 0x0f, 0xc4, 0x0f,
  0x01, 0x02, 0x00, 0x00, 0x00, 0x00, 0x00, 0x00, 0x00, 0x00, 0x00, 0x00,
  0x00, 0x00, 0x00, 0x00, 0x00, 0x00, 0xc4, 0x0f, 0xc4, 0x0f, 0xc4, 0x0f,
  0x01, 0x02, 0x00, 0x00, 0x00, 0x00, 0x00, 0x00, 0x00, 0x00, 0x00, 0x00,
  0x00, 0x00, 0x00, 0x00, 0x00, 0x00, 0xc4, 0x0f, 0xc4, 0x0f, 0xc4, 0x0f,
  0x01, 0x02, 0x00, 0x00, 0x00, 0x00, 0x00, 0x00, 0x00, 0x00, 0x00, 0x00,
  0x00, 0x00, 0x00, 0x00, 0x00, 0x00, 0x00, 0x00, 0x00, 0x00, 0x00, 0x00,
  0x00, 0x00, 0x00, 0x00, 0x00, 0x00, 0xb3, 0x0f, 0xb3, 0x0f, 0xb3, 0x0f,
  0x01, 0x02, 0x00, 0x00, 0x00, 0x00, 0x00, 0x00, 0x00, 0x00, 0x00, 0x00,
  0x00, 0x00, 0x00, 0x00, 0x00, 0x00, 0x00, 0x00, 0x00, 0x00, 0x00, 0x00,
  0x00, 0x00, 0x00, 0x00, 0x00, 0x00, 0xb3, 0x0f, 0xb3, 0x0f, 0xb3, 0x0f,
  0xb3, 0x0f, 0xb3, 0x0f, 0xb3, 0x0f, 0xb3, 0x0f, 0xb3, 0x0f, 0xb3, 0x0f,
  0xb3, 0x0f, 0xb3, 0x0f, 0xb3, 0x0f, 0x00, 0x00, 0x01, 0x02, 0x01, 0x02,
  0x01, 0x02, 0x00, 0x00, 0x00, 0x00, 0xb3, 0x0f, 0xb3, 0x0f, 0xb3, 0x0f,
  0xb3, 0x0f, 0xb3, 0x0f, 0xb3, 0x0f, 0xb3, 0x0f, 0xb3, 0x0f, 0xb3, 0x0f,
  0xb3, 0x0f, 0xb3, 0x0f, 0xb3, 0x0f, 0x00, 0x00, 0x00, 0x00, 0x00, 0x00,
  0x00, 0x00, 0x00, 0x00, 0x00, 0x00, 0x00, 0x00, 0x01, 0x02, 0x01, 0x02,
  0xb3, 0x0f, 0xb3, 0x0f, 0xb3, 0x0f, 0xb3, 0x0f, 0xb3, 0x0f, 0xb3, 0x0f,
  0xb3, 0x0f, 0xb3, 0x0f, 0xb3, 0x0f, 0x00, 0x00, 0x00, 0x00, 0x00, 0x00,
  0x00, 0x00, 0x00, 0x00, 0x00, 0x00, 0x00, 0x00, 0x00, 0x00, 0x00, 0x00,
  0x00, 0x00, 0x00, 0x00, 0x00, 0x00, 0xb3, 0x0f, 0xb3, 0x0f, 0xb3, 0x0f,
  0x01, 0x02, 0x00, 0x00, 0x00, 0x00, 0x00, 0x00, 0x00, 0x00, 0x00, 0x00,
  0x00, 0x00, 0x00, 0x00, 0x00, 0x00, 0xb3, 0x0f, 0xb3, 0x0f, 0xb3, 0x0f,
  0xb3, 0x0f, 0xb3, 0x0f, 0xb3, 0x0f, 0xb3, 0x0f, 0xb3, 0x0f, 0xb3, 0x0f,
  0xb3, 0x0f, 0xb3, 0x0f, 0xb3, 0x0f, 0xb3, 0x0f, 0xb3, 0x0f, 0xb3, 0x0f,
  0x01, 0x02, 0x00, 0x00, 0x00, 0x00, 0x00, 0x00, 0x00, 0x00, 0x00, 0x00,
  0x00, 0x00, 0x00, 0x00, 0x00, 0x00, 0x00, 0x00, 0x00, 0x00, 0x00, 0x00,
  0x00, 0x00, 0x00, 0x00, 0x00, 0x00, 0xb3, 0x0f, 0xb3, 0x0f, 0xb3, 0x0f,
  0x01, 0x02, 0x00, 0x00, 0x00, 0x00, 0x00, 0x00, 0x00, 0x00, 0x00, 0x00,
  0x00, 0x00, 0x00, 0x00, 0x00, 0x00, 0x00, 0x00, 0x00, 0x00, 0x00, 0x00,
  0x00, 0x00, 0x00, 0x00, 0x00, 0x00, 0xb3, 0x0f, 0xb3, 0x0f, 0xb3, 0x0f,
  0xb3, 0x0f, 0xb3, 0x0f, 0xb3, 0x0f, 0xb3, 0x0f, 0xb3, 0x0f, 0xb3, 0x0f,
  0xb3, 0x0f, 0xb3, 0x0f, 0xb3, 0x0f, 0x01, 0x02, 0x00, 0x00, 0x00, 0x00,
  0x00, 0x00, 0x00, 0x00, 0x00, 0x00, 0xb3, 0x0f, 0xb3, 0x0f, 0xb3, 0x0f,
  0xb3, 0x0f, 0xb3, 0x0f, 0xb3, 0x0f, 0xb3, 0x0f, 0xb3, 0x0f, 0xb3, 0x0f,
  0xb3, 0x0f, 0xb3, 0x0f, 0xb3, 0x0f, 0x01, 0x02, 0x00, 0x00, 0x00, 0x00,
  0x00, 0x00, 0x00, 0x00, 0x00, 0x00, 0x00, 0x00, 0x00, 0x00, 0x00, 0x00,
  0xb3, 0x0f, 0xb3, 0x0f, 0xb3, 0x0f, 0xb3, 0x0f, 0xb3, 0x0f, 0xb3, 0x0f,
  0xb3, 0x0f, 0xb3, 0x0f, 0xb3, 0x0f, 0x01, 0x02, 0x00, 0x00, 0x00, 0x00,
  0x00, 0x00, 0x00, 0x00, 0x00, 0x00, 0x00, 0x00, 0x00, 0x00, 0x00, 0x00,
  0x00, 0x00, 0x00, 0x00, 0x00, 0x00, 0xb3, 0x0f, 0xb3, 0x0f, 0xb3, 0x0f,
  0x01, 0x02, 0x00, 0x00, 0x00, 0x00, 0x00, 0x00, 0x00, 0x00, 0x00, 0x00,
  0x00, 0x00, 0x00, 0x00, 0x00, 0x00, 0xb3, 0x0f, 0xb3, 0x0f, 0xb3, 0x0f,
  0xb3, 0x0f, 0xb3, 0x0f, 0xb3, 0x0f, 0xb3, 0x0f, 0xb3, 0x0f, 0xb3, 0x0f,
  0xb3, 0x0f, 0xb3, 0x0f, 0xb3, 0x0f, 0xb3, 0x0f, 0xb3, 0x0f, 0xb3, 0x0f,
  0x01, 0x02, 0x00, 0x00, 0x00, 0x00, 0x00, 0x00, 0x00, 0x00, 0x00, 0x00,
  0x00, 0x00, 0x00, 0x00, 0x00, 0x00, 0x00, 0x00, 0x00, 0x00, 0x00, 0x00,
  0x00, 0x00, 0x00, 0x00, 0x00, 0x00, 0xb3, 0x0f, 0xb3, 0x0f, 0xb3, 0x0f,
  0x01, 0x02, 0x00, 0x00, 0x00, 0x00, 0x00, 0x00, 0x00, 0x00, 0x00, 0x00,
  0x00, 0x00, 0x00, 0x00, 0x00, 0x00, 0x00, 0x00, 0x00, 0x00, 0x00, 0x00,
  0x00, 0x00, 0x00, 0x00, 0x00, 0x00, 0xb3, 0x0f, 0xb3, 0x0f, 0xb3, 0x0f,
  0xb3, 0x0f, 0xb3, 0x0f, 0xb3, 0x0f, 0xb3, 0x0f, 0xb3, 0x0f, 0xb3, 0x0f,
  0xb3, 0x0f, 0xb3, 0x0f, 0xb3, 0x0f, 0x01, 0x02, 0x00, 0x00, 0x00, 0x00,
  0x00, 0x00, 0x00, 0x00, 0x00, 0x00, 0xb3, 0x0f, 0xb3, 0x0f, 0xb3, 0x0f,
  0xb3, 0x0f, 0xb3, 0x0f, 0xb3, 0x0f, 0xb3, 0x0f, 0xb3, 0x0f, 0xb3, 0x0f,
  0xb3, 0x0f, 0xb3, 0x0f, 0xb3, 0x0f, 0x01, 0x02, 0x00, 0x00, 0x00, 0x00,
  0x00, 0x00, 0x00, 0x00, 0x00, 0x00, 0x00, 0x00, 0x00, 0x00, 0x00, 0x00,
  0xb3, 0x0f, 0xb3, 0x0f, 0xb3, 0x0f, 0xb3, 0x0f, 0xb3, 0x0f, 0xb3, 0x0f,
  0xb3, 0x0f, 0xb3, 0x0f, 0xb3, 0x0f, 0x01, 0x02, 0x00, 0x00, 0x00, 0x00,
  0x00, 0x00, 0x00, 0x00, 0x00, 0x00, 0x00, 0x00, 0x00, 0x00, 0x00, 0x00,
  0x00, 0x00, 0x00, 0x00, 0x00, 0x00, 0xb3, 0x0f, 0xb3, 0x0f, 0xb3, 0x0f,
  0x01, 0x02, 0x00, 0x00, 0x00, 0x00, 0x00, 0x00, 0x00, 0x00, 0x00, 0x00,
  0x00, 0x00, 0x00, 0x00, 0x00, 0x00, 0xb3, 0x0f, 0xb3, 0x0f, 0xb3, 0x0f,
  0xb3, 0x0f, 0xb3, 0x0f, 0xb3, 0x0f, 0xb3, 0x0f, 0xb3, 0x0f, 0xb3, 0x0f,
  0xb3, 0x0f, 0xb3, 0x0f, 0xb3, 0x0f, 0xb3, 0x0f, 0xb3, 0x0f, 0xb3, 0x0f,
  0x01, 0x02, 0x00, 0x00, 0x00, 0x00, 0x00, 0x00, 0x00, 0x00, 0x00, 0x00,
  0x00, 0x00, 0x00, 0x00, 0x00, 0x00, 0x00, 0x00, 0x00, 0x00, 0x00, 0x00,
  0x00, 0x00, 0x00, 0x00, 0x00, 0x00, 0x93, 0x0f, 0x93, 0x0f, 0x93, 0x0f,
  0x01, 0x02, 0x00, 0x00, 0x00, 0x00, 0x00, 0x00, 0x00, 0x00, 0x00, 0x00,
  0x00, 0x00, 0x00, 0x00, 0x00, 0x00, 0x00, 0x00, 0x00, 0x00, 0x00, 0x00,
  0x00, 0x00, 0x00, 0x00, 0x00, 0x00, 0x93, 0x0f, 0x93, 0x0f, 0x93, 0x0f,
  0x01, 0x02, 0x01, 0x02, 0x01, 0x02, 0x93, 0x0f, 0x93, 0x0f, 0x93, 0x0f,
  0x01, 0x02, 0x01, 0x02, 0x01, 0x02, 0x01, 0x02, 0x00, 0x00, 0x00, 0x00,
  0x00, 0x00, 0x00, 0x00, 0x00, 0x00, 0x93, 0x0f, 0x93, 0x0f, 0x93, 0x0f,
  0x01, 0x02, 0x01, 0x02, 0x01, 0x02, 0x01, 0x02, 0x01, 0x02, 0x01, 0x02,
  0x01, 0x02, 0x01, 0x02, 0x01, 0x02, 0x01, 0x02, 0x00, 0x00, 0x00, 0x00,
  0x00, 0x00, 0x00, 0x00, 0x00, 0x00, 0x00, 0x00, 0x00, 0x00, 0x00, 0x00,
  0x00, 0x00, 0x01, 0x02, 0x01, 0x02, 0x01, 0x02, 0x01, 0x02, 0x01, 0x02,
  0x01, 0x02, 0x01, 0x02, 0x01, 0x02, 0x93, 0x0f, 0x93, 0x0f, 0x93, 0x0f,
  0x00, 0x00, 0x00, 0x00, 0x00, 0x00, 0x00, 0x00, 0x00, 0x00, 0x00, 0x00,
  0x00, 0x00, 0x00, 0x00, 0x00, 0x00, 0x93, 0x0f, 0x93, 0x0f, 0x93, 0x0f,
  0x01, 0x02, 0x00, 0x00, 0x00, 0x00, 0x00, 0x00, 0x00, 0x00, 0x00, 0x00,
  0x00, 0x00, 0x00, 0x00, 0x00, 0x00, 0x93, 0x0f, 0x93, 0x0f, 0x93, 0x0f,
  0x01, 0x02, 0x01, 0x02, 0x01, 0x02, 0x01, 0x02, 0x01, 0x02, 0x01, 0x02,
  0x01, 0x02, 0x01, 0x02, 0x01, 0x02, 0x93, 0x0f, 0x93, 0x0f, 0x93, 0x0f,
  0x01, 0x02, 0x00, 0x00, 0x00, 0x00, 0x00, 0x00, 0x00, 0x00, 0x00, 0x00,
  0x00, 0x00, 0x00, 0x00, 0x00, 0x00, 0x00, 0x00, 0x00, 0x00, 0x00, 0x00,
  0x00, 0x00, 0x00, 0x00, 0x00, 0x00, 0x93, 0x0f, 0x93, 0x0f, 0x93, 0x0f,
  0x01, 0x02, 0x00, 0x00, 0x00, 0x00, 0x00, 0x00, 0x00, 0x00, 0x00, 0x00,
  0x00, 0x00, 0x00, 0x00, 0x00, 0x00, 0x00, 0x00, 0x00, 0x00, 0x00, 0x00,
  0x00, 0x00, 0x00, 0x00, 0x00, 0x00, 0x93, 0x0f, 0x93, 0x0f, 0x93, 0x0f,
  0x01, 0x02, 0x00, 0x00, 0x00, 0x00, 0x93, 0x0f, 0x93, 0x0f, 0x93, 0x0f,
  0x01, 0x02, 0x00, 0x00, 0x00, 0x00, 0x00, 0x00, 0x00, 0x00, 0x00, 0x00,
  0x00, 0x00, 0x00, 0x00, 0x00, 0x00, 0x93, 0x0f, 0x93, 0x0f, 0x93, 0x0f,
  0x01, 0x02, 0x00, 0x00, 0x00, 0x00, 0x00, 0x00, 0x00, 0x00, 0x00, 0x00,
  0x00, 0x00, 0x00, 0x00, 0x00, 0x00, 0x00, 0x00, 0x00, 0x00, 0x00, 0x00,
  0x00, 0x00, 0x00, 0x00, 0x00, 0x00, 0x00, 0x00, 0x00, 0x00, 0x00, 0x00,
  0x00, 0x00, 0x00, 0x00, 0x00, 0x00, 0x00, 0x00, 0x00, 0x00, 0x00, 0x00,
  0x00, 0x00, 0x00, 0x00, 0x00, 0x00, 0x93, 0x0f, 0x93, 0x0f, 0x93, 0x0f,
  0x01, 0x02, 0x00, 0x00, 0x00, 0x00, 0x00, 0x00, 0x00, 0x00, 0x00, 0x00,
  0x00, 0x00, 0x00, 0x00, 0x00, 0x00, 0x93, 0x0f, 0x93, 0x0f, 0x93, 0x0f,
  0x01, 0x02, 0x00, 0x00, 0x00, 0x00, 0x00, 0x00, 0x00, 0x00, 0x00, 0x00,
  0x00, 0x00, 0x00, 0x00, 0x00, 0x00, 0x93, 0x0f, 0x93, 0x0f, 0x93, 0x0f,
  0x01, 0x02, 0x00, 0x00, 0x00, 0x00, 0x00, 0x00, 0x00, 0x00, 0x00, 0x00,
  0x00, 0x00, 0x00, 0x00, 0x00, 0x00, 0x93, 0x0f, 0x93, 0x0f, 0x93, 0x0f,
  0x01, 0x02, 0x00, 0x00, 0x00, 0x00, 0x00, 0x00, 0x00, 0x00, 0x00, 0x00,
  0x00, 0x00, 0x00, 0x00, 0x00, 0x00, 0x00, 0x00, 0x00, 0x00, 0x00, 0x00,
  0x00, 0x00, 0x00, 0x00, 0x00, 0x00, 0x93, 0x0f, 0x93, 0x0f, 0x93, 0x0f,
  0x01, 0x02, 0x00, 0x00, 0x00, 0x00, 0x00, 0x00, 0x00, 0x00, 0x00, 0x00,
  0x00, 0x00, 0x00, 0x00, 0x00, 0x00, 0x00, 0x00, 0x00, 0x00, 0x00, 0x00,
  0x00, 0x00, 0x00, 0x00, 0x00, 0x00, 0x93, 0x0f, 0x93, 0x0f, 0x93, 0x0f,
  0x01, 0x02, 0x00, 0x00, 0x00, 0x00, 0x93, 0x0f, 0x93, 0x0f, 0x93, 0x0f,
  0x01, 0x02, 0x00, 0x00, 0x00, 0x00, 0x00, 0x00, 0x00, 0x00, 0x00, 0x00,
  0x00, 0x00, 0x00, 0x00, 0x00, 0x00, 0x93, 0x0f, 0x93, 0x0f, 0x93, 0x0f,
  0x01, 0x02, 0x00, 0x00, 0x00, 0x00, 0x00, 0x00, 0x00, 0x00, 0x00, 0x00,
  0x00, 0x00, 0x00, 0x00, 0x00, 0x00, 0x00, 0x00, 0x00, 0x00, 0x00, 0x00,
  0x00, 0x00, 0x00, 0x00, 0x00, 0x00, 0x00, 0x00, 0x00, 0x00, 0x00, 0x00,
  0x00, 0x00, 0x00, 0x00, 0x00, 0x00, 0x00, 0x00, 0x00, 0x00, 0x00, 0x00,
  0x00, 0x00, 0x00, 0x00, 0x00, 0x00, 0x93, 0x0f, 0x93, 0x0f, 0x93, 0x0f,
  0x01, 0x02, 0x00, 0x00, 0x00, 0x00, 0x00, 0x00, 0x00, 0x00, 0x00, 0x00,
  0x00, 0x00, 0x00, 0x00, 0x00, 0x00, 0x93, 0x0f, 0x93, 0x0f, 0x93, 0x0f,
  0x01, 0x02, 0x00, 0x00, 0x00, 0x00, 0x00, 0x00, 0x00, 0x00, 0x00, 0x00,
  0x00, 0x00, 0x00, 0x00, 0x00, 0x00, 0x93, 0x0f, 0x93, 0x0f, 0x93, 0x0f,
  0x01, 0x02, 0x00, 0x00, 0x00, 0x00, 0x00, 0x00, 0x00, 0x00, 0x00, 0x00,
  0x00, 0x00, 0x00, 0x00, 0x00, 0x00, 0x93, 0x0f, 0x93, 0x0f, 0x93, 0x0f,
  0x01, 0x02, 0x00, 0x00, 0x00, 0x00, 0x00, 0x00, 0x00, 0x00, 0x00, 0x00,
  0x00, 0x00, 0x00, 0x00, 0x00, 0x00, 0x00, 0x00, 0x00, 0x00, 0x00, 0x00,
  0x00, 0x00, 0x00, 0x00, 0x00, 0x00, 0x82, 0x0f, 0x82, 0x0f, 0x82, 0x0f,
  0x01, 0x02, 0x00, 0x00, 0x00, 0x00, 0x00, 0x00, 0x00, 0x00, 0x00, 0x00,
  0x00, 0x00, 0x00, 0x00, 0x00, 0x00, 0x00, 0x00, 0x00, 0x00, 0x00, 0x00,
  0x00, 0x00, 0x00, 0x00, 0x00, 0x00, 0x82, 0x0f, 0x82, 0x0f, 0x82, 0x0f,
  0x01, 0x02, 0x00, 0x00, 0x00, 0x00, 0x00, 0x00, 0x01, 0x02, 0x01, 0x02,
  0x82, 0x0f, 0x82, 0x0f, 0x82, 0x0f, 0x00, 0x00, 0x00, 0x00, 0x00, 0x00,
  0x00, 0x00, 0x00, 0x00, 0x00, 0x00, 0x82, 0x0f, 0x82, 0x0f, 0x82, 0x0f,
  0x01, 0x02, 0x00, 0x00, 0x00, 0x00, 0x00, 0x00, 0x00, 0x00, 0x00, 0x00,
  0x00, 0x00, 0x00, 0x00, 0x00, 0x00, 0x00, 0x00, 0x00, 0x00, 0x00, 0x00,
  0x00, 0x00, 0x00, 0x00, 0x00, 0x00, 0x00, 0x00, 0x00, 0x00, 0x00, 0x00,
  0x00, 0x00, 0x00, 0x00, 0x00, 0x00, 0x00, 0x00, 0x00, 0x00, 0x00, 0x00,
  0x00, 0x00, 0x00, 0x00, 0x00, 0x00, 0x82, 0x0f, 0x82, 0x0f, 0x82, 0x0f,
  0x01, 0x02, 0x00, 0x00, 0x00, 0x00, 0x00, 0x00, 0x00, 0x00, 0x00, 0x00,
  0x00, 0x00, 0x00, 0x00, 0x00, 0x00, 0x82, 0x0f, 0x82, 0x0f, 0x82, 0x0f,
  0x01, 0x02, 0x00, 0x00, 0x00, 0x00, 0x00, 0x00, 0x00, 0x00, 0x00, 0x00,
  0x00, 0x00, 0x00, 0x00, 0x00, 0x00, 0x82, 0x0f, 0x82, 0x0f, 0x82, 0x0f,
  0x01, 0x02, 0x00, 0x00, 0x00, 0x00, 0x00, 0x00, 0x00, 0x00, 0x00, 0x00,
  0x00, 0x00, 0x00, 0x00, 0x00, 0x00, 0x82, 0x0f, 0x82, 0x0f, 0x82, 0x0f,
  0x01, 0x02, 0x00, 0x00, 0x00, 0x00, 0x00, 0x00, 0x00, 0x00, 0x00, 0x00,
  0x00, 0x00, 0x00, 0x00, 0x00, 0x00, 0x00, 0x00, 0x00, 0x00, 0x00, 0x00,
  0x00, 0x00, 0x00, 0x00, 0x00, 0x00, 0x82, 0x0f, 0x82, 0x0f, 0x82, 0x0f,
  0x01, 0x02, 0x00, 0x00, 0x00, 0x00, 0x00, 0x00, 0x00, 0x00, 0x00, 0x00,
  0x00, 0x00, 0x00, 0x00, 0x00, 0x00, 0x00, 0x00, 0x00, 0x00, 0x00, 0x00,
  0x00, 0x00, 0x00, 0x00, 0x00, 0x00, 0x82, 0x0f, 0x82, 0x0f, 0x82, 0x0f,
  0x01, 0x02, 0x00, 0x00, 0x00, 0x00, 0x00, 0x00, 0x00, 0x00, 0x00, 0x00,
  0x82, 0x0f, 0x82, 0x0f, 0x82, 0x0f, 0x01, 0x02, 0x00, 0x00, 0x00, 0x00,
  0x00, 0x00, 0x00, 0x00, 0x00, 0x00, 0x82, 0x0f, 0x82, 0x0f, 0x82, 0x0f,
  0x01, 0x02, 0x00, 0x00, 0x00, 0x00, 0x00, 0x00, 0x00, 0x00, 0x00, 0x00,
  0x00, 0x00, 0x00, 0x00, 0x00, 0x00, 0x00, 0x00, 0x00, 0x00, 0x00, 0x00,
  0x00, 0x00, 0x00, 0x00, 0x00, 0x00, 0x00, 0x00, 0x00, 0x00, 0x00, 0x00,
  0x00, 0x00, 0x00, 0x00, 0x00, 0x00, 0x00, 0x00, 0x00, 0x00, 0x00, 0x00,
  0x00, 0x00, 0x00, 0x00, 0x00, 0x00, 0x82, 0x0f, 0x82, 0x0f, 0x82, 0x0f,
  0x01, 0x02, 0x00, 0x00, 0x00, 0x00, 0x00, 0x00, 0x00, 0x00, 0x00, 0x00,
  0x00, 0x00, 0x00, 0x00, 0x00, 0x00, 0x82, 0x0f, 0x82, 0x0f, 0x82, 0x0f,
  0x01, 0x02, 0x00, 0x00, 0x00, 0x00, 0x00, 0x00, 0x00, 0x00, 0x00, 0x00,
  0x00, 0x00, 0x00, 0x00, 0x00, 0x00, 0x82, 0x0f, 0x82, 0x0f, 0x82, 0x0f,
  0x01, 0x02, 0x00, 0x00, 0x00, 0x00, 0x00, 0x00, 0x00, 0x00, 0x00, 0x00,
  0x00, 0x00, 0x00, 0x00, 0x00, 0x00, 0x82, 0x0f, 0x82, 0x0f, 0x82, 0x0f,
  0x01, 0x02, 0x00, 0x00, 0x00, 0x00, 0x00, 0x00, 0x00, 0x00, 0x00, 0x00,
  0x00, 0x00, 0x00, 0x00, 0x00, 0x00, 0x00, 0x00, 0x00, 0x00, 0x00, 0x00,
  0x00, 0x00, 0x00, 0x00, 0x00, 0x00, 0x82, 0x0f, 0x82, 0x0f, 0x82, 0x0f,
  0x01, 0x02, 0x00, 0x00, 0x00, 0x00, 0x00, 0x00, 0x00, 0x00, 0x00, 0x00,
  0x00, 0x00, 0x00, 0x00, 0x00, 0x00, 0x00, 0x00, 0x00, 0x00, 0x00, 0x00,
  0x00, 0x00, 0x00, 0x00, 0x00, 0x00, 0x82, 0x0f, 0x82, 0x0f, 0x82, 0x0f,
  0x01, 0x02, 0x00, 0x00, 0x00, 0x00, 0x00, 0x00, 0x00, 0x00, 0x00, 0x00,
  0x82, 0x0f, 0x82, 0x0f, 0x82, 0x0f, 0x01, 0x02, 0x00, 0x00, 0x00, 0x00,
  0x00, 0x00, 0x00, 0x00, 0x00, 0x00, 0x82, 0x0f, 0x82, 0x0f, 0x82, 0x0f,
  0x01, 0x02, 0x00, 0x00, 0x00, 0x00, 0x00, 0x00, 0x00, 0x00, 0x00, 0x00,
  0x00, 0x00, 0x00, 0x00, 0x00, 0x00, 0x00, 0x00, 0x00, 0x00, 0x00, 0x00,
  0x00, 0x00, 0x00, 0x00, 0x00, 0x00, 0x00, 0x00, 0x00, 0x00, 0x00, 0x00,
  0x00, 0x00, 0x00, 0x00, 0x00, 0x00, 0x00, 0x00, 0x00, 0x00, 0x00, 0x00,
  0x00, 0x00, 0x00, 0x00, 0x00, 0x00, 0x82, 0x0f, 0x82, 0x0f, 0x82, 0x0f,
  0x01, 0x02, 0x00, 0x00, 0x00, 0x00, 0x00, 0x00, 0x00, 0x00, 0x00, 0x00,
  0x00, 0x00, 0x00, 0x00, 0x44, 0x06, 0x82, 0x0f, 0x82, 0x0f, 0x82, 0x0f,
  0x01, 0x02, 0x00, 0x00, 0x00, 0x00, 0x00, 0x00, 0x00, 0x00, 0x00, 0x00,
  0x00, 0x00, 0x00, 0x00, 0x00, 0x00, 0x82, 0x0f, 0x82, 0x0f, 0x82, 0x0f,
  0x01, 0x02, 0x00, 0x00, 0x00, 0x00, 0x00, 0x00, 0x00, 0x00, 0x00, 0x00,
  0x00, 0x00, 0x00, 0x00, 0x00, 0x00, 0x82, 0x0f, 0x82, 0x0f, 0x82, 0x0f,
  0x01, 0x02, 0x00, 0x00, 0x00, 0x00, 0x00, 0x00, 0x00, 0x00, 0x00, 0x00,
  0x00, 0x00, 0x00, 0x00, 0x00, 0x00, 0x00, 0x00, 0x00, 0x00, 0x00, 0x00,
  0x00, 0x00, 0x00, 0x00, 0x00, 0x00, 0x00, 0x00, 0x01, 0x02, 0x01, 0x02,
  0x71, 0x0f, 0x71, 0x0f, 0x71, 0x0f, 0x71, 0x0f, 0x71, 0x0f, 0x71, 0x0f,
  0x71, 0x0f, 0x71, 0x0f, 0x71, 0x0f, 0x71, 0x0f, 0x71, 0x0f, 0x71, 0x0f,
  0x00, 0x00, 0x00, 0x00, 0xea, 0x0f, 0x71, 0x0f, 0x71, 0x0f, 0x71, 0x0f,
  0x01, 0x02, 0x00, 0x00, 0x00, 0x00, 0x00, 0x00, 0x00, 0x00, 0x00, 0x00,
  0x00, 0x00, 0x01, 0x02, 0x01, 0x02, 0x71, 0x0f, 0x71, 0x0f, 0x71, 0x0f,
  0x00, 0x00, 0x00, 0x00, 0x00, 0x00, 0x71, 0x0f, 0x71, 0x0f, 0x71, 0x0f,
  0x71, 0x0f, 0x71, 0x0f, 0x71, 0x0f, 0x71, 0x0f, 0x71, 0x0f, 0x71, 0x0f,
  0x71, 0x0f, 0x71, 0x0f, 0x71, 0x0f, 0x71, 0x0f, 0x71, 0x0f, 0x71, 0x0f,
  0x00, 0x00, 0x00, 0x00, 0x00, 0x00, 0x71, 0x0f, 0x71, 0x0f, 0x71, 0x0f,
  0x71, 0x0f, 0x71, 0x0f, 0x71, 0x0f, 0x71, 0x0f, 0x71, 0x0f, 0x71, 0x0f,
  0x71, 0x0f, 0x71, 0x0f, 0x71, 0x0f, 0x00, 0x00, 0x01, 0x02, 0x01, 0x02,
  0x01, 0x02, 0x00, 0x00, 0x00, 0x00, 0x00, 0x00, 0x00, 0x00, 0x00, 0x00,
  0x00, 0x00, 0x00, 0x00, 0x00, 0x00, 0x71, 0x0f, 0x71, 0x0f, 0x71, 0x0f,
  0x01, 0x02, 0x00, 0x00, 0x00, 0x00, 0x00, 0x00, 0x00, 0x00, 0x00, 0x00,
  0x00, 0x00, 0x00, 0x00, 0x00, 0x00, 0x71, 0x0f, 0x71, 0x0f, 0x71, 0x0f,
  0x01, 0x02, 0x00, 0x00, 0x00, 0x00, 0x00, 0x00, 0x00, 0x00, 0x00, 0x00,
  0x00, 0x00, 0x00, 0x00, 0x00, 0x00, 0x71, 0x0f, 0x71, 0x0f, 0x71, 0x0f,
  0x01, 0x02, 0x00, 0x00, 0x00, 0x00, 0x00, 0x00, 0x00, 0x00, 0x00, 0x00,
  0x00, 0x00, 0x00, 0x00, 0x00, 0x00, 0x00, 0x00, 0x00, 0x00, 0x00, 0x00,
  0x00, 0x00, 0x00, 0x00, 0x00, 0x00, 0x00, 0x00, 0x00, 0x00, 0x00, 0x00,
  0x71, 0x0f, 0x71, 0x0f, 0x71, 0x0f, 0x71, 0x0f, 0x71, 0x0f, 0x71, 0x0f,
  0x71, 0x0f, 0x71, 0x0f, 0x71, 0x0f, 0x71, 0x0f, 0x71, 0x0f, 0x71, 0x0f,
  0x01, 0x02, 0x00, 0x00, 0x00, 0x00, 0x71, 0x0f, 0x71, 0x0f, 0x71, 0x0f,
  0x01, 0x02, 0x00, 0x00, 0x00, 0x00, 0x00, 0x00, 0x00, 0x00, 0x00, 0x00,
  0x00, 0x00, 0x00, 0x00, 0x00, 0x00, 0x71, 0x0f, 0x71, 0x0f, 0x71, 0x0f,
  0x01, 0x02, 0x00, 0x00, 0x00, 0x00, 0x71, 0x0f, 0x71, 0x0f, 0x71, 0x0f,
  0x71, 0x0f, 0x71, 0x0f, 0x71, 0x0f, 0x71, 0x0f, 0x71, 0x0f, 0x71, 0x0f,
  0x71, 0x0f, 0x71, 0x0f, 0x71, 0x0f, 0x71, 0x0f, 0x71, 0x0f, 0x71, 0x0f,
  0x01, 0x02, 0x00, 0x00, 0x00, 0x00, 0x71, 0x0f, 0x71, 0x0f, 0x71, 0x0f,
  0x71, 0x0f, 0x71, 0x0f, 0x71, 0x0f, 0x71, 0x0f, 0x71, 0x0f, 0x71, 0x0f,
  0x71, 0x0f, 0x71, 0x0f, 0x71, 0x0f, 0x01, 0x02, 0x00, 0x00, 0x00, 0x00,
  0x00, 0x00, 0x00, 0x00, 0x00, 0x00, 0x00, 0x00, 0x00, 0x00, 0x00, 0x00,
  0x00, 0x00, 0x00, 0x00, 0x00, 0x00, 0x71, 0x0f, 0x71, 0x0f, 0x71, 0x0f,
  0x01, 0x02, 0x00, 0x00, 0x00, 0x00, 0x00, 0x00, 0x00, 0x00, 0x00, 0x00,
  0x00, 0x00, 0x00, 0x00, 0x00, 0x00, 0x71, 0x0f, 0x71, 0x0f, 0x71, 0x0f,
  0x01, 0x02, 0x00, 0x00, 0x00, 0x00, 0x00, 0x00, 0x00, 0x00, 0x00, 0x00,
  0x00, 0x00, 0x00, 0x00, 0x00, 0x00, 0x71, 0x0f, 0x71, 0x0f, 0x71, 0x0f,
  0x01, 0x02, 0x00, 0x00, 0x00, 0x00, 0x00, 0x00, 0x00, 0x00, 0x00, 0x00,
  0x00, 0x00, 0x00, 0x00, 0x00, 0x00, 0x00, 0x00, 0x00, 0x00, 0x00, 0x00,
  0x00, 0x00, 0x00, 0x00, 0x00, 0x00, 0x00, 0x00, 0x00, 0x00, 0x00, 0x00,
  0x71, 0x0f, 0x71, 0x0f, 0x71, 0x0f, 0x71, 0x0f, 0x71, 0x0f, 0x71, 0x0f,
  0x71, 0x0f, 0x71, 0x0f, 0x71, 0x0f, 0x71, 0x0f, 0x71, 0x0f, 0x71, 0x0f,
  0x01, 0x02, 0x00, 0x00, 0x00, 0x00, 0x71, 0x0f, 0x71, 0x0f, 0x71, 0x0f,
  0x01, 0x02, 0x00, 0x00, 0x00, 0x00, 0x00, 0x00, 0x00, 0x00, 0x00, 0x00,
  0x00, 0x00, 0x00, 0x00, 0x00, 0x00, 0x71, 0x0f, 0x71, 0x0f, 0x71, 0x0f,
  0x01, 0x02, 0x00, 0x00, 0x00, 0x00, 0x71, 0x0f, 0x71, 0x0f, 0x71, 0x0f,
  0x71, 0x0f, 0x71, 0x0f, 0x71, 0x0f, 0x71, 0x0f, 0x71, 0x0f, 0x71, 0x0f,
  0x71, 0x0f, 0x71, 0x0f, 0x71, 0x0f, 0x71, 0x0f, 0x71, 0x0f, 0x71, 0x0f,
  0x01, 0x02, 0x00, 0x00, 0x00, 0x00, 0x71, 0x0f, 0x71, 0x0f, 0x71, 0x0f,
  0x71, 0x0f, 0x71, 0x0f, 0x71, 0x0f, 0x71, 0x0f, 0x71, 0x0f, 0x71, 0x0f,
  0x71, 0x0f, 0x71, 0x0f, 0x71, 0x0f, 0x01, 0x02, 0x00, 0x00, 0x00, 0x00,
  0x00, 0x00, 0x00, 0x00, 0x00, 0x00, 0x00, 0x00, 0x00, 0x00, 0x00, 0x00,
  0x00, 0x00, 0x00, 0x00, 0x00, 0x00, 0x71, 0x0f, 0x71, 0x0f, 0x71, 0x0f,
  0x01, 0x02, 0x00, 0x00, 0x00, 0x00, 0x00, 0x00, 0x00, 0x00, 0x00, 0x00,
  0x00, 0x00, 0x00, 0x00, 0x00, 0x00, 0x71, 0x0f, 0x71, 0x0f, 0x71, 0x0f,
  0x01, 0x02, 0x00, 0x00, 0x00, 0x00, 0x00, 0x00, 0x00, 0x00, 0x00, 0x00,
  0x00, 0x00, 0x00, 0x00, 0x00, 0x00, 0x71, 0x0f, 0x71, 0x0f, 0x71, 0x0f,
  0x01, 0x02, 0x00, 0x00, 0x00, 0x00, 0x00, 0x00, 0x00, 0x00, 0x00, 0x00,
  0x00, 0x00, 0x00, 0x00, 0x00, 0x00, 0x00, 0x00, 0x00, 0x00, 0x00, 0x00,
  0x00, 0x00, 0x00, 0x00, 0x00, 0x00, 0x00, 0x00, 0x00, 0x00, 0x87, 0x06,
  0x00, 0x00, 0x01, 0x02, 0x01, 0x02, 0x01, 0x02, 0x01, 0x02, 0x01, 0x02,
  0x01, 0x02, 0x01, 0x02, 0x01, 0x02, 0x01, 0x02, 0x01, 0x02, 0x01, 0x02,
  0x01, 0x02, 0x00, 0x00, 0x00, 0x00, 0x00, 0x00, 0x01, 0x02, 0x01, 0x02,
  0x01, 0x02, 0x00, 0x00, 0x00, 0x00, 0x00, 0x00, 0x00, 0x00, 0x00, 0x00,
  0x00, 0x00, 0x00, 0x00, 0x00, 0x00, 0x00, 0x00, 0x01, 0x02, 0x01, 0x02,
  0x01, 0x02, 0x00, 0x00, 0x00, 0x00, 0x00, 0x00, 0x01, 0x02, 0x01, 0x02,
  0x01, 0x02, 0x01, 0x02, 0x01, 0x02, 0x01, 0x02, 0x01, 0x02, 0x01, 0x02,
  0x01, 0x02, 0x01, 0x02, 0x01, 0x02, 0x01, 0x02, 0x01, 0x02, 0x01, 0x02,
  0x01, 0x02, 0x00, 0x00, 0x00, 0x00, 0x00, 0x00, 0x01, 0x02, 0x01, 0x02,
  0x01, 0x02, 0x01, 0x02, 0x01, 0x02, 0x01, 0x02, 0x01, 0x02, 0x01, 0x02,
  0x01, 0x02, 0x01, 0x02, 0x01, 0x02, 0x01, 0x02, 0x00, 0x00, 0x00, 0x00,
  0x00, 0x00, 0x00, 0x00, 0x00, 0x00, 0x00, 0x00, 0x00, 0x00, 0x00, 0x00,
  0x00, 0x00, 0x00, 0x00, 0x00, 0x00, 0x00, 0x00, 0x01, 0x02, 0x01, 0x02,
  0x01, 0x02, 0x00, 0x00, 0x00, 0x00, 0x00, 0x00, 0x00, 0x00, 0x00, 0x00,
  0x00, 0x00, 0x00, 0x00, 0x00, 0x00, 0x00, 0x00, 0x01, 0x02, 0x01, 0x02,
  0x01, 0x02, 0x00, 0x00, 0x00, 0x00, 0x00, 0x00, 0x00, 0x00, 0x00, 0x00,
  0x00, 0x00, 0x00, 0x00, 0x00, 0x00, 0x00, 0x00, 0x01, 0x02, 0x01, 0x02,
  0x01, 0x02, 0x00, 0x00, 0x00, 0x00, 0x00, 0x00, 0x99, 0x09, 0x00, 0x00,
  0x00, 0x00, 0x00, 0x00, 0x00, 0x00, 0x00, 0x00, 0x00, 0x00, 0x00, 0x00,
  0x00, 0x00, 0x00, 0x00, 0x00, 0x00, 0x00, 0x00, 0x00, 0x00, 0x00, 0x00,
  0x00, 0x00, 0x00, 0x00, 0x00, 0x00, 0x00, 0x00, 0x00, 0x00, 0x00, 0x00,
  0x00, 0x00, 0x00, 0x00, 0x00, 0x00, 0x00, 0x00, 0x00, 0x00, 0x00, 0x00,
  0x00, 0x00, 0x00, 0x00, 0x00, 0x00, 0x00, 0x00, 0x00, 0x00, 0x00, 0x00,
  0x00, 0x00, 0x00, 0x00, 0x00, 0x00, 0x00, 0x00, 0x00, 0x00, 0x00, 0x00,
  0x00, 0x00, 0x00, 0x00, 0x00, 0x00, 0x00, 0x00, 0x00, 0x00, 0x00, 0x00,
  0x00, 0x00, 0x00, 0x00, 0x00, 0x00, 0x00, 0x00, 0x00, 0x00, 0x00, 0x00,
  0x00, 0x00, 0x00, 0x00, 0x00, 0x00, 0x00, 0x00, 0x00, 0x00, 0x00, 0x00,
  0x00, 0x00, 0x00, 0x00, 0x00, 0x00, 0x00, 0x00, 0x00, 0x00, 0x00, 0x00,
  0x00, 0x00, 0x00, 0x00, 0x00, 0x00, 0x00, 0x00, 0x00, 0x00, 0x00, 0x00,
  0x00, 0x00, 0x00, 0x00, 0x00, 0x00, 0x00, 0x00, 0x00, 0x00, 0x00, 0x00,
  0x00, 0x00, 0x00, 0x00, 0x00, 0x00, 0x00, 0x00, 0x00, 0x00, 0x00, 0x00,
  0x00, 0x00, 0x00, 0x00, 0x00, 0x00, 0x00, 0x00, 0x00, 0x00, 0x00, 0x00,
  0x00, 0x00, 0x00, 0x00, 0x00, 0x00, 0x00, 0x00, 0x00, 0x00, 0x00, 0x00,
  0x00, 0x00, 0x00, 0x00, 0x00, 0x00, 0x00, 0x00, 0x00, 0x00, 0x00, 0x00,
  0x00, 0x00, 0x00, 0x00, 0x00, 0x00, 0x00, 0x00, 0x00, 0x00, 0x00, 0x00,
  0x00, 0x00, 0x00, 0x00, 0x00, 0x00, 0x00, 0x00, 0x00, 0x00, 0x00, 0x00,
  0x00, 0x00, 0x00, 0x00, 0x00, 0x00, 0x00, 0x00, 0x00, 0x00, 0x00, 0x00,
  0x00, 0x00, 0x00, 0x00, 0x00, 0x00, 0x00, 0x00, 0x00, 0x00, 0x00, 0x00,
  0x00, 0x00, 0x00, 0x00, 0x00, 0x00, 0x00, 0x00, 0x00, 0x00, 0x00, 0x00,
  0x00, 0x00, 0x00, 0x00, 0x00, 0x00, 0x00, 0x00, 0x00, 0x00, 0x00, 0x00,
  0x00, 0x00, 0x00, 0x00, 0x00, 0x00, 0x00, 0x00, 0x00, 0x00, 0x00, 0x00,
  0x00, 0x00, 0x00, 0x00, 0x00, 0x00, 0x00, 0x00, 0x00, 0x00, 0x00, 0x00,
  0x00, 0x00, 0x00, 0x00, 0x00, 0x00, 0x00, 0x00, 0x00, 0x00, 0x00, 0x00,
  0x00, 0x00, 0x00, 0x00, 0x00, 0x00, 0x00, 0x00, 0x00, 0x00, 0x00, 0x00,
  0x00, 0x00, 0x00, 0x00, 0x00, 0x00, 0x00, 0x00, 0x00, 0x00, 0x00, 0x00,
  0x00, 0x00, 0x00, 0x00, 0x00, 0x00, 0x00, 0x00, 0x00, 0x00, 0x00, 0x00,
  0x00, 0x00, 0x00, 0x00, 0x00, 0x00, 0x00, 0x00, 0x00, 0x00, 0x00, 0x00,
  0x00, 0x00, 0x00, 0x00, 0x00, 0x00, 0x00, 0x00, 0x00, 0x00, 0x00, 0x00,
  0x00, 0x00, 0x00, 0x00, 0x00, 0x00, 0x00, 0x00, 0x00, 0x00, 0x00, 0x00,
  0x00, 0x00, 0x00, 0x00, 0x00, 0x00, 0x00, 0x00, 0x00, 0x00, 0x00, 0x00,
  0x00, 0x00, 0x00, 0x00, 0x00, 0x00, 0x00, 0x00, 0x00, 0x00, 0x00, 0x00,
  0x00, 0x00, 0x00, 0x00, 0x00, 0x00, 0x00, 0x00, 0x00, 0x00, 0x00, 0x00,
  0x00, 0x00, 0x00, 0x00, 0x00, 0x00, 0x00, 0x00, 0x00, 0x00, 0x00, 0x00,
  0x00, 0x00, 0x00, 0x00, 0x00, 0x00, 0x00, 0x00, 0x00, 0x00, 0x00, 0x00,
  0x00, 0x00, 0x00, 0x00, 0x00, 0x00, 0x00, 0x00, 0x00, 0x00, 0x00, 0x00,
  0x00, 0x00, 0x00, 0x00, 0x00, 0x00, 0x00, 0x00, 0x00, 0x00, 0x00, 0x00,
  0x00, 0x00, 0x00, 0x00, 0x00, 0x00, 0x00, 0x00, 0x00, 0x00, 0x00, 0x00,
  0x00, 0x00, 0x00, 0x00, 0x00, 0x00, 0x00, 0x00, 0x00, 0x00, 0x00, 0x00,
  0x00, 0x00, 0x00, 0x00, 0x00, 0x00, 0x00, 0x00, 0x00, 0x00, 0x00, 0x00,
  0x00, 0x00, 0x00, 0x00, 0x00, 0x00, 0x00, 0x00, 0x00, 0x00, 0x00, 0x00,
  0x00, 0x00, 0x00, 0x00, 0x00, 0x00, 0x00, 0x00, 0x00, 0x00, 0x00, 0x00,
  0x00, 0x00, 0x00, 0x00, 0x00, 0x00, 0x00, 0x00, 0x00, 0x00, 0x00, 0x00,
  0x00, 0x00, 0x00, 0x00, 0x00, 0x00, 0x00, 0x00, 0x00, 0x00, 0x00, 0x00,
  0x00, 0x00, 0x00, 0x00, 0x00, 0x00, 0x00, 0x00, 0x00, 0x00, 0x00, 0x00,
  0x00, 0x00, 0x00, 0x00, 0x00, 0x00, 0x00, 0x00, 0x00, 0x00, 0x00, 0x00,
  0x00, 0x00, 0x00, 0x00, 0x00, 0x00, 0x00, 0x00, 0x00, 0x00, 0x00, 0x00,
  0x00, 0x00, 0x00, 0x00, 0x00, 0x00, 0x00, 0x00, 0x00, 0x00, 0x00, 0x00,
  0x00, 0x00, 0x00, 0x00, 0x00, 0x00, 0x00, 0x00, 0x00, 0x00, 0x00, 0x00,
  0x00, 0x00, 0x00, 0x00, 0x00, 0x00, 0x00, 0x00, 0x00, 0x00, 0x00, 0x00,
  0x00, 0x00, 0x00, 0x00, 0x00, 0x00, 0x00, 0x00, 0x00, 0x00, 0x00, 0x00,
  0x00, 0x00, 0x00, 0x00, 0x00, 0x00, 0x00, 0x00, 0x00, 0x00, 0x00, 0x00,
  0x00, 0x00, 0x00, 0x00, 0x00, 0x00, 0x00, 0x00, 0x00, 0x00, 0x00, 0x00,
  0x00, 0x00, 0x00, 0x00, 0x00, 0x00, 0x00, 0x00, 0x00, 0x00, 0x00, 0x00,
  0x00, 0x00, 0x00, 0x00, 0x00, 0x00, 0x00, 0x00, 0x00, 0x00, 0x00, 0x00,
  0x00, 0x00, 0x00, 0x00, 0x00, 0x00, 0x00, 0x00, 0x00, 0x00, 0x00, 0x00,
  0x00, 0x00, 0x00, 0x00, 0x00, 0x00, 0x00, 0x00, 0x00, 0x00, 0x00, 0x00,
  0x00, 0x00, 0x00, 0x00, 0x00, 0x00, 0x00, 0x00, 0x00, 0x00, 0x00, 0x00,
  0x00, 0x00, 0x00, 0x00, 0x00, 0x00, 0x00, 0x00, 0x00, 0x00, 0x00, 0x00,
  0x00, 0x00, 0x00, 0x00, 0x00, 0x00, 0x00, 0x00, 0x00, 0x00, 0x00, 0x00,
  0x00, 0x00, 0x00, 0x00, 0x00, 0x00, 0x00, 0x00, 0x00, 0x00, 0x00, 0x00,
  0x00, 0x00, 0x00, 0x00, 0x00, 0x00, 0x00, 0x00, 0x00, 0x00, 0x00, 0x00,
  0x00, 0x00, 0x00, 0x00, 0x00, 0x00, 0x00, 0x00, 0x00, 0x00, 0x00, 0x00,
  0x00, 0x00, 0x00, 0x00, 0x00, 0x00, 0x00, 0x00, 0x00, 0x00, 0x00, 0x00,
  0x00, 0x00, 0x00, 0x00, 0x00, 0x00, 0x00, 0x00, 0x00, 0x00, 0x00, 0x00,
  0x00, 0x00, 0x00, 0x00, 0x00, 0x00, 0x00, 0x00, 0x00, 0x00, 0x00, 0x00,
  0x00, 0x00, 0x00, 0x00, 0x00, 0x00, 0x00, 0x00, 0x00, 0x00, 0x00, 0x00,
  0x00, 0x00, 0x00, 0x00, 0x00, 0x00, 0x00, 0x00, 0x00, 0x00, 0x00, 0x00,
  0x00, 0x00, 0x00, 0x00, 0x00, 0x00, 0x00, 0x00, 0x00, 0x00, 0x00, 0x00,
  0x00, 0x00, 0x00, 0x00, 0x00, 0x00, 0x00, 0x00, 0x00, 0x00, 0x00, 0x00,
  0x00, 0x00, 0x00, 0x00, 0x00, 0x00, 0x00, 0x00, 0x00, 0x00, 0x00, 0x00,
  0x00, 0x00, 0x00, 0x00, 0x00, 0x00, 0x00, 0x00, 0x00, 0x00, 0x00, 0x00,
  0x00, 0x00, 0x00, 0x00, 0x00, 0x00, 0x00, 0x00, 0x00, 0x00, 0x00, 0x00,
  0x00, 0x00, 0x00, 0x00, 0x00, 0x00, 0x00, 0x00, 0x00, 0x00, 0x00, 0x00,
  0x00, 0x00, 0x00, 0x00, 0x00, 0x00, 0x00, 0x00, 0x00, 0x00, 0x00, 0x00,
  0x00, 0x00, 0x00, 0x00, 0x00, 0x00, 0x00, 0x00, 0x00, 0x00, 0x00, 0x00,
  0x00, 0x00, 0x00, 0x00, 0x00, 0x00, 0x00, 0x00, 0x00, 0x00, 0x00, 0x00,
  0x00, 0x00, 0x00, 0x00, 0x00, 0x00, 0x00, 0x00, 0x00, 0x00, 0x00, 0x00,
  0x00, 0x00, 0x00, 0x00, 0x00, 0x00, 0x00, 0x00, 0x00, 0x00, 0x00, 0x00,
  0x00, 0x00, 0x00, 0x00,
};
const unsigned int DefaultSS160_444_len = 38404;
