/* Generated by tools/mkartwork.py - do not edit. */
const unsigned char DefaultSS160_555[] = {
  0x78, 0x00, 0xa0, 0x00, 0x46, 0x04, 0x46, 0x04, 0x46, 0x04, 0x46, 0x04,
  0x46, 0x04, 0x46, 0x04, 0x46, 0x04, 0x46, 0x04, 0x46, 0x04, 0x46, 0x04,
  0x46, 0x04, 0x46, 0x04, 0x46, 0x04, 0x46, 0x04, 0x46, 0x04, 0x46, 0x04,
  0x46, 0x04, 0x46, 0x04, 0x46, 0x04, 0x46, 0x04, 0x46, 0x04, 0x46, 0x04,
  0x46, 0x04, 0x46, 0x04, 0x46, 0x04, 0x46, 0x04, 0x46, 0x04, 0x46, 0x04,
  0x46, 0x04, 0x46, 0x04, 0x46, 0x04, 0x46, 0x04, 0x46, 0x04, 0x46, 0x04,
  0x46, 0x04, 0x46, 0x04, 0x46, 0x04, 0x46, 0x04, 0x46, 0x04, 0x46, 0x04,
  0x46, 0x04, 0x46, 0x04, 0x46, 0x04, 0x46, 0x04, 0x46, 0x04, 0x46, 0x04,
  0x46, 0x04, 0x46, 0x04, 0x46, 0x04, 0x46, 0x04, 0x46, 0x04, 0x46, 0x04,
  0x46, 0x04, 0x46, 0x04, 0x46, 0x04, 0x46, 0x04, 0x46, 0x04, 0x46, 0x04,
  0x46, 0x04, 0x46, 0x04, 0x46, 0x04, 0x46, 0x04, 0x46, 0x04, 0x46, 0x04,
  0x46, 0x04, 0x46, 0x04, 0x46, 0x04, 0x46, 0x04, 0x46, 0x04, 0x46, 0x04,
  0x46, 0x04, 0x46, 0x04, 0x46, 0x04, 0x46, 0x04, 0x46, 0x04, 0x46, 0x04,
  0x46, 0x04, 0x46, 0x04, 0x46, 0x04, 0x46, 0x04, 0x46, 0x04, 0x46, 0x04,
  0x46, 0x04, 0x46, 0x04, 0x46, 0x04, 0x46, 0x04, 0x46, 0x04, 0x46, 0x04,
  0x46, 0x04, 0x46, 0x04, 0x46, 0x04, 0x46, 0x04, 0x46, 0x04, 0x46, 0x04,
  0x46, 0x04, 0x46, 0x04, 0x46, 0x04, 0x46, 0x04, 0x46, 0x04, 0x46, 0x04,
  0x46, 0x04, 0x46, 0x04, 0x46, 0x04, 0x46, 0x04, 0x46, 0x04, 0x46, 0x04,
  0x46, 0x04, 0x46, 0x04, 0x46, 0x04, 0x46, 0x04, 0x46, 0x04, 0x46, 0x04,
  0x46, 0x04, 0x46, 0x04, 0x46, 0x04, 0x46, 0x04, 0x46, 0x04, 0x46, 0x04,
  0x46, 0x04, 0x46, 0x04, 0x46, 0x04, 0x46, 0x04, 0x46, 0x04, 0x46, 0x04,
  0x46, 0x04, 0x46, 0x04, 0x46, 0x04, 0x46, 0x04, 0x46, 0x04, 0x46, 0x04,
  0x46, 0x04, 0x46, 0x04, 0x46, 0x04, 0x46, 0x04, 0x46, 0x04, 0x46, 0x04,
  0x46, 0x04, 0x46, 0x04, 0x46, 0x04, 0x46, 0x04, 0x46, 0x04, 0x46, 0x04,
  0x46, 0x04, 0x46, 0x04, 0x46, 0x04, 0x73, 0x76, 0x46, 0x04, 0x46, 0x04,
  0x46, 0x04, 0x46, 0x04, 0x46, 0x04, 0x46, 0x04, 0x46, 0x04, 0x46, 0x04,
  0x46, 0x04, 0x46, 0x04, 0x46, 0x04, 0x46, 0x04, 0x46, 0x04, 0x46, 0x04,
  0x46, 0x04, 0x46, 0x04, 0x46, 0x04, 0x46, 0x04, 0x46, 0x04, 0x46, 0x04,
  0x46, 0x04, 0x46, 0x04, 0x46, 0x04, 0x46, 0x04, 0x46, 0x04, 0x46, 0x04,
  0x46, 0x04, 0x46, 0x04, 0x46, 0x04, 0x46, 0x04, 0x46, 0x04, 0x46, 0x04,
  0x46, 0x04, 0x46, 0x04, 0x46, 0x04, 0x46, 0x04, 0x46, 0x04, 0x46, 0x04,
  0x46, 0x04, 0x46, 0x04, 0x46, 0x04, 0x46, 0x04, 0x46, 0x04, 0x46, 0x04,
  0x46, 0x04, 0x46, 0x04, 0x46, 0x04, 0x46, 0x04, 0x46, 0x04, 0x46, 0x04,
  0x46, 0x04, 0x46, 0x04, 0x46, 0x04, 0x46, 0x04, 0x46, 0x04, 0x46, 0x04,
  0x46, 0x04, 0x46, 0x04, 0x46, 0x04, 0x46, 0x04, 0x46, 0x04, 0x46, 0x04,
  0x46, 0x04, 0x46, 0x04, 0x46, 0x04, 0x46, 0x04, 0x46, 0x04, 0x46, 0x04,
  0x46, 0x04, 0x46, 0x04, 0x46, 0x04, 0x46, 0x04, 0x46, 0x04, 0x46, 0x04,
  0x46, 0x04, 0x46, 0x04, 0x46, 0x04, 0x46, 0x04, 0x46, 0x04, 0x46, 0x04,
  0x46, 0x04, 0x46, 0x04, 0x46, 0x04, 0x46, 0x04, 0x46, 0x04, 0x46, 0x04,
  0x46, 0x04, 0x46, 0x04, 0x46, 0x04, 0x46, 0x04, 0x46, 0x04, 0x46, 0x04,
  0x46, 0x04, 0x46, 0x04, 0x46, 0x04, 0x46, 0x04, 0x46, 0x04, 0x46, 0x04,
  0x46, 0x04, 0x46, 0x04, 0x46, 0x04, 0x46, 0x04, 0x46, 0x04, 0x46, 0x04,
  0x46, 0x04, 0x46, 0x04, 0x46, 0x04, 0x46, 0x04, 0x46, 0x04, 0x46, 0x04,
  0x46, 0x04, 0x46, 0x04, 0x46, 0x04, 0x46, 0x04, 0x46, 0x04, 0x46, 0x04,
  0x46, 0x04, 0x46, 0x04, 0x46, 0x04, 0x46, 0x04, 0x46, 0x04, 0x46, 0x04,
  0x46, 0x04, 0x46, 0x04, 0x46, 0x04, 0x46, 0x04, 0x46, 0x04, 0x46, 0x04,
  0x46, 0x04, 0x46, 0x04, 0x46, 0x04, 0x46, 0x04, 0x46, 0x04, 0x46, 0x04,
  0x46, 0x04, 0x46, 0x04, 0x46, 0x04, 0x46, 0x04, 0x46, 0x04, 0x46, 0x04,
  0x46, 0x04, 0x46, 0x04, 0x46, 0x04, 0x46, 0x04, 0x46, 0x04, 0x46, 0x04,
  0x46, 0x04, 0x46, 0x04, 0x46, 0x04, 0x46, 0x04, 0x46, 0x04, 0x46, 0x04,
  0x46, 0x04, 0x46, 0x04, 0x46, 0x04, 0x46, 0x04, 0x46, 0x04, 0x46, 0x04,
  0x46, 0x04, 0x46, 0x04, 0x46, 0x04, 0x46, 0x04, 0x46, 0x04, 0x46, 0x04,
  0x46, 0x04, 0x46, 0x04, 0x46, 0x04, 0x46, 0x04, 0x46, 0x04, 0x46, 0x04,
  0x46, 0x04, 0x46, 0x04, 0x46, 0x04, 0x46, 0x04, 0x46, 0x04, 0x46, 0x04,
  0x46, 0x04, 0x46, 0x04, 0x46, 0x04, 0x46, 0x04, 0x46, 0x04, 0x46, 0x04,
  0x46, 0x04, 0x46, 0x04, 0x46, 0x04, 0x46, 0x04, 0x46, 0x04, 0x46, 0x04,
  0x46, 0x04, 0x46, 0x04, 0x46, 0x04, 0x46, 0x04, 0x46, 0x04, 0x46, 0x04,
  0x46, 0x04, 0x46, 0x04, 0x46, 0x04, 0x46, 0x04, 0x46, 0x04, 0x46, 0x04,
  0x46, 0x04, 0x46, 0x04, 0x46, 0x04, 0x46, 0x04, 0x46, 0x04, 0x46, 0x04,
  0x46, 0x04, 0x46, 0x04, 0x46, 0x04, 0x46, 0x04, 0x46, 0x04, 0x46, 0x04,
  0x46, 0x04, 0x46, 0x04, 0x46, 0x04, 0x46, 0x04, 0x46, 0x04, 0x46, 0x04,
  0x46, 0x04, 0x46, 0x04, 0x46, 0x04, 0x46, 0x04, 0x46, 0x04, 0x46, 0x04,
  0x46, 0x04, 0x46, 0x04, 0x46, 0x04, 0x46, 0x04, 0x46, 0x04, 0x46, 0x04,
  0x46, 0x04, 0x46, 0x04, 0x46, 0x04, 0x46, 0x04, 0x46, 0x04, 0x46, 0x04,
  0x46, 0x04, 0x46, 0x04, 0x46, 0x04, 0x46, 0x04, 0x46, 0x04, 0x46, 0x04,
  0x46, 0x04, 0x46, 0x04, 0x46, 0x04, 0x46, 0x04, 0x46, 0x04, 0x46, 0x04,
  0x46, 0x04, 0x46, 0x04, 0x46, 0x04, 0x46, 0x04, 0x46, 0x04, 0x46, 0x04,
  0x46, 0x04, 0x46, 0x04, 0x46, 0x04, 0x46, 0x04, 0x46, 0x04, 0x46, 0x04,
  0x46, 0x04, 0x46, 0x04, 0x46, 0x04, 0x46, 0x04, 0x46, 0x04, 0x46, 0x04,
  0x46, 0x04, 0x46, 0x04, 0x46, 0x04, 0x46, 0x04, 0x46, 0x04, 0x46, 0x04,
  0x46, 0x04, 0x46, 0x04, 0x46, 0x04, 0x46, 0x04, 0x46, 0x04, 0x46, 0x04,
  0x46, 0x04, 0x46, 0x04, 0x46, 0x04, 0x46, 0x04, 0x46, 0x04, 0x46, 0x04,
  0x46, 0x04, 0x46, 0x04, 0x46, 0x04, 0x46, 0x04, 0x46, 0x04, 0x46, 0x04,
  0x46, 0x04, 0x46, 0x04, 0x46, 0x04, 0x46, 0x04, 0x46, 0x04, 0x46, 0x04,
  0x46, 0x04, 0x46, 0x04, 0x46, 0x04, 0x46, 0x04, 0x46, 0x04, 0x46, 0x04,
  0x46, 0x04, 0x46, 0x04, 0x46, 0x04, 0x46, 0x04, 0x46, 0x04, 0x46, 0x04,
  0x46, 0x04, 0x46, 0x04, 0x46, 0x04, 0x46, 0x04, 0x46, 0x04, 0x46, 0x04,
  0x46, 0x04, 0x46, 0x04, 0x46, 0x04, 0x46, 0x04, 0x46, 0x04, 0x46, 0x04,
  0x46, 0x04, 0x46, 0x04, 0x46, 0x04, 0x46, 0x04, 0x46, 0x04, 0x46, 0x04,
  0x46, 0x04, 0x46, 0x04, 0x46, 0x04, 0x46, 0x04, 0x46, 0x04, 0x46, 0x04,
  0x46, 0x04, 0x46, 0x04, 0x46, 0x04, 0x46, 0x04, 0x46, 0x04, 0x46, 0x04,
  0x46, 0x04, 0x46, 0x04, 0x46, 0x04, 0x46, 0x04, 0x46, 0x04, 0x46, 0x04,
  0x46, 0x04, 0x46, 0x04, 0x46, 0x04, 0x46, 0x04, 0x46, 0x04, 0x46, 0x04,
  0x46, 0x04, 0x46, 0x04, 0x46, 0x04, 0x46, 0x04, 0x46, 0x04, 0x46, 0x04,
  0x46, 0x04, 0x46, 0x04, 0x46, 0x04, 0x46, 0x04, 0x46, 0x04, 0x46, 0x04,
  0x46, 0x04, 0x46, 0x04, 0x46, 0x04, 0x46, 0x04, 0x46, 0x04, 0x46, 0x04,
  0x46, 0x04, 0x46, 0x04, 0x46, 0x04, 0x46, 0x04, 0x46, 0x04, 0x46, 0x04,
  0x46, 0x04, 0x46, 0x04, 0x46, 0x04, 0x46, 0x04, 0xce, 0x55, 0x46, 0x04,
  0x46, 0x04, 0x46, 0x04, 0x46, 0x04, 0x46, 0x04, 0x46, 0x04, 0x46, 0x04,
  0x46, 0x04, 0x46, 0x04, 0x46, 0x04, 0x46, 0x04, 0x2d, 0x4a, 0x46, 0x04,
  0x46, 0x04, 0x46, 0x04, 0x46, 0x04, 0x46, 0x04, 0x46, 0x04, 0x46, 0x04,
  0x46, 0x04, 0x46, 0x04, 0x46, 0x04, 0x46, 0x04, 0x46, 0x04, 0x46, 0x04,
  0x46, 0x04, 0x46, 0x04, 0x46, 0x04, 0x46, 0x04, 0x46, 0x04, 0x46, 0x04,
  0x46, 0x04, 0x46, 0x04, 0x46, 0x04, 0x46, 0x04, 0x46, 0x04, 0x46, 0x04,
  0x46, 0x04, 0x46, 0x04, 0x46, 0x04, 0x46, 0x04, 0x46, 0x04, 0x46, 0x04,
  0x46, 0x04, 0x46, 0x04, 0x46, 0x04, 0x46, 0x04, 0x46, 0x04, 0x46, 0x04,
  0x46, 0x04, 0x46, 0x04, 0x46, 0x04, 0x46, 0x04, 0x46, 0x04, 0x46, 0x04,
  0x46, 0x04, 0x46, 0x04, 0x46, 0x04, 0x46, 0x04, 0x46, 0x04, 0x46, 0x04,
  0x46, 0x04, 0x46, 0x04, 0x46, 0x04, 0x46, 0x04, 0x46, 0x04, 0x46, 0x04,
  0x46, 0x04, 0x46, 0x04, 0x46, 0x04, 0x46, 0x04, 0x46, 0x04, 0x46, 0x04,
  0x46, 0x04, 0x46, 0x04, 0x46, 0x04, 0x46, 0x04, 0x46, 0x04, 0x46, 0x04,
  0x46, 0x04, 0x46, 0x04, 0x46, 0x04, 0x46, 0x04, 0x46, 0x04, 0x46, 0x04,
  0x46, 0x04, 0x46, 0x04, 0x46, 0x04, 0x46, 0x04, 0x46, 0x04, 0x46, 0x04,
  0x46, 0x04, 0x46, 0x04, 0x46, 0x04, 0x46, 0x04, 0x46, 0x04, 0x46, 0x04,
  0x46, 0x04, 0x46, 0x04, 0x46, 0x04, 0x46, 0x04, 0x46, 0x04, 0x46, 0x04,
  0x46, 0x04, 0x46, 0x04, 0x46, 0x04, 0x46, 0x04, 0x46, 0x04, 0x46, 0x04,
  0x46, 0x04, 0x46, 0x04, 0x46, 0x04, 0x46, 0x04, 0x46, 0x04, 0x46, 0x04,
  0x46, 0x04, 0x46, 0x04, 0x46, 0x04, 0x46, 0x04, 0x46, 0x04, 0x46, 0x04,
  0x46, 0x04, 0x46, 0x04, 0x46, 0x04, 0x46, 0x04, 0x46, 0x04, 0x46, 0x04,
  0x46, 0x04, 0x46, 0x04, 0x46, 0x04, 0x46, 0x04, 0x46, 0x04, 0x46, 0x04,
  0x46, 0x04, 0x46, 0x04, 0x46, 0x04, 0x46, 0x04, 0x46, 0x04, 0x46, 0x04,
  0x46, 0x04, 0x46, 0x04, 0x46, 0x04, 0x46, 0x04, 0x46, 0x04, 0x46, 0x04,
  0x46, 0x04, 0x46, 0x04, 0x46, 0x04, 0x46, 0x04, 0x46, 0x04, 0x46, 0x04,
  0x46, 0x04, 0x46, 0x04, 0x46, 0x04, 0x46, 0x04, 0x46, 0x04, 0x46, 0x04,
  0x46, 0x04, 0x46, 0x04, 0x46, 0x04, 0x46, 0x04, 0x46, 0x04, 0x46, 0x04,
  0x46, 0x04, 0x46, 0x04, 0x46, 0x04, 0x46, 0x04, 0x46, 0x04, 0x46, 0x04,
  0x46, 0x04, 0x46, 0x04, 0x46, 0x04, 0x46, 0x04, 0x46, 0x04, 0x46, 0x04,
  0x46, 0x04, 0x46, 0x04, 0x46, 0x04, 0x46, 0x04, 0x46, 0x04, 0x46, 0x04,
  0x46, 0x04, 0x46, 0x04, 0x46, 0x04, 0x46, 0x04, 0x46, 0x04, 0x46, 0x04,
  0x46, 0x04, 0x46, 0x04, 0x46, 0x04, 0x46, 0x04, 0x46, 0x04, 0x46, 0x04,
  0x46, 0x04, 0x46, 0x04, 0x46, 0x04, 0x46, 0x04, 0x46, 0x04, 0x46, 0x04,
  0x46, 0x04, 0x46, 0x04, 0x46, 0x04, 0x46, 0x04, 0x46, 0x04, 0x46, 0x04,
  0x46, 0x04, 0x46, 0x04, 0x46, 0x04, 0x46, 0x04, 0x46, 0x04, 0x46, 0x04,
  0x46, 0x04, 0x46, 0x04, 0x46, 0x04, 0x46, 0x04, 0x46, 0x04, 0x46, 0x04,
  0x46, 0x04, 0x46, 0x04, 0x46, 0x04, 0x46, 0x04, 0x46, 0x04, 0x46, 0x04,
  0x94, 0x52, 0x46, 0x04, 0x46, 0x04, 0x46, 0x04, 0x46, 0x04, 0x46, 0x04,
  0x46, 0x04, 0x46, 0x04, 0x46, 0x04, 0x46, 0x04, 0x46, 0x04, 0x46, 0x04,
  0x46, 0x04, 0x46, 0x04, 0x46, 0x04, 0x46, 0x04, 0x46, 0x04, 0x46, 0x04,
  0x46, 0x04, 0x46, 0x04, 0x46, 0x04, 0x46, 0x04, 0x46, 0x04, 0x46, 0x04,
  0x46, 0x04, 0x46, 0x04, 0x46, 0x04, 0x46, 0x04, 0x46, 0x04, 0x46, 0x04,
  0x46, 0x04, 0x46, 0x04, 0x46, 0x04, 0x46, 0x04, 0x46, 0x04, 0x46, 0x04,
  0x46, 0x04, 0x46, 0x04, 0x46, 0x04, 0x46, 0x04, 0x46, 0x04, 0x46, 0x04,
  0x46, 0x04, 0x46, 0x04, 0x46, 0x04, 0x46, 0x04, 0x46, 0x04, 0x46, 0x04,
  0x46, 0x04, 0x46, 0x04, 0x46, 0x04, 0x46, 0x04, 0x46, 0x04, 0x46, 0x04,
  0x46, 0x04, 0x46, 0x04, 0x46, 0x04, 0x46, 0x04, 0x46, 0x04, 0x46, 0x04,
  0x46, 0x04, 0x46, 0x04, 0x46, 0x04, 0x46, 0x04, 0x46, 0x04, 0x46, 0x04,
  0x46, 0x04, 0x46, 0x04, 0x46, 0x04, 0x46, 0x04, 0x46, 0x04, 0x46, 0x04,
  0x46, 0x04, 0x46, 0x04, 0x46, 0x04, 0x46, 0x04, 0x46, 0x04, 0x46, 0x04,
  0x46, 0x04, 0x46, 0x04, 0x46, 0x04, 0x46, 0x04, 0x46, 0x04, 0x46, 0x04,
  0x46, 0x04, 0x46, 0x04, 0x46, 0x04, 0x46, 0x04, 0x46, 0x04, 0x46, 0x04,
  0x46, 0x04, 0x46, 0x04, 0x46, 0x04, 0x46, 0x04, 0x46, 0x04, 0x46, 0x04,
  0x46, 0x04, 0x46, 0x04, 0x46, 0x04, 0x46, 0x04, 0x46, 0x04, 0x46, 0x04,
  0x46, 0x04, 0x46, 0x04, 0x46, 0x04, 0x46, 0x04, 0x46, 0x04, 0x46, 0x04,
  0x46, 0x04, 0x46, 0x04, 0x46, 0x04, 0x46, 0x04, 0x46, 0x04, 0x46, 0x04,
  0x46, 0x04, 0x46, 0x04, 0x46, 0x04, 0x46, 0x04, 0x46, 0x04, 0x46, 0x04,
  0x46, 0x04, 0x46, 0x04, 0x46, 0x04, 0x46, 0x04, 0x46, 0x04, 0x46, 0x04,
  0x46, 0x04, 0x46, 0x04, 0x46, 0x04, 0x46, 0x04, 0x46, 0x04, 0x46, 0x04,
  0x46, 0x04, 0x46, 0x04, 0x46, 0x04, 0x46, 0x04, 0x46, 0x04, 0x46, 0x04,
  0x46, 0x04, 0x46, 0x04, 0x46, 0x04, 0x46, 0x04, 0x46, 0x04, 0x46, 0x04,
  0x46, 0x04, 0x46, 0x04, 0x46, 0x04, 0x46, 0x04, 0x46, 0x04, 0x46, 0x04,
  0x46, 0x04, 0x46, 0x04, 0x46, 0x04, 0x46, 0x04, 0x46, 0x04, 0x46, 0x04,
  0x46, 0x04, 0x46, 0x04, 0x46, 0x04, 0x46, 0x04, 0x46, 0x04, 0x46, 0x04,
  0x46, 0x04, 0x46, 0x04, 0x46, 0x04, 0x46, 0x04, 0x46, 0x04, 0x46, 0x04,
  0x46, 0x04, 0x46, 0x04, 0x46, 0x04, 0x46, 0x04, 0x46, 0x04, 0x46, 0x04,
  0x46, 0x04, 0x46, 0x04, 0x46, 0x04, 0x46, 0x04, 0x46, 0x04, 0x46, 0x04,
  0x46, 0x04, 0x46, 0x04, 0x46, 0x04, 0x46, 0x04, 0x46, 0x04, 0x46, 0x04,
  0x46, 0x04, 0x46, 0x04, 0x46, 0x04, 0x46, 0x04, 0x46, 0x04, 0x46, 0x04,
  0x46, 0x04, 0x46, 0x04, 0x46, 0x04, 0x46, 0x04, 0x46, 0x04, 0x46, 0x04,
  0x46, 0x04, 0x46, 0x04, 0x46, 0x04, 0x46, 0x04, 0x46, 0x04, 0x46, 0x04,
  0x46, 0x04, 0x46, 0x04, 0x46, 0x04, 0x46, 0x04, 0x46, 0x04, 0x46, 0x04,
  0x46, 0x04, 0x46, 0x04, 0x46, 0x04, 0x46, 0x04, 0x46, 0x04, 0x46, 0x04,
  0x46, 0x04, 0x46, 0x04, 0x46, 0x04, 0x46, 0x04, 0x46, 0x04, 0x46, 0x04,
  0x46, 0x04, 0x46, 0x04, 0x46, 0x04, 0x46, 0x04, 0x46, 0x04, 0x46, 0x04,
  0x46, 0x04, 0x46, 0x04, 0x46, 0x04, 0x46, 0x04, 0x46, 0x04, 0x46, 0x04,
  0x46, 0x04, 0x46, 0x04, 0x46, 0x04, 0x46, 0x04, 0x46, 0x04, 0x46, 0x04,
  0x46, 0x04, 0x46, 0x04, 0x46, 0x04, 0x46, 0x04, 0x46, 0x04, 0x46, 0x04,
  0x46, 0x04, 0x46, 0x04, 0x46, 0x04, 0x46, 0x04, 0x46, 0x04, 0x46, 0x04,
  0x46, 0x04, 0x46, 0x04, 0x46, 0x04, 0x46, 0x04, 0x46, 0x04, 0x46, 0x04,
  0x46, 0x04, 0x46, 0x04, 0x46, 0x04, 0x46, 0x04, 0x46, 0x04, 0x46, 0x04,
  0x46, 0x04, 0x46, 0x04, 0x46, 0x04, 0x46, 0x04, 0x46, 0x04, 0x46, 0x04,
  0x46, 0x04, 0x46, 0x04, 0x46, 0x04, 0x46, 0x04, 0x46, 0x04, 0x46, 0x04,
  0x46, 0x04, 0x46, 0x04, 0x46, 0x04, 0x46, 0x04, 0x46, 0x04, 0x46, 0x04,
  0x46, 0x04, 0x46, 0x04, 0x46, 0x04, 0x46, 0x04, 0x46, 0x04, 0x46, 0x04,
  0x46, 0x04, 0x46, 0x04, 0x46, 0x04, 0x46, 0x04, 0x46, 0x04, 0x46, 0x04,
  0x46, 0x04, 0x46, 0x04, 0x46, 0x04, 0x46, 0x04, 0x46, 0x04, 0x46, 0x04,
  0x46, 0x04, 0x46, 0x04, 0x46, 0x04, 0x46, 0x04, 0x46, 0x04, 0x46, 0x04,
  0x46, 0x04, 0x46, 0x04, 0x46, 0x04, 0x46, 0x04, 0x46, 0x04, 0x46, 0x04,
  0x46, 0x04, 0x46, 0x04, 0x46, 0x04, 0x46, 0x04, 0x46, 0x04, 0x46, 0x04,
  0x46, 0x04, 0x46, 0x04, 0x46, 0x04, 0x46, 0x04, 0x46, 0x04, 0x46, 0x04,
  0x46, 0x04, 0x46, 0x04, 0x46, 0x04, 0x46, 0x04, 0x46, 0x04, 0x46, 0x04,
  0x46, 0x04, 0x46, 0x04, 0x46, 0x04, 0x46, 0x04, 0x46, 0x04, 0x46, 0x04,
  0x46, 0x04, 0x46, 0x04, 0x46, 0x04, 0x46, 0x04, 0x46, 0x04, 0x46, 0x04,
  0x46, 0x04, 0x46, 0x04, 0x46, 0x04, 0x46, 0x04, 0x46, 0x04, 0x46, 0x04,
  0x46, 0x04, 0x46, 0x04, 0x46, 0x04, 0x46, 0x04, 0x46, 0x04, 0x46, 0x04,
  0x46, 0x04, 0x46, 0x04, 0x46, 0x04, 0x46, 0x04, 0x46, 0x04, 0x46, 0x04,
  0x46, 0x04, 0x46, 0x04, 0x46, 0x04, 0x46, 0x04, 0x46, 0x04, 0x46, 0x04,
  0x46, 0x04, 0x46, 0x04, 0x46, 0x04, 0x46, 0x04, 0x46, 0x04, 0x46, 0x04,
  0x46, 0x04, 0x46, 0x04, 0x46, 0x04, 0x46, 0x04, 0x46, 0x04, 0x46, 0x04,
  0x46, 0x04, 0x46, 0x04, 0x46, 0x04, 0x46, 0x04, 0x46, 0x04, 0x46, 0x04,
  0x46, 0x04, 0x46, 0x04, 0x46, 0x04, 0x46, 0x04, 0x46, 0x04, 0x46, 0x04,
  0x46, 0x04, 0x46, 0x04, 0x46, 0x04, 0x46, 0x04, 0x46, 0x04, 0x46, 0x04,
  0x46, 0x04, 0x46, 0x04, 0x46, 0x04, 0x46, 0x04, 0x46, 0x04, 0x46, 0x04,
  0x46, 0x04, 0x46, 0x04, 0x46, 0x04, 0x46, 0x04, 0x46, 0x04, 0x46, 0x04,
  0x46, 0x04, 0x46, 0x04, 0x46, 0x04, 0x46, 0x04, 0x46, 0x04, 0x46, 0x04,
  0x46, 0x04, 0x46, 0x04, 0xa7, 0x10, 0x4a, 0x2d, 0x0d, 0x46, 0x4e, 0x52,
  0xf0, 0x66, 0x4d, 0x4e, 0xe8, 0x1c, 0x46, 0x04, 0x46, 0x04, 0x46, 0x04,
  0x46, 0x04, 0x46, 0x04, 0x46, 0x04, 0x46, 0x04, 0x46, 0x04, 0x46, 0x04,
  0x46, 0x04, 0x46, 0x04, 0x46, 0x04, 0x46, 0x04, 0x46, 0x04, 0x46, 0x04,
  0x46, 0x04, 0x46, 0x04, 0x46, 0x04, 0x46, 0x04, 0x46, 0x04, 0x46, 0x04,
  0x46, 0x04, 0x46, 0x04, 0x46, 0x04, 0x46, 0x04, 0x46, 0x04, 0x46, 0x04,
  0x46, 0x04, 0x46, 0x04, 0x46, 0x04, 0x46, 0x04, 0x46, 0x04, 0x46, 0x04,
  0x46, 0x04, 0x46, 0x04, 0x46, 0x04, 0x46, 0x04, 0x46, 0x04, 0x46, 0x04,
  0x46, 0x04, 0x46, 0x04, 0x46, 0x04, 0x46, 0x04, 0x46, 0x04, 0x46, 0x04,
  0x46, 0x04, 0x46, 0x04, 0x46, 0x04, 0x46, 0x04, 0x46, 0x04, 0x46, 0x04,
  0x46, 0x04, 0x46, 0x04, 0x46, 0x04, 0x8f, 0x56, 0x46, 0x04, 0x46, 0x04,
  0x46, 0x04, 0x46, 0x04, 0x46, 0x04, 0x46, 0x04, 0x46, 0x04, 0x46, 0x04,
  0x46, 0x04, 0x46, 0x04, 0x46, 0x04, 0x46, 0x04, 0x46, 0x04, 0x46, 0x04,
  0x46, 0x04, 0x46, 0x04, 0x46, 0x04, 0x46, 0x04, 0x46, 0x04, 0x46, 0x04,
  0x46, 0x04, 0x46, 0x04, 0x46, 0x04, 0x46, 0x04, 0x46, 0x04, 0x46, 0x04,
  0x46, 0x04, 0x46, 0x04, 0x46, 0x04, 0x46, 0x04, 0x46, 0x04, 0x46, 0x04,
  0x46, 0x04, 0x46, 0x04, 0x46, 0x04, 0x46, 0x04, 0x46, 0x04, 0x46, 0x04,
  0x46, 0x04, 0x46, 0x04, 0x46, 0x04, 0x46, 0x04, 0x46, 0x04, 0x46, 0x04,
  0x36, 0x3e, 0x46, 0x04, 0x46, 0x04, 0x46, 0x04, 0x46, 0x04, 0x46, 0x04,
  0x46, 0x04, 0x46, 0x04, 0x46, 0x04, 0x46, 0x04, 0x46, 0x04, 0x46, 0x04,
  0x09, 0x21, 0x4e, 0x4e, 0x31, 0x6f, 0x31, 0x6f, 0x11, 0x6b, 0x10, 0x6b,
  0xab, 0x35, 0x46, 0x04, 0x46, 0x04, 0x46, 0x04, 0x46, 0x04, 0x46, 0x04,
  0x46, 0x04, 0x46, 0x04, 0x46, 0x04, 0x46, 0x04, 0x46, 0x04, 0x46, 0x04,
  0x46, 0x04, 0x46, 0x04, 0x46, 0x04, 0x46, 0x04, 0x46, 0x04, 0x46, 0x04,
  0x46, 0x04, 0x46, 0x04, 0x46, 0x04, 0x46, 0x04, 0x46, 0x04, 0x46, 0x04,
  0x46, 0x04, 0x46, 0x04, 0x46, 0x04, 0x46, 0x04, 0x46, 0x04, 0x46, 0x04,
  0x46, 0x04, 0x46, 0x04, 0x46, 0x04, 0x46, 0x04, 0x46, 0x04, 0x46, 0x04,
  0x46, 0x04, 0x46, 0x04, 0x46, 0x04, 0x46, 0x04, 0x46, 0x04, 0x46, 0x04,
  0x46, 0x04, 0x46, 0x04, 0x46, 0x04, 0x46, 0x04, 0x46, 0x04, 0x46, 0x04,
  0x46, 0x04, 0x46, 0x04, 0x46, 0x04, 0x46, 0x04, 0x46, 0x04, 0x46, 0x04,
  0x46, 0x04, 0x46, 0x04, 0x46, 0x04, 0x46, 0x04, 0x46, 0x04, 0x46, 0x04,
  0x46, 0x04, 0x46, 0x04, 0x46, 0x04, 0x46, 0x04, 0x46, 0x04, 0x46, 0x04,
  0x46, 0x04, 0x46, 0x04, 0x46, 0x04, 0x46, 0x04, 0x46, 0x04, 0x46, 0x04,
  0x46, 0x04, 0x46, 0x04, 0x46, 0x04, 0x46, 0x04, 0x46, 0x04, 0x46, 0x04,
  0x46, 0x04, 0x46, 0x04, 0x46, 0x04, 0x46, 0x04, 0x46, 0x04, 0x46, 0x04,
  0x46, 0x04, 0x46, 0x04, 0x46, 0x04, 0x46, 0x04, 0x46, 0x04, 0x46, 0x04,
  0x46, 0x04, 0x46, 0x04, 0x46, 0x04, 0x46, 0x04, 0x46, 0x04, 0x46, 0x04,
  0x46, 0x04, 0x46, 0x04, 0x46, 0x04, 0x46, 0x04, 0x46, 0x04, 0x46, 0x04,
  0x46, 0x04, 0x46, 0x04, 0x46, 0x04, 0x46, 0x04, 0x46, 0x04, 0x46, 0x04,
  0x46, 0x04, 0x46, 0x04, 0x46, 0x04, 0x46, 0x04, 0xa7, 0x14, 0x8f, 0x5a,
  0x52, 0x73, 0x51, 0x73, 0x31, 0x6f, 0x31, 0x6f, 0xf0, 0x66, 0x29, 0x25,
  0x46, 0x04, 0x46, 0x04, 0x46, 0x04, 0x46, 0x04, 0x46, 0x04, 0x46, 0x04,
  0x46, 0x04, 0x46, 0x04, 0x46, 0x04, 0x46, 0x04, 0x46, 0x04, 0x46, 0x04,
  0x46, 0x04, 0x46, 0x04, 0x46, 0x04, 0x46, 0x04, 0x46, 0x04, 0x46, 0x04,
  0x46, 0x04, 0x46, 0x04, 0x46, 0x04, 0x46, 0x04, 0x46, 0x04, 0x46, 0x04,
  0x46, 0x04, 0x46, 0x04, 0x46, 0x04, 0x46, 0x04, 0x46, 0x04, 0x46, 0x04,
  0x46, 0x04, 0x46, 0x04, 0x46, 0x04, 0x46, 0x04, 0x46, 0x04, 0x46, 0x04,
  0x46, 0x04, 0x46, 0x04, 0x46, 0x04, 0x46, 0x04, 0x46, 0x04, 0x46, 0x04,
  0x46, 0x04, 0x46, 0x04, 0x46, 0x04, 0x46, 0x04, 0x46, 0x04, 0x46, 0x04,
  0x46, 0x04, 0x46, 0x04, 0x46, 0x04, 0x46, 0x04, 0x46, 0x04, 0x46, 0x04,
  0x46, 0x04, 0x46, 0x04, 0x46, 0x04, 0x46, 0x04, 0x46, 0x04, 0x46, 0x04,
  0x46, 0x04, 0x46, 0x04, 0x46, 0x04, 0x46, 0x04, 0x46, 0x04, 0x46, 0x04,
  0x46, 0x04, 0x46, 0x04, 0x46, 0x04, 0x46, 0x04, 0x46, 0x04, 0x46, 0x04,
  0x46, 0x04, 0x46, 0x04, 0x46, 0x04, 0x46, 0x04, 0x46, 0x04, 0x46, 0x04,
  0x46, 0x04, 0x46, 0x04, 0x46, 0x04, 0x46, 0x04, 0x46, 0x04, 0x46, 0x04,
  0x46, 0x04, 0x46, 0x04, 0x46, 0x04, 0x46, 0x04, 0x46, 0x04, 0x46, 0x04,
  0x46, 0x04, 0x46, 0x04, 0x46, 0x04, 0x46, 0x04, 0x46, 0x04, 0x46, 0x04,
  0x46, 0x04, 0x46, 0x04, 0x46, 0x04, 0x46, 0x04, 0x46, 0x04, 0x46, 0x04,
  0x46, 0x04, 0x46, 0x04, 0x46, 0x04, 0x46, 0x04, 0x46, 0x04, 0x46, 0x04,
  0x46, 0x04, 0x46, 0x04, 0x46, 0x04, 0x6a, 0x31, 0x32, 0x6f, 0x52, 0x73,
  0x52, 0x73, 0x51, 0x73, 0x31, 0x6f, 0x31, 0x6f, 0xe8, 0x1c, 0x46, 0x04,
  0x46, 0x04, 0x46, 0x04, 0x46, 0x04, 0x46, 0x04, 0x46, 0x04, 0x46, 0x04,
  0x46, 0x04, 0x46, 0x04, 0x46, 0x04, 0x46, 0x04, 0x46, 0x04, 0x46, 0x04,
  0x46, 0x04, 0x46, 0x04, 0x46, 0x04, 0x46, 0x04, 0x46, 0x04, 0x46, 0x04,
  0x46, 0x04, 0x46, 0x04, 0x46, 0x04, 0x46, 0x04, 0x46, 0x04, 0x46, 0x04,
  0x46, 0x04, 0x46, 0x04, 0x46, 0x04, 0x46, 0x04, 0x46, 0x04, 0x46, 0x04,
  0x46, 0x04, 0x46, 0x04, 0x46, 0x04, 0x46, 0x04, 0x46, 0x04, 0x46, 0x04,
  0x46, 0x04, 0x46, 0x04, 0x46, 0x04, 0x46, 0x04, 0x46, 0x04, 0x46, 0x04,
  0x46, 0x04, 0x46, 0x04, 0x46, 0x04, 0x46, 0x04, 0x46, 0x04, 0x46, 0x04,
  0x46, 0x04, 0x46, 0x04, 0x46, 0x04, 0x46, 0x04, 0x46, 0x04, 0x46, 0x04,
  0x46, 0x04, 0x46, 0x04, 0x46, 0x04, 0x46, 0x04, 0x46, 0x04, 0x46, 0x04,
  0x46, 0x04, 0x46, 0x04, 0x46, 0x04, 0x46, 0x04, 0x46, 0x04, 0x46, 0x04,
  0x46, 0x04, 0x46, 0x04, 0x46, 0x04, 0x46, 0x04, 0x46, 0x04, 0x46, 0x04,
  0x46, 0x04, 0x46, 0x04, 0x46, 0x04, 0x46, 0x04, 0x46, 0x04, 0x46, 0x04,
  0x46, 0x04, 0x46, 0x04, 0x46, 0x04, 0x46, 0x04, 0x46, 0x04, 0x46, 0x04,
  0x46, 0x04, 0x46, 0x04, 0x46, 0x04, 0x46, 0x04, 0x46, 0x04, 0x46, 0x04,
  0x46, 0x04, 0x46, 0x04, 0x46, 0x04, 0x46, 0x04, 0x46, 0x04, 0x46, 0x04,
  0x46, 0x04, 0x46, 0x04, 0x46, 0x04, 0x46, 0x04, 0x46, 0x04, 0x46, 0x04,
  0x46, 0x04, 0x46, 0x04, 0x46, 0x04, 0x46, 0x04, 0x46, 0x04, 0x46, 0x04,
  0x46, 0x04, 0x46, 0x04, 0x0d, 0x46, 0x73, 0x77, 0x72, 0x77, 0x52, 0x73,
  0x52, 0x73, 0x51, 0x73, 0x31, 0x6f, 0x8b, 0x31, 0x46, 0x04, 0x46, 0x04,
  0x46, 0x04, 0x46, 0x04, 0x46, 0x04, 0x46, 0x04, 0x46, 0x04, 0x46, 0x04,
  0x46, 0x04, 0x46, 0x04, 0x46, 0x04, 0x7b, 0x6f, 0x46, 0x04, 0x46, 0x04,
  0x46, 0x04, 0x46, 0x04, 0x46, 0x04, 0x46, 0x04, 0x46, 0x04, 0x46, 0x04,
  0x46, 0x04, 0x46, 0x04, 0x46, 0x04, 0x46, 0x04, 0x46, 0x04, 0x46, 0x04,
  0x46, 0x04, 0x46, 0x04, 0x46, 0x04, 0x46, 0x04, 0x46, 0x04, 0x46, 0x04,
  0x46, 0x04, 0x46, 0x04, 0x46, 0x04, 0x46, 0x04, 0x46, 0x04, 0x46, 0x04,
  0x46, 0x04, 0x46, 0x04, 0x46, 0x04, 0x46, 0x04, 0x46, 0x04, 0x46, 0x04,
  0x46, 0x04, 0x46, 0x04, 0x46, 0x04, 0x46, 0x04, 0x46, 0x04, 0x46, 0x04,
  0x46, 0x04, 0x46, 0x04, 0x46, 0x04, 0x46, 0x04, 0x46, 0x04, 0x46, 0x04,
  0x46, 0x04, 0x46, 0x04, 0x46, 0x04, 0x46, 0x04, 0x46, 0x04, 0x46, 0x04,
  0x46, 0x04, 0x46, 0x04, 0x46, 0x04, 0x46, 0x04, 0x46, 0x04, 0x46, 0x04,
  0x46, 0x04, 0x46, 0x04, 0x46, 0x04, 0x46, 0x04, 0x46, 0x04, 0x46, 0x04,
  0x46, 0x04, 0x46, 0x04, 0x46, 0x04, 0x46, 0x04, 0x46, 0x04, 0x46, 0x04,
  0x46, 0x04, 0x46, 0x04, 0x46, 0x04, 0x46, 0x04, 0x46, 0x04, 0x46, 0x04,
  0x46, 0x04, 0x46, 0x04, 0x46, 0x04, 0x46, 0x04, 0x46, 0x04, 0x46, 0x04,
  0x46, 0x04, 0x46, 0x04, 0x46, 0x04, 0x46, 0x04, 0x46, 0x04, 0x46, 0x04,
  0x46, 0x04, 0x46, 0x04, 0x46, 0x04, 0x46, 0x04, 0x46, 0x04, 0x46, 0x04,
  0x46, 0x04, 0x46, 0x04, 0x46, 0x04, 0x46, 0x04, 0x46, 0x04, 0x46, 0x04,
  0x46, 0x04, 0x0d, 0x4a, 0x93, 0x7b, 0x73, 0x77, 0x72, 0x77, 0x52, 0x73,
  0x52, 0x73, 0x51, 0x73, 0x6e, 0x56, 0x46, 0x04, 0x46, 0x04, 0x46, 0x04,
  0x46, 0x04, 0x46, 0x04, 0x46, 0x04, 0x46, 0x04, 0x46, 0x04, 0x46, 0x04,
  0x46, 0x04, 0x46, 0x04, 0x46, 0x04, 0x46, 0x04, 0x46, 0x04, 0x46, 0x04,
  0x46, 0x04, 0x46, 0x04, 0x2d, 0x4a, 0x46, 0x04, 0x46, 0x04, 0x46, 0x04,
  0x46, 0x04, 0x46, 0x04, 0x46, 0x04, 0x46, 0x04, 0x46, 0x04, 0x46, 0x04,
  0x46, 0x04, 0x46, 0x04, 0x46, 0x04, 0x46, 0x04, 0x46, 0x04, 0x46, 0x04,
  0x46, 0x04, 0x46, 0x04, 0x46, 0x04, 0x46, 0x04, 0x46, 0x04, 0x46, 0x04,
  0x46, 0x04, 0x46, 0x04, 0x46, 0x04, 0x46, 0x04, 0x46, 0x04, 0x46, 0x04,
  0x46, 0x04, 0x46, 0x04, 0x46, 0x04, 0x46, 0x04, 0x46, 0x04, 0x46, 0x04,
  0x46, 0x04, 0x46, 0x04, 0x46, 0x04, 0x46, 0x04, 0x46, 0x04, 0x46, 0x04,
  0x46, 0x04, 0x46, 0x04, 0x46, 0x04, 0x46, 0x04, 0x46, 0x04, 0x46, 0x04,
  0x46, 0x04, 0x46, 0x04, 0x46, 0x04, 0x46, 0x04, 0x46, 0x04, 0x46, 0x04,
  0x46, 0x04, 0x46, 0x04, 0x46, 0x04, 0x46, 0x04, 0x46, 0x04, 0x46, 0x04,
  0x46, 0x04, 0x46, 0x04, 0x46, 0x04, 0x46, 0x04, 0x46, 0x04, 0x46, 0x04,
  0x46, 0x04, 0x46, 0x04, 0x46, 0x04, 0x46, 0x04, 0x46, 0x04, 0x46, 0x04,
  0x46, 0x04, 0x46, 0x04, 0x46, 0x04, 0x46, 0x04, 0x46, 0x04, 0x46, 0x04,
  0x46, 0x04, 0x46, 0x04, 0x46, 0x04, 0x46, 0x04, 0x46, 0x04, 0x46, 0x04,
  0x46, 0x04, 0x46, 0x04, 0x46, 0x04, 0x46, 0x04, 0x46, 0x04, 0x46, 0x04,
  0x46, 0x04, 0x46, 0x04, 0x46, 0x04, 0x46, 0x04, 0x46, 0x04, 0x46, 0x04,
  0x8b, 0x31, 0x93, 0x7b, 0x93, 0x7b, 0x73, 0x77, 0x72, 0x77, 0x52, 0x73,
  0x52, 0x73, 0x51, 0x73, 0xc8, 0x18, 0x46, 0x04, 0x46, 0x04, 0x46, 0x04,
  0x46, 0x04, 0x46, 0x04, 0x46, 0x04, 0x46, 0x04, 0x46, 0x04, 0x46, 0x04,
  0x46, 0x04, 0x46, 0x04, 0x46, 0x04, 0x46, 0x04, 0x46, 0x04, 0x46, 0x04,
  0x46, 0x04, 0x46, 0x04, 0x46, 0x04, 0x46, 0x04, 0x46, 0x04, 0x46, 0x04,
  0x46, 0x04, 0x46, 0x04, 0x46, 0x04, 0x46, 0x04, 0x46, 0x04, 0x46, 0x04,
  0x46, 0x04, 0x46, 0x04, 0x46, 0x04, 0x46, 0x04, 0x46, 0x04, 0x46, 0x04,
  0x46, 0x04, 0x46, 0x04, 0x45, 0x04, 0x45, 0x04, 0x45, 0x04, 0x45, 0x04,
  0x45, 0x04, 0x45, 0x04, 0x45, 0x04, 0x45, 0x04, 0x45, 0x04, 0x45, 0x04,
  0x45, 0x04, 0x45, 0x04, 0x45, 0x04, 0x45, 0x04, 0x45, 0x04, 0x45, 0x04,
  0x45, 0x04, 0x45, 0x04, 0x45, 0x04, 0x45, 0x04, 0x45, 0x04, 0x45, 0x04,
  0x45, 0x04, 0x45, 0x04, 0x45, 0x04, 0x45, 0x04, 0x45, 0x04, 0x45, 0x04,
  0x45, 0x04, 0x45, 0x04, 0x45, 0x04, 0x45, 0x04, 0x45, 0x04, 0x45, 0x04,
  0x45, 0x04, 0x45, 0x04, 0x45, 0x04, 0x45, 0x04, 0x45, 0x04, 0x45, 0x04,
  0x45, 0x04, 0x45, 0x04, 0x45, 0x04, 0x45, 0x04, 0x45, 0x04, 0x45, 0x04,
  0x45, 0x04, 0x45, 0x04, 0x45, 0x04, 0x45, 0x04, 0x45, 0x04, 0x45, 0x04,
  0x45, 0x04, 0x45, 0x04, 0x45, 0x04, 0x45, 0x04, 0x45, 0x04, 0x45, 0x04,
  0x45, 0x04, 0x45, 0x04, 0x45, 0x04, 0x45, 0x04, 0x45, 0x04, 0x45, 0x04,
  0x45, 0x04, 0x45, 0x04, 0x45, 0x04, 0x45, 0x04, 0x45, 0x04, 0x45, 0x04,
  0x45, 0x04, 0x45, 0x04, 0x45, 0x04, 0x45, 0x04, 0x45, 0x04, 0xa7, 0x14,
  0x73, 0x77, 0x93, 0x7b, 0x93, 0x7b, 0x73, 0x77, 0x72, 0x77, 0x52, 0x73,
  0x52, 0x73, 0x4e, 0x4e, 0x8c, 0x4d, 0x45, 0x04, 0x45, 0x04, 0x45, 0x04,
  0x45, 0x04, 0x45, 0x04, 0x45, 0x04, 0x45, 0x04, 0x45, 0x04, 0x45, 0x04,
  0x45, 0x04, 0x45, 0x04, 0x45, 0x04, 0x45, 0x04, 0x45, 0x04, 0x45, 0x04,
  0x45, 0x04, 0x45, 0x04, 0x45, 0x04, 0x45, 0x04, 0x45, 0x04, 0x45, 0x04,
  0x45, 0x04, 0x45, 0x04, 0x45, 0x04, 0x45, 0x04, 0x45, 0x04, 0x45, 0x04,
  0x45, 0x04, 0x45, 0x04, 0x45, 0x04, 0x45, 0x04, 0x45, 0x04, 0x45, 0x04,
  0x45, 0x04, 0x45, 0x04, 0x45, 0x04, 0x45, 0x04, 0x45, 0x04, 0x45, 0x04,
  0x45, 0x04, 0x45, 0x04, 0x45, 0x04, 0x45, 0x04, 0x45, 0x04, 0x45, 0x04,
  0x45, 0x04, 0x45, 0x04, 0x45, 0x04, 0x45, 0x04, 0x45, 0x04, 0x45, 0x04,
  0x45, 0x04, 0x45, 0x04, 0x45, 0x04, 0x45, 0x04, 0x45, 0x04, 0x45, 0x04,
  0x45, 0x04, 0x45, 0x04, 0x45, 0x04, 0x45, 0x04, 0x45, 0x04, 0x45, 0x04,
  0x45, 0x04, 0x45, 0x04, 0x45, 0x04, 0x45, 0x04, 0x45, 0x04, 0x45, 0x04,
  0x45, 0x04, 0x45, 0x04, 0x45, 0x04, 0x45, 0x04, 0x45, 0x04, 0x45, 0x04,
  0x45, 0x04, 0x45, 0x04, 0x45, 0x04, 0x45, 0x04, 0x45, 0x04, 0x45, 0x04,
  0x45, 0x04, 0x45, 0x04, 0x45, 0x04, 0x45, 0x04, 0x45, 0x04, 0x45, 0x04,
  0x45, 0x04, 0x45, 0x04, 0x45, 0x04, 0x45, 0x04, 0x45, 0x04, 0x45, 0x04,
  0x45, 0x04, 0x45, 0x04, 0x45, 0x04, 0x45, 0x04, 0x45, 0x04, 0x45, 0x04,
  0x45, 0x04, 0x45, 0x04, 0x45, 0x04, 0x45, 0x04, 0x45, 0x04, 0x45, 0x04,
  0x45, 0x04, 0x45, 0x04, 0x45, 0x04, 0x45, 0x04, 0x45, 0x04, 0xd0, 0x5e,
  0x94, 0x7f, 0x93, 0x7b, 0x93, 0x7b, 0x73, 0x77, 0x72, 0x77, 0x52, 0x73,
  0x52, 0x73, 0x29, 0x25, 0x45, 0x04, 0x45, 0x04, 0x45, 0x04, 0x45, 0x04,
  0x45, 0x04, 0x45, 0x04, 0x45, 0x04, 0x45, 0x04, 0x45, 0x04, 0x45, 0x04,
  0x45, 0x04, 0x45, 0x04, 0x45, 0x04, 0x45, 0x04, 0x45, 0x04, 0x45, 0x04,
  0x45, 0x04, 0x45, 0x04, 0x45, 0x04, 0x45, 0x04, 0x45, 0x04, 0x45, 0x04,
  0x45, 0x04, 0x45, 0x04, 0x45, 0x04, 0x45, 0x04, 0x45, 0x04, 0x45, 0x04,
  0x45, 0x04, 0x45, 0x04, 0x45, 0x04, 0x45, 0x04, 0x45, 0x04, 0x45, 0x04,
  0x45, 0x04, 0x45, 0x04, 0x45, 0x04, 0x45, 0x04, 0x45, 0x04, 0x45, 0x04,
  0x45, 0x04, 0x45, 0x04, 0x45, 0x04, 0x45, 0x04, 0x45, 0x04, 0x45, 0x04,
  0x45, 0x04, 0x45, 0x04, 0x45, 0x04, 0x45, 0x04, 0x45, 0x04, 0x45, 0x04,
  0x45, 0x04, 0x45, 0x04, 0x45, 0x04, 0x45, 0x04, 0x45, 0x04, 0x45, 0x04,
  0x45, 0x04, 0x45, 0x04, 0x45, 0x04, 0x45, 0x04, 0x45, 0x04, 0x45, 0x04,
  0x45, 0x04, 0x45, 0x04, 0x45, 0x04, 0x45, 0x04, 0x45, 0x04, 0x45, 0x04,
  0x45, 0x04, 0x45, 0x04, 0x45, 0x04, 0x45, 0x04, 0x45, 0x04, 0x45, 0x04,
  0x45, 0x04, 0x45, 0x04, 0x45, 0x04, 0x45, 0x04, 0x45, 0x04, 0x45, 0x04,
  0x45, 0x04, 0x45, 0x04, 0x45, 0x04, 0x45, 0x04, 0x45, 0x04, 0x45, 0x04,
  0x45, 0x04, 0x45, 0x04, 0x45, 0x04, 0x45, 0x04, 0x45, 0x04, 0x45, 0x04,
  0x45, 0x04, 0x45, 0x04, 0x45, 0x04, 0x45, 0x04, 0x45, 0x04, 0x45, 0x04,
  0x45, 0x04, 0x45, 0x04, 0x45, 0x04, 0x45, 0x04, 0x45, 0x04, 0x45, 0x04,
  0x45, 0x04, 0x45, 0x04, 0x45, 0x04, 0x45, 0x04, 0x09, 0x25, 0xb4, 0x7f,
  0x94, 0x7f, 0x93, 0x7b, 0x93, 0x7b, 0x72, 0x77, 0x72, 0x77, 0x52, 0x73,
  0x52, 0x73, 0x45, 0x04, 0x45, 0x04, 0x45, 0x04, 0x45, 0x04, 0x45, 0x04,
  0x45, 0x04, 0x45, 0x04, 0x45, 0x04, 0x45, 0x04, 0x45, 0x04, 0x45, 0x04,
  0x45, 0x04, 0x45, 0x04, 0x45, 0x04, 0x45, 0x04, 0x45, 0x04, 0x45, 0x04,
  0x45, 0x04, 0x45, 0x04, 0x45, 0x04, 0x45, 0x04, 0x45, 0x04, 0x45, 0x04,
  0x45, 0x04, 0x45, 0x04, 0x45, 0x04, 0x45, 0x04, 0x45, 0x04, 0x45, 0x04,
  0x45, 0x04, 0x45, 0x04, 0x45, 0x04, 0x45, 0x04, 0x45, 0x04, 0x45, 0x04,
  0x45, 0x04, 0x45, 0x04, 0x45, 0x04, 0x45, 0x04, 0x45, 0x04, 0x45, 0x04,
  0x45, 0x04, 0x45, 0x04, 0x45, 0x04, 0x45, 0x04, 0x45, 0x04, 0x45, 0x04,
  0x45, 0x04, 0x45, 0x04, 0x45, 0x04, 0x45, 0x04, 0x45, 0x04, 0x45, 0x04,
  0x45, 0x04, 0x45, 0x04, 0x45, 0x04, 0x45, 0x04, 0x45, 0x04, 0x45, 0x04,
  0x45, 0x04, 0x45, 0x04, 0x45, 0x04, 0x45, 0x04, 0x45, 0x04, 0x45, 0x04,
  0x45, 0x04, 0x45, 0x04, 0x45, 0x04, 0x45, 0x04, 0x45, 0x04, 0x45, 0x04,
  0x45, 0x04, 0x45, 0x04, 0x45, 0x04, 0x45, 0x04, 0x45, 0x04, 0x45, 0x04,
  0x45, 0x04, 0x45, 0x04, 0x45, 0x04, 0x45, 0x04, 0x45, 0x04, 0x45, 0x04,
  0x45, 0x04, 0x45, 0x04, 0x45, 0x04, 0x45, 0x04, 0x45, 0x04, 0x45, 0x04,
  0x45, 0x04, 0x45, 0x04, 0x45, 0x04, 0x45, 0x04, 0x45, 0x04, 0x45, 0x04,
  0x45, 0x04, 0x45, 0x04, 0x45, 0x04, 0x45, 0x04, 0x45, 0x04, 0x45, 0x04,
  0x45, 0x04, 0x45, 0x04, 0x45, 0x04, 0x45, 0x04, 0x45, 0x04, 0x45, 0x04,
  0x45, 0x04, 0x45, 0x04, 0x45, 0x04, 0x45, 0x04, 0x8f, 0x5a, 0xb4, 0x7f,
  0x94, 0x7f, 0x93, 0x7b, 0x31, 0x6b, 0xcf, 0x5e, 0x10, 0x6b, 0x52, 0x73,
  0x8f, 0x56, 0x45, 0x04, 0x45, 0x04, 0x45, 0x04, 0x45, 0x04, 0x45, 0x04,
  0x45, 0x04, 0x45, 0x04, 0x45, 0x04, 0x45, 0x04, 0x45, 0x04, 0x45, 0x04,
  0x45, 0x04, 0x45, 0x04, 0x45, 0x04, 0x45, 0x04, 0x45, 0x04, 0x45, 0x04,
  0x45, 0x04, 0x45, 0x04, 0x45, 0x04, 0x45, 0x04, 0x45, 0x04, 0x45, 0x04,
  0x45, 0x04, 0x45, 0x04, 0x45, 0x04, 0x45, 0x04, 0x45, 0x04, 0x45, 0x04,
  0x45, 0x04, 0x45, 0x04, 0x45, 0x04, 0x45, 0x04, 0x45, 0x04, 0x45, 0x04,
  0x45, 0x04, 0x45, 0x04, 0x45, 0x04, 0x45, 0x04, 0x45, 0x04, 0x45, 0x04,
  0x45, 0x04, 0x45, 0x04, 0x45, 0x04, 0x45, 0x04, 0x45, 0x04, 0x45, 0x04,
  0x45, 0x04, 0x45, 0x04, 0x45, 0x04, 0x45, 0x04, 0x45, 0x04, 0x45, 0x04,
  0x45, 0x04, 0x45, 0x04, 0x45, 0x04, 0x45, 0x04, 0x45, 0x04, 0x45, 0x04,
  0x45, 0x04, 0x45, 0x04, 0x45, 0x04, 0x45, 0x04, 0x45, 0x04, 0x45, 0x04,
  0x45, 0x04, 0x45, 0x04, 0x45, 0x04, 0x45, 0x04, 0x45, 0x04, 0x45, 0x04,
  0x45, 0x04, 0x45, 0x04, 0x45, 0x04, 0x45, 0x04, 0x45, 0x04, 0x45, 0x04,
  0x45, 0x04, 0x45, 0x04, 0x45, 0x04, 0x45, 0x04, 0x45, 0x04, 0x45, 0x04,
  0x45, 0x04, 0x45, 0x04, 0x45, 0x04, 0x45, 0x04, 0x45, 0x04, 0x45, 0x04,
  0x45, 0x04, 0x45, 0x04, 0x45, 0x04, 0x45, 0x04, 0x45, 0x04, 0x45, 0x04,
  0x45, 0x04, 0x45, 0x04, 0x45, 0x04, 0x45, 0x04, 0x45, 0x04, 0x45, 0x04,
  0x45, 0x04, 0x45, 0x04, 0x45, 0x04, 0x45, 0x04, 0x45, 0x04, 0x45, 0x04,
  0x45, 0x04, 0x45, 0x04, 0x45, 0x04, 0xa7, 0x14, 0xb4, 0x7f, 0xb4, 0x7f,
  0x94, 0x7f, 0x93, 0x7b, 0x11, 0x6b, 0xcf, 0x5e, 0x10, 0x6b, 0x52, 0x73,
  0x2d, 0x4a, 0x45, 0x04, 0x45, 0x04, 0x45, 0x04, 0x45, 0x04, 0x45, 0x04,
  0x45, 0x04, 0x45, 0x04, 0x45, 0x04, 0x45, 0x04, 0x45, 0x04, 0x45, 0x04,
  0x45, 0x04, 0x45, 0x04, 0x45, 0x04, 0x45, 0x04, 0x45, 0x04, 0x45, 0x04,
  0x45, 0x04, 0x45, 0x04, 0x45, 0x04, 0x45, 0x04, 0x45, 0x04, 0x45, 0x04,
  0x45, 0x04, 0x45, 0x04, 0x45, 0x04, 0x45, 0x04, 0x45, 0x04, 0x45, 0x04,
  0x45, 0x04, 0x45, 0x04, 0x45, 0x04, 0x45, 0x04, 0x45, 0x04, 0x45, 0x04,
  0x45, 0x04, 0x45, 0x04, 0x45, 0x04, 0x45, 0x04, 0x45, 0x04, 0x45, 0x04,
  0x45, 0x04, 0x45, 0x04, 0x45, 0x04, 0xfd, 0x4e, 0x45, 0x04, 0x45, 0x04,
  0x45, 0x04, 0x45, 0x04, 0x45, 0x04, 0x45, 0x04, 0x45, 0x04, 0x45, 0x04,
  0x45, 0x04, 0x45, 0x04, 0x45, 0x04, 0x45, 0x04, 0x45, 0x04, 0x45, 0x04,
  0x45, 0x04, 0x45, 0x04, 0x45, 0x04, 0x45, 0x04, 0x45, 0x04, 0x45, 0x04,
  0x45, 0x04, 0x45, 0x04, 0x45, 0x04, 0x45, 0x04, 0x45, 0x04, 0x45, 0x04,
  0x45, 0x04, 0x45, 0x04, 0x45, 0x04, 0x45, 0x04, 0x45, 0x04, 0x45, 0x04,
  0x45, 0x04, 0x45, 0x04, 0x45, 0x04, 0x45, 0x04, 0x45, 0x04, 0x45, 0x04,
  0x45, 0x04, 0x45, 0x04, 0x45, 0x04, 0x45, 0x04, 0x45, 0x04, 0x45, 0x04,
  0x45, 0x04, 0x45, 0x04, 0x45, 0x04, 0x45, 0x04, 0x45, 0x04, 0x45, 0x04,
  0x45, 0x04, 0x45, 0x04, 0x45, 0x04, 0x45, 0x04, 0x45, 0x04, 0x45, 0x04,
  0x45, 0x04, 0x45, 0x04, 0x45, 0x04, 0x45, 0x04, 0x45, 0x04, 0x45, 0x04,
  0x45, 0x04, 0x45, 0x04, 0x45, 0x04, 0x8b, 0x31, 0xb4, 0x7f, 0xb4, 0x7f,
  0x94, 0x7f, 0x93, 0x7b, 0x93, 0x7b, 0x52, 0x73, 0x72, 0x77, 0x52, 0x73,
  0xcc, 0x3d, 0x45, 0x04, 0x45, 0x04, 0x45, 0x04, 0x45, 0x04, 0x45, 0x04,
  0x45, 0x04, 0x45, 0x04, 0x45, 0x04, 0x45, 0x04, 0x45, 0x04, 0x45, 0x04,
  0x45, 0x04, 0x45, 0x04, 0x45, 0x04, 0x45, 0x04, 0x45, 0x04, 0x45, 0x04,
  0x45, 0x04, 0x45, 0x04, 0x45, 0x04, 0x45, 0x04, 0x45, 0x04, 0x45, 0x04,
  0x45, 0x04, 0x45, 0x04, 0x45, 0x04, 0x45, 0x04, 0x45, 0x04, 0x45, 0x04,
  0x45, 0x04, 0x97, 0x57, 0x45, 0x04, 0x45, 0x04, 0x45, 0x04, 0x45, 0x04,
  0x45, 0x04, 0x45, 0x04, 0x25, 0x04, 0x25, 0x04, 0x25, 0x04, 0x25, 0x04,
  0x25, 0x04, 0x25, 0x04, 0x25, 0x04, 0x25, 0x04, 0x25, 0x04, 0x25, 0x04,
  0x25, 0x04, 0x25, 0x04, 0x25, 0x04, 0x25, 0x04, 0x25, 0x04, 0x25, 0x04,
  0x25, 0x04, 0x25, 0x04, 0x25, 0x04, 0x25, 0x04, 0x25, 0x04, 0x25, 0x04,
  0x25, 0x04, 0x25, 0x04, 0x25, 0x04, 0x25, 0x04, 0x25, 0x04, 0x25, 0x04,
  0x25, 0x04, 0x25, 0x04, 0x25, 0x04, 0x25, 0x04, 0x25, 0x04, 0x25, 0x04,
  0x25, 0x04, 0x25, 0x04, 0x25, 0x04, 0x25, 0x04, 0x25, 0x04, 0x25, 0x04,
  0x25, 0x04, 0x45, 0x1c, 0x45, 0x1c, 0x25, 0x04, 0x25, 0x04, 0x25, 0x04,
  0x25, 0x04, 0x25, 0x04, 0x25, 0x04, 0x25, 0x04, 0x25, 0x04, 0x25, 0x04,
  0x25, 0x04, 0x25, 0x04, 0x25, 0x04, 0x25, 0x04, 0x25, 0x04, 0x25, 0x04,
  0x25, 0x04, 0x25, 0x04, 0x25, 0x04, 0x25, 0x04, 0x25, 0x04, 0x25, 0x04,
  0x25, 0x04, 0x25, 0x04, 0x25, 0x04, 0x25, 0x04, 0x25, 0x04, 0x25, 0x04,
  0x25, 0x04, 0x25, 0x04, 0x25, 0x04, 0x4e, 0x52, 0xb4, 0x7f, 0xb4, 0x7f,
  0x94, 0x7f, 0x93, 0x7b, 0x93, 0x7b, 0x73, 0x77, 0x72, 0x77, 0x52, 0x73,
  0xcc, 0x3d, 0x25, 0x04, 0x25, 0x04, 0x25, 0x04, 0x25, 0x04, 0x25, 0x04,
  0x25, 0x04, 0x25, 0x04, 0x25, 0x04, 0x25, 0x04, 0x25, 0x04, 0x25, 0x04,
  0x25, 0x04, 0x25, 0x04, 0x25, 0x04, 0x25, 0x04, 0x25, 0x04, 0x25, 0x04,
  0x25, 0x04, 0x25, 0x04, 0x25, 0x04, 0x25, 0x04, 0x25, 0x04, 0x25, 0x04,
  0x25, 0x04, 0x25, 0x04, 0x25, 0x04, 0x25, 0x04, 0x25, 0x04, 0x25, 0x04,
  0x25, 0x04, 0x25, 0x04, 0x25, 0x04, 0x25, 0x04, 0x25, 0x04, 0x25, 0x04,
  0x25, 0x04, 0x25, 0x04, 0x25, 0x04, 0x25, 0x04, 0x25, 0x04, 0x25, 0x04,
  0x25, 0x04, 0x25, 0x04, 0x25, 0x04, 0x25, 0x04, 0x25, 0x04, 0x25, 0x04,
  0x25, 0x04, 0x25, 0x04, 0x25, 0x04, 0x25, 0x04, 0x25, 0x04, 0x25, 0x04,
  0x25, 0x04, 0x25, 0x04, 0x25, 0x04, 0x25, 0x04, 0x25, 0x04, 0x25, 0x04,
  0x25, 0x04, 0x25, 0x04, 0x25, 0x04, 0x25, 0x04, 0x25, 0x04, 0x25, 0x04,
  0x25, 0x04, 0x25, 0x04, 0x25, 0x04, 0x25, 0x04, 0x25, 0x04, 0x25, 0x04,
  0x25, 0x04, 0x25, 0x04, 0x25, 0x04, 0x25, 0x04, 0x25, 0x04, 0x25, 0x04,
  0x25, 0x04, 0x86, 0x5c, 0x86, 0x5c, 0x25, 0x04, 0x25, 0x04, 0x25, 0x04,
  0x25, 0x04, 0x25, 0x04, 0x25, 0x04, 0x25, 0x04, 0x25, 0x04, 0x25, 0x04,
  0x25, 0x04, 0x25, 0x04, 0x25, 0x04, 0x25, 0x04, 0x25, 0x04, 0x25, 0x04,
  0x25, 0x04, 0x25, 0x04, 0x25, 0x04, 0x25, 0x04, 0x25, 0x04, 0x25, 0x04,
  0x25, 0x04, 0x25, 0x04, 0x25, 0x04, 0x25, 0x04, 0x25, 0x04, 0x25, 0x04,
  0x25, 0x04, 0x25, 0x04, 0x25, 0x04, 0xd0, 0x5e, 0xb4, 0x7f, 0xb4, 0x7f,
  0x94, 0x7f, 0x93, 0x7b, 0x93, 0x7b, 0x73, 0x77, 0x72, 0x77, 0x52, 0x73,
  0xcc, 0x3d, 0x25, 0x04, 0x25, 0x04, 0x25, 0x04, 0x25, 0x04, 0x25, 0x04,
  0x25, 0x04, 0x25, 0x04, 0x25, 0x04, 0x25, 0x04, 0x25, 0x04, 0x25, 0x04,
  0x25, 0x04, 0x25, 0x04, 0x25, 0x04, 0x25, 0x04, 0x25, 0x04, 0x25, 0x04,
  0x25, 0x04, 0x25, 0x04, 0x25, 0x04, 0x25, 0x04, 0x25, 0x04, 0x25, 0x04,
  0x25, 0x04, 0x25, 0x04, 0x25, 0x04, 0x25, 0x04, 0x25, 0x04, 0x25, 0x04,
  0x25, 0x04, 0x25, 0x04, 0x25, 0x04, 0x25, 0x04, 0x25, 0x04, 0x25, 0x04,
  0x25, 0x04, 0x25, 0x04, 0x25, 0x04, 0x25, 0x04, 0x25, 0x04, 0x25, 0x04,
  0x25, 0x04, 0x25, 0x04, 0x25, 0x04, 0x25, 0x04, 0x25, 0x04, 0x25, 0x04,
  0x25, 0x04, 0x25, 0x04, 0x25, 0x04, 0x25, 0x04, 0x25, 0x04, 0x25, 0x04,
  0x25, 0x04, 0x25, 0x04, 0x25, 0x04, 0x25, 0x04, 0x25, 0x04, 0x25, 0x04,
  0x25, 0x04, 0x25, 0x04, 0x25, 0x04, 0x25, 0x04, 0x25, 0x04, 0x25, 0x04,
  0x25, 0x04, 0x25, 0x04, 0x25, 0x04, 0x25, 0x04, 0x25, 0x04, 0x25, 0x04,
  0x25, 0x04, 0x25, 0x04, 0x25, 0x04, 0x25, 0x04, 0x25, 0x04, 0x25, 0x04,
  0x65, 0x34, 0xa6, 0x68, 0xa6, 0x68, 0x65, 0x34, 0x25, 0x04, 0x25, 0x04,
  0x25, 0x04, 0x25, 0x04, 0x25, 0x04, 0x25, 0x04, 0x25, 0x04, 0x25, 0x04,
  0x25, 0x04, 0x25, 0x04, 0x25, 0x04, 0x25, 0x04, 0x25, 0x04, 0x25, 0x04,
  0x25, 0x04, 0x25, 0x04, 0x25, 0x04, 0x25, 0x04, 0x25, 0x04, 0x25, 0x04,
  0x25, 0x04, 0x25, 0x04, 0x25, 0x04, 0x25, 0x04, 0x25, 0x04, 0x25, 0x04,
  0x25, 0x04, 0x25, 0x04, 0x25, 0x04, 0xb4, 0x7f, 0xb4, 0x7f, 0xb4, 0x7f,
  0x94, 0x7f, 0x93, 0x7b, 0x93, 0x7b, 0x73, 0x77, 0x72, 0x77, 0x52, 0x73,
  0x8f, 0x56, 0x25, 0x04, 0x25, 0x04, 0x25, 0x04, 0x25, 0x04, 0x25, 0x04,
  0x25, 0x04, 0x25, 0x04, 0x25, 0x04, 0x25, 0x04, 0x25, 0x04, 0x25, 0x04,
  0x25, 0x04, 0x25, 0x04, 0x25, 0x04, 0x25, 0x04, 0x25, 0x04, 0x25, 0x04,
  0x25, 0x04, 0x25, 0x04, 0x25, 0x04, 0x25, 0x04, 0x25, 0x04, 0x25, 0x04,
  0x25, 0x04, 0x25, 0x04, 0x25, 0x04, 0x25, 0x04, 0x25, 0x04, 0x25, 0x04,
  0x25, 0x04, 0x25, 0x04, 0x25, 0x04, 0x25, 0x04, 0x25, 0x04, 0x25, 0x04,
  0x25, 0x04, 0x25, 0x04, 0x25, 0x04, 0x25, 0x04, 0x25, 0x04, 0x25, 0x04,
  0x25, 0x04, 0x25, 0x04, 0x25, 0x04, 0x25, 0x04, 0x25, 0x04, 0x25, 0x04,
  0x25, 0x04, 0x25, 0x04, 0x25, 0x04, 0x25, 0x04, 0x25, 0x04, 0x25, 0x04,
  0x25, 0x04, 0x25, 0x04, 0x25, 0x04, 0x25, 0x04, 0x25, 0x04, 0x25, 0x04,
  0x25, 0x04, 0x25, 0x04, 0x25, 0x04, 0x25, 0x04, 0x25, 0x04, 0x25, 0x04,
  0x25, 0x04, 0x25, 0x04, 0x25, 0x04, 0x29, 0x35, 0x25, 0x04, 0x25, 0x04,
  0x25, 0x04, 0x25, 0x04, 0x25, 0x04, 0x25, 0x04, 0x25, 0x04, 0x45, 0x10,
  0x86, 0x60, 0xa6, 0x68, 0xa6, 0x68, 0x86, 0x60, 0x45, 0x10, 0x25, 0x04,
  0x25, 0x04, 0x25, 0x04, 0x25, 0x04, 0x25, 0x04, 0x25, 0x04, 0x25, 0x04,
  0x25, 0x04, 0x25, 0x04, 0x25, 0x04, 0x25, 0x04, 0x25, 0x04, 0x25, 0x04,
  0x25, 0x04, 0x25, 0x04, 0x25, 0x04, 0x25, 0x04, 0x25, 0x04, 0x25, 0x04,
  0x25, 0x04, 0x25, 0x04, 0x25, 0x04, 0x25, 0x04, 0x25, 0x04, 0x25, 0x04,
  0x25, 0x04, 0x25, 0x04, 0x25, 0x04, 0xb4, 0x7f, 0xb4, 0x7f, 0xb4, 0x7f,
  0x94, 0x7f, 0x93, 0x7b, 0x93, 0x7b, 0x73, 0x77, 0x72, 0x77, 0x52, 0x73,
  0xf0, 0x66, 0x25, 0x04, 0x25, 0x04, 0x25, 0x04, 0x25, 0x04, 0x25, 0x04,
  0x25, 0x04, 0x25, 0x04, 0x25, 0x04, 0x25, 0x04, 0x25, 0x04, 0x25, 0x04,
  0x25, 0x04, 0x25, 0x04, 0x25, 0x04, 0x25, 0x04, 0x25, 0x04, 0x25, 0x04,
  0x25, 0x04, 0x25, 0x04, 0x25, 0x04, 0x25, 0x04, 0x25, 0x04, 0x25, 0x04,
  0x25, 0x04, 0x25, 0x04, 0x25, 0x04, 0x25, 0x04, 0x25, 0x04, 0x25, 0x04,
  0x25, 0x04, 0x25, 0x04, 0x25, 0x04, 0x25, 0x04, 0x25, 0x04, 0x25, 0x04,
  0x25, 0x04, 0x25, 0x04, 0x25, 0x04, 0x25, 0x04, 0x25, 0x04, 0x25, 0x04,
  0x25, 0x04, 0x25, 0x04, 0x25, 0x04, 0x25, 0x04, 0x25, 0x04, 0x25, 0x04,
  0x25, 0x04, 0x25, 0x04, 0x25, 0x04, 0x25, 0x04, 0x25, 0x04, 0x25, 0x04,
  0x25, 0x04, 0x25, 0x04, 0x25, 0x04, 0x25, 0x04, 0x25, 0x04, 0x25, 0x04,
  0x25, 0x04, 0x25, 0x04, 0x25, 0x04, 0x25, 0x04, 0x25, 0x04, 0x25, 0x04,
  0x25, 0x04, 0x25, 0x04, 0x25, 0x04, 0x25, 0x04, 0x25, 0x04, 0x25, 0x04,
  0x25, 0x04, 0x25, 0x04, 0x25, 0x04, 0x25, 0x04, 0x25, 0x04, 0x86, 0x48,
  0xa6, 0x68, 0xa6, 0x68, 0xa6, 0x68, 0xa6, 0x68, 0x86, 0x48, 0x25, 0x04,
  0x25, 0x04, 0x25, 0x04, 0x25, 0x04, 0x25, 0x04, 0x25, 0x04, 0x25, 0x04,
  0x25, 0x04, 0x25, 0x04, 0x25, 0x04, 0x25, 0x04, 0x25, 0x04, 0x25, 0x04,
  0x25, 0x04, 0x25, 0x04, 0x25, 0x04, 0x25, 0x04, 0x25, 0x04, 0x25, 0x04,
  0x25, 0x04, 0x25, 0x04, 0x25, 0x04, 0x25, 0x04, 0x25, 0x04, 0x25, 0x04,
  0x25, 0x04, 0x25, 0x04, 0x25, 0x04, 0xb4, 0x7f, 0xb4, 0x7f, 0xb4, 0x7f,
  0x94, 0x7f, 0x93, 0x7b, 0x93, 0x7b, 0x72, 0x77, 0x10, 0x6b, 0x31, 0x6f,
  0x52, 0x73, 0x87, 0x10, 0x25, 0x04, 0x25, 0x04, 0x25, 0x04, 0x25, 0x04,
  0x25, 0x04, 0x25, 0x04, 0x25, 0x04, 0x25, 0x04, 0x25, 0x04, 0x25, 0x04,
  0x25, 0x04, 0x25, 0x04, 0x25, 0x04, 0x25, 0x04, 0x25, 0x04, 0x25, 0x04,
  0x25, 0x04, 0x25, 0x04, 0x25, 0x04, 0x25, 0x04, 0x25, 0x04, 0x25, 0x04,
  0x25, 0x04, 0x25, 0x04, 0x25, 0x04, 0x25, 0x04, 0x25, 0x04, 0x25, 0x04,
  0x25, 0x04, 0x25, 0x04, 0x25, 0x04, 0x25, 0x04, 0x25, 0x04, 0x25, 0x04,
  0x25, 0x04, 0x25, 0x04, 0x25, 0x04, 0x25, 0x04, 0x25, 0x04, 0x25, 0x04,
  0x25, 0x04, 0x25, 0x04, 0x25, 0x04, 0x25, 0x04, 0x25, 0x04, 0x25, 0x04,
  0x25, 0x04, 0x25, 0x04, 0x25, 0x04, 0x25, 0x04, 0x25, 0x04, 0x25, 0x04,
  0x25, 0x04, 0x25, 0x04, 0x25, 0x04, 0x25, 0x04, 0x25, 0x04, 0x25, 0x04,
  0x25, 0x04, 0x25, 0x04, 0x25, 0x04, 0x25, 0x04, 0x25, 0x04, 0x25, 0x04,
  0x25, 0x04, 0x25, 0x04, 0x25, 0x04, 0x25, 0x04, 0x25, 0x04, 0x25, 0x04,
  0x25, 0x04, 0x25, 0x04, 0x25, 0x04, 0x25, 0x04, 0x45, 0x1c, 0xa6, 0x68,
  0xa6, 0x68, 0xa6, 0x68, 0xa6, 0x68, 0xa6, 0x68, 0xa6, 0x68, 0x45, 0x1c,
  0x25, 0x04, 0x25, 0x04, 0x25, 0x04, 0x25, 0x04, 0x25, 0x04, 0x25, 0x04,
  0x25, 0x04, 0x25, 0x04, 0x25, 0x04, 0x25, 0x04, 0x25, 0x04, 0x25, 0x04,
  0x25, 0x04, 0x25, 0x04, 0x25, 0x04, 0x25, 0x04, 0x25, 0x04, 0x25, 0x04,
  0x25, 0x04, 0x25, 0x04, 0x25, 0x04, 0x25, 0x04, 0x25, 0x04, 0x25, 0x04,
  0x25, 0x04, 0x25, 0x04, 0x25, 0x04, 0xb4, 0x7f, 0xb4, 0x7f, 0xb4, 0x7f,
  0x94, 0x7f, 0x93, 0x7b, 0x72, 0x77, 0xcf, 0x62, 0xaf, 0x5e, 0xae, 0x5e,
  0x11, 0x6b, 0xcb, 0x39, 0x25, 0x04, 0x25, 0x04, 0x25, 0x04, 0x25, 0x04,
  0x25, 0x04, 0x25, 0x04, 0x25, 0x04, 0x25, 0x04, 0x25, 0x04, 0x25, 0x04,
  0x25, 0x04, 0x25, 0x04, 0x25, 0x04, 0x25, 0x04, 0x25, 0x04, 0x25, 0x04,
  0x25, 0x04, 0x25, 0x04, 0x25, 0x04, 0x25, 0x04, 0x25, 0x04, 0x25, 0x04,
  0x25, 0x04, 0x25, 0x04, 0x25, 0x04, 0x25, 0x04, 0x25, 0x04, 0x25, 0x04,
  0x25, 0x04, 0x25, 0x04, 0x25, 0x04, 0x25, 0x04, 0x25, 0x04, 0x25, 0x04,
  0x25, 0x04, 0x25, 0x04, 0x25, 0x04, 0x25, 0x04, 0x25, 0x04, 0x25, 0x04,
  0x25, 0x04, 0x25, 0x04, 0x25, 0x04, 0x25, 0x04, 0x25, 0x04, 0x25, 0x04,
  0x25, 0x04, 0x25, 0x04, 0x25, 0x04, 0x25, 0x04, 0x25, 0x04, 0x25, 0x04,
  0x25, 0x04, 0x25, 0x04, 0x25, 0x04, 0x25, 0x04, 0x25, 0x04, 0x25, 0x04,
  0x25, 0x04, 0x25, 0x04, 0x25, 0x04, 0x25, 0x04, 0x25, 0x04, 0x25, 0x04,
  0x25, 0x04, 0x25, 0x04, 0x25, 0x04, 0x25, 0x04, 0x25, 0x04, 0x25, 0x04,
  0x25, 0x04, 0x25, 0x04, 0x25, 0x04, 0x25, 0x04, 0x86, 0x54, 0xa6, 0x68,
  0xa6, 0x68, 0xa6, 0x68, 0xa6, 0x68, 0xa6, 0x68, 0xa6, 0x68, 0x86, 0x54,
  0x25, 0x04, 0x25, 0x04, 0x25, 0x04, 0x25, 0x04, 0x25, 0x04, 0x25, 0x04,
  0x25, 0x04, 0x25, 0x04, 0x25, 0x04, 0x25, 0x04, 0x25, 0x04, 0x25, 0x04,
  0x25, 0x04, 0x25, 0x04, 0x25, 0x04, 0x25, 0x04, 0x25, 0x04, 0x25, 0x04,
  0x25, 0x04, 0x25, 0x04, 0x25, 0x04, 0x25, 0x04, 0x25, 0x04, 0x25, 0x04,
  0x25, 0x04, 0x25, 0x04, 0x25, 0x04, 0xd0, 0x5e, 0xb4, 0x7f, 0xb4, 0x7f,
  0x94, 0x7f, 0x93, 0x7b, 0x51, 0x73, 0xcf, 0x5e, 0xaf, 0x5e, 0xae, 0x5e,
  0xcf, 0x62, 0xf0, 0x62, 0x25, 0x04, 0x25, 0x04, 0x25, 0x04, 0x25, 0x04,
  0x25, 0x04, 0x25, 0x04, 0x25, 0x04, 0x25, 0x04, 0x25, 0x04, 0x25, 0x04,
  0x25, 0x04, 0x25, 0x04, 0x25, 0x04, 0x25, 0x04, 0x25, 0x04, 0x25, 0x04,
  0x25, 0x04, 0x25, 0x04, 0x25, 0x04, 0x25, 0x04, 0x25, 0x04, 0x25, 0x04,
  0x25, 0x04, 0x25, 0x04, 0x25, 0x04, 0x25, 0x04, 0x25, 0x04, 0x25, 0x04,
  0x25, 0x04, 0x25, 0x04, 0x25, 0x04, 0x25, 0x04, 0x25, 0x04, 0x25, 0x04,
  0x25, 0x04, 0x25, 0x04, 0x25, 0x04, 0x25, 0x04, 0x25, 0x04, 0x25, 0x04,
  0x25, 0x04, 0x25, 0x04, 0x25, 0x04, 0x25, 0x04, 0x25, 0x04, 0x25, 0x04,
  0x25, 0x04, 0x25, 0x04, 0x25, 0x04, 0x25, 0x04, 0x25, 0x04, 0x25, 0x04,
  0x25, 0x04, 0x25, 0x04, 0x25, 0x04, 0x25, 0x04, 0x25, 0x04, 0x25, 0x04,
  0x25, 0x04, 0x25, 0x04, 0x25, 0x04, 0x25, 0x04, 0x25, 0x04, 0x25, 0x04,
  0x25, 0x04, 0x25, 0x04, 0x25, 0x04, 0x25, 0x04, 0x25, 0x04, 0x25, 0x04,
  0x25, 0x04, 0x25, 0x04, 0x25, 0x04, 0x65, 0x30, 0xa6, 0x68, 0xa6, 0x68,
  0xa6, 0x68, 0xa6, 0x68, 0xa6, 0x68, 0xa6, 0x68, 0xa6, 0x68, 0xa6, 0x68,
  0x65, 0x30, 0x25, 0x04, 0x25, 0x04, 0x25, 0x04, 0x25, 0x04, 0x25, 0x04,
  0x25, 0x04, 0x25, 0x04, 0x25, 0x04, 0x25, 0x04, 0x25, 0x04, 0x25, 0x04,
  0x25, 0x04, 0x25, 0x04, 0x25, 0x04, 0x25, 0x04, 0x25, 0x04, 0x25, 0x04,
  0x25, 0x04, 0x25, 0x04, 0x25, 0x04, 0x25, 0x04, 0x25, 0x04, 0x25, 0x04,
  0x25, 0x04, 0x25, 0x04, 0x25, 0x04, 0x4e, 0x52, 0xb4, 0x7f, 0xb4, 0x7f,
  0x94, 0x7f, 0x93, 0x7b, 0x72, 0x77, 0xcf, 0x5e, 0xaf, 0x5e, 0xae, 0x5e,
  0x10, 0x6b, 0x51, 0x73, 0x8a, 0x31, 0x25, 0x04, 0x25, 0x04, 0x25, 0x04,
  0x25, 0x04, 0x25, 0x04, 0x25, 0x04, 0x25, 0x04, 0x25, 0x04, 0x25, 0x04,
  0x25, 0x04, 0x25, 0x04, 0x25, 0x04, 0x25, 0x04, 0x25, 0x04, 0x25, 0x04,
  0x25, 0x04, 0x25, 0x04, 0x25, 0x04, 0x25, 0x04, 0x25, 0x04, 0x25, 0x04,
  0x25, 0x04, 0x25, 0x04, 0x25, 0x04, 0x25, 0x04, 0x25, 0x04, 0x25, 0x04,
  0x25, 0x04, 0x25, 0x04, 0x25, 0x04, 0x25, 0x04, 0x25, 0x04, 0x25, 0x04,
  0x25, 0x04, 0x25, 0x04, 0x25, 0x04, 0x25, 0x04, 0x25, 0x04, 0x25, 0x04,
  0x25, 0x04, 0x25, 0x04, 0x25, 0x04, 0x25, 0x04, 0x25, 0x04, 0x25, 0x04,
  0x25, 0x04, 0x25, 0x04, 0x25, 0x04, 0x25, 0x04, 0x25, 0x04, 0x25, 0x04,
  0x25, 0x04, 0x25, 0x04, 0x25, 0x04, 0x25, 0x04, 0x25, 0x04, 0x25, 0x04,
  0x25, 0x04, 0x25, 0x04, 0x25, 0x04, 0x25, 0x04, 0x25, 0x04, 0x25, 0x04,
  0x25, 0x04, 0x25, 0x04, 0x25, 0x04, 0x25, 0x04, 0x73, 0x76, 0x25, 0x04,
  0x25, 0x04, 0x25, 0x04, 0x45, 0x0c, 0x86, 0x60, 0xa6, 0x68, 0xa6, 0x68,
  0xa6, 0x68, 0xa6, 0x68, 0xa6, 0x68, 0xa6, 0x68, 0xa6, 0x68, 0xa6, 0x68,
  0x86, 0x60, 0x45, 0x0c, 0x25, 0x04, 0x25, 0x04, 0x25, 0x04, 0x25, 0x04,
  0x25, 0x04, 0x25, 0x04, 0x25, 0x04, 0x25, 0x04, 0x25, 0x04, 0x25, 0x04,
  0x25, 0x04, 0x25, 0x04, 0x25, 0x04, 0x25, 0x04, 0x25, 0x04, 0x25, 0x04,
  0x25, 0x04, 0x25, 0x04, 0x25, 0x04, 0x25, 0x04, 0x25, 0x04, 0x25, 0x04,
  0x25, 0x04, 0x25, 0x04, 0x25, 0x04, 0x8a, 0x31, 0xb4, 0x7f, 0xb4, 0x7f,
  0x94, 0x7f, 0x93, 0x7b, 0x93, 0x7b, 0x52, 0x73, 0x10, 0x6b, 0x11, 0x6b,
  0x52, 0x73, 0x51, 0x73, 0x10, 0x67, 0x86, 0x10, 0x25, 0x04, 0x25, 0x04,
  0x25, 0x04, 0x25, 0x04, 0x25, 0x04, 0x25, 0x04, 0x25, 0x04, 0x25, 0x04,
  0x25, 0x04, 0x25, 0x04, 0x25, 0x04, 0x25, 0x04, 0x25, 0x04, 0x25, 0x04,
  0x25, 0x04, 0x25, 0x04, 0x25, 0x04, 0x25, 0x04, 0x25, 0x04, 0x25, 0x04,
  0x25, 0x04, 0x25, 0x04, 0x25, 0x04, 0x25, 0x04, 0x25, 0x04, 0x25, 0x04,
  0x25, 0x04, 0x25, 0x04, 0x25, 0x04, 0x25, 0x04, 0x25, 0x04, 0x25, 0x04,
  0x25, 0x04, 0x25, 0x04, 0x25, 0x04, 0x25, 0x04, 0x25, 0x04, 0x25, 0x04,
  0x25, 0x04, 0x25, 0x04, 0x25, 0x04, 0x25, 0x04, 0x25, 0x04, 0x25, 0x04,
  0x25, 0x04, 0x25, 0x04, 0x25, 0x04, 0x25, 0x04, 0x25, 0x04, 0x25, 0x04,
  0x25, 0x04, 0x25, 0x04, 0x25, 0x04, 0x25, 0x04, 0x25, 0x04, 0x25, 0x04,
  0x25, 0x04, 0x25, 0x04, 0x25, 0x04, 0x25, 0x04, 0x25, 0x04, 0x25, 0x04,
  0x25, 0x04, 0x25, 0x04, 0x25, 0x04, 0x25, 0x04, 0x25, 0x04, 0x25, 0x04,
  0x25, 0x04, 0x25, 0x04, 0x65, 0x40, 0xa6, 0x68, 0xa6, 0x68, 0xa6, 0x68,
  0xa6, 0x68, 0xa6, 0x68, 0xa6, 0x68, 0xa6, 0x68, 0xa6, 0x68, 0xa6, 0x68,
  0xa6, 0x68, 0x65, 0x40, 0x25, 0x04, 0x25, 0x04, 0x25, 0x04, 0x25, 0x04,
  0x25, 0x04, 0x25, 0x04, 0x25, 0x04, 0x25, 0x04, 0x25, 0x04, 0x25, 0x04,
  0x25, 0x04, 0x25, 0x04, 0x25, 0x04, 0x25, 0x04, 0x25, 0x04, 0x25, 0x04,
  0x25, 0x04, 0x25, 0x04, 0x25, 0x04, 0x25, 0x04, 0x25, 0x04, 0x25, 0x04,
  0x25, 0x04, 0x25, 0x04, 0x25, 0x04, 0xa7, 0x14, 0xb4, 0x7f, 0xb4, 0x7f,
  0x94, 0x7f, 0x93, 0x7b, 0x93, 0x7b, 0x73, 0x77, 0x72, 0x77, 0x52, 0x73,
  0x52, 0x73, 0x51, 0x73, 0x31, 0x6f, 0x8f, 0x5a, 0x66, 0x0c, 0x25, 0x04,
  0x25, 0x04, 0x25, 0x04, 0x25, 0x04, 0x25, 0x04, 0x25, 0x04, 0x25, 0x04,
  0x25, 0x04, 0x25, 0x04, 0x25, 0x04, 0x25, 0x04, 0x25, 0x04, 0x25, 0x04,
  0x25, 0x04, 0x25, 0x04, 0x25, 0x04, 0x25, 0x04, 0x25, 0x04, 0x25, 0x04,
  0x25, 0x04, 0x25, 0x04, 0x25, 0x04, 0x25, 0x04, 0x25, 0x04, 0x25, 0x04,
  0x25, 0x04, 0x25, 0x04, 0x25, 0x04, 0x25, 0x04, 0x25, 0x04, 0x25, 0x04,
  0x25, 0x04, 0x25, 0x04, 0x25, 0x04, 0x25, 0x04, 0x25, 0x04, 0x25, 0x04,
  0x25, 0x04, 0x25, 0x04, 0x25, 0x04, 0x25, 0x04, 0x25, 0x04, 0x25, 0x04,
  0x25, 0x04, 0x25, 0x04, 0x25, 0x04, 0x25, 0x04, 0x25, 0x04, 0x25, 0x04,
  0x25, 0x04, 0x25, 0x04, 0x25, 0x04, 0x25, 0x04, 0x25, 0x04, 0x25, 0x04,
  0x25, 0x04, 0x25, 0x04, 0x25, 0x04, 0x25, 0x04, 0x25, 0x04, 0x25, 0x04,
  0x25, 0x04, 0x25, 0x04, 0x25, 0x04, 0x25, 0x04, 0x25, 0x04, 0x25, 0x04,
  0x25, 0x04, 0x45, 0x1c, 0xa6, 0x68, 0xa6, 0x68, 0xa6, 0x68, 0xa6, 0x68,
  0xa6, 0x68, 0xa6, 0x68, 0xa6, 0x68, 0xa6, 0x68, 0xa6, 0x68, 0xa6, 0x68,
  0xa6, 0x68, 0xa6, 0x68, 0x45, 0x1c, 0x25, 0x04, 0x25, 0x04, 0x25, 0x04,
  0x25, 0x04, 0x25, 0x04, 0x25, 0x04, 0x25, 0x04, 0x25, 0x04, 0x25, 0x04,
  0x25, 0x04, 0x25, 0x04, 0x25, 0x04, 0x25, 0x04, 0x25, 0x04, 0x25, 0x04,
  0x25, 0x04, 0x25, 0x04, 0x25, 0x04, 0x25, 0x04, 0x25, 0x04, 0x25, 0x04,
  0x25, 0x04, 0x25, 0x04, 0x25, 0x04, 0x25, 0x04, 0x8f, 0x56, 0xb4, 0x7f,
  0x94, 0x7f, 0x93, 0x7b, 0x93, 0x7b, 0x73, 0x77, 0x72, 0x77, 0x52, 0x73,
  0x52, 0x73, 0x51, 0x73, 0x31, 0x6f, 0x31, 0x6f, 0x0c, 0x46, 0x25, 0x04,
  0x25, 0x04, 0x25, 0x04, 0x25, 0x04, 0x25, 0x04, 0x25, 0x04, 0x25, 0x04,
  0x25, 0x04, 0x25, 0x04, 0x25, 0x04, 0x25, 0x04, 0x25, 0x04, 0x25, 0x04,
  0x25, 0x04, 0x25, 0x04, 0x25, 0x04, 0x25, 0x04, 0x25, 0x04, 0x25, 0x04,
  0x25, 0x04, 0x25, 0x04, 0x25, 0x04, 0x25, 0x04, 0x25, 0x04, 0x25, 0x04,
  0x25, 0x04, 0x25, 0x04, 0x25, 0x04, 0x25, 0x04, 0x25, 0x04, 0x25, 0x04,
  0x25, 0x04, 0x25, 0x04, 0x25, 0x04, 0x25, 0x04, 0x25, 0x04, 0x25, 0x04,
  0x25, 0x04, 0x25, 0x04, 0x25, 0x04, 0x25, 0x04, 0x25, 0x04, 0x25, 0x04,
  0x25, 0x04, 0x25, 0x04, 0x25, 0x04, 0x25, 0x04, 0x25, 0x04, 0x25, 0x04,
  0x25, 0x04, 0x25, 0x04, 0x25, 0x04, 0x25, 0x04, 0x25, 0x04, 0x25, 0x04,
  0x25, 0x04, 0x25, 0x04, 0x25, 0x04, 0x25, 0x04, 0x25, 0x04, 0x25, 0x04,
  0x25, 0x04, 0x25, 0x04, 0x25, 0x04, 0x25, 0x04, 0x25, 0x04, 0x25, 0x04,
  0x25, 0x04, 0x86, 0x50, 0xa6, 0x68, 0xa6, 0x68, 0xa6, 0x68, 0xa6, 0x68,
  0xa6, 0x68, 0xa6, 0x68, 0xa6, 0x68, 0xa6, 0x68, 0xa6, 0x68, 0xa6, 0x68,
  0xa6, 0x68, 0xa6, 0x68, 0x86, 0x50, 0x25, 0x04, 0x25, 0x04, 0x25, 0x04,
  0x25, 0x04, 0x25, 0x04, 0x25, 0x04, 0x25, 0x04, 0x25, 0x04, 0x25, 0x04,
  0x25, 0x04, 0x25, 0x04, 0x25, 0x04, 0x25, 0x04, 0x25, 0x04, 0x25, 0x04,
  0x25, 0x04, 0x25, 0x04, 0x25, 0x04, 0x25, 0x04, 0x25, 0x04, 0x25, 0x04,
  0x25, 0x04, 0x25, 0x04, 0x25, 0x04, 0x25, 0x04, 0x09, 0x21, 0xb4, 0x7f,
  0x94, 0x7f, 0x93, 0x7b, 0x93, 0x7b, 0x73, 0x77, 0x72, 0x77, 0x52, 0x73,
  0x52, 0x73, 0x51, 0x73, 0x31, 0x6f, 0x31, 0x6f, 0x11, 0x6b, 0x4d, 0x52,
  0x66, 0x08, 0x25, 0x04, 0x25, 0x04, 0x25, 0x04, 0x25, 0x04, 0x25, 0x04,
  0x25, 0x04, 0x25, 0x04, 0x25, 0x04, 0x25, 0x04, 0x25, 0x04, 0x25, 0x04,
  0x25, 0x04, 0x25, 0x04, 0x25, 0x04, 0x25, 0x04, 0x25, 0x04, 0x25, 0x04,
  0x25, 0x04, 0x25, 0x04, 0x25, 0x04, 0x25, 0x04, 0x25, 0x04, 0x25, 0x04,
  0x25, 0x04, 0x25, 0x04, 0x25, 0x04, 0x25, 0x04, 0x25, 0x04, 0x25, 0x04,
  0x25, 0x04, 0x25, 0x04, 0x25, 0x04, 0x25, 0x04, 0x25, 0x04, 0x25, 0x04,
  0x25, 0x04, 0x25, 0x04, 0x25, 0x04, 0x25, 0x04, 0x25, 0x04, 0x25, 0x04,
  0x25, 0x04, 0x25, 0x04, 0x25, 0x04, 0x25, 0x04, 0x25, 0x04, 0x25, 0x04,
  0x25, 0x04, 0x25, 0x04, 0x25, 0x04, 0x25, 0x04, 0x25, 0x04, 0x25, 0x04,
  0x25, 0x04, 0x25, 0x04, 0x25, 0x04, 0x25, 0x04, 0x25, 0x04, 0x25, 0x04,
  0x25, 0x04, 0x25, 0x04, 0x25, 0x04, 0x25, 0x04, 0x25, 0x04, 0x25, 0x04,
  0x87, 0x30, 0xa6, 0x68, 0xa6, 0x68, 0xa6, 0x68, 0xa6, 0x68, 0xa6, 0x68,
  0xa6, 0x68, 0xa6, 0x68, 0xa6, 0x68, 0xa6, 0x68, 0xa6, 0x68, 0xa6, 0x68,
  0xa6, 0x68, 0xa6, 0x68, 0xa6, 0x68, 0x86, 0x2c, 0x25, 0x04, 0x25, 0x04,
  0x25, 0x04, 0x25, 0x04, 0x25, 0x04, 0x25, 0x04, 0x25, 0x04, 0x25, 0x04,
  0x25, 0x04, 0x25, 0x04, 0x25, 0x04, 0x25, 0x04, 0x25, 0x04, 0x25, 0x04,
  0x25, 0x04, 0x25, 0x04, 0x25, 0x04, 0x25, 0x04, 0x25, 0x04, 0x25, 0x04,
  0x25, 0x04, 0x25, 0x04, 0x25, 0x04, 0x25, 0x04, 0x25, 0x04, 0xd0, 0x5e,
  0x94, 0x7f, 0x93, 0x7b, 0x93, 0x7b, 0x73, 0x77, 0x72, 0x77, 0x52, 0x73,
  0x52, 0x73, 0x51, 0x73, 0x11, 0x6b, 0x10, 0x6b, 0x11, 0x6b, 0x10, 0x6b,
  0xaf, 0x5a, 0xe8, 0x1c, 0x25, 0x04, 0x25, 0x04, 0x25, 0x04, 0x25, 0x04,
  0x25, 0x04, 0x25, 0x04, 0x25, 0x04, 0x25, 0x04, 0x25, 0x04, 0x25, 0x04,
  0x25, 0x04, 0x25, 0x04, 0x25, 0x04, 0x25, 0x04, 0x25, 0x04, 0x25, 0x04,
  0x25, 0x04, 0x25, 0x04, 0x25, 0x04, 0x25, 0x04, 0x25, 0x04, 0x25, 0x04,
  0x25, 0x04, 0x25, 0x04, 0x25, 0x04, 0x25, 0x04, 0x25, 0x04, 0x25, 0x04,
  0x25, 0x04, 0x25, 0x04, 0x25, 0x04, 0x25, 0x04, 0x25, 0x04, 0x25, 0x04,
  0x25, 0x04, 0x25, 0x04, 0x25, 0x04, 0x25, 0x04, 0x25, 0x04, 0x25, 0x04,
  0x25, 0x04, 0x25, 0x04, 0x25, 0x04, 0x25, 0x04, 0x25, 0x04, 0x25, 0x04,
  0x25, 0x04, 0x25, 0x04, 0x25, 0x04, 0x25, 0x04, 0x25, 0x04, 0x25, 0x04,
  0x25, 0x04, 0x25, 0x04, 0x25, 0x04, 0x25, 0x04, 0x25, 0x04, 0x25, 0x04,
  0x25, 0x04, 0x25, 0x04, 0x25, 0x04, 0x25, 0x04, 0x25, 0x04, 0xb0, 0x39,
  0xc7, 0x68, 0xa6, 0x68, 0xa6, 0x68, 0xa6, 0x68, 0xa6, 0x68, 0xa6, 0x68,
  0xa6, 0x68, 0xa6, 0x68, 0xa6, 0x68, 0xa6, 0x68, 0xa6, 0x68, 0xa6, 0x68,
  0xa6, 0x68, 0xa6, 0x68, 0xa6, 0x68, 0xa7, 0x64, 0x0a, 0x25, 0x25, 0x04,
  0x25, 0x04, 0x25, 0x04, 0x25, 0x04, 0x25, 0x04, 0x25, 0x04, 0x25, 0x04,
  0x25, 0x04, 0x25, 0x04, 0x25, 0x04, 0x25, 0x04, 0x25, 0x04, 0x25, 0x04,
  0x25, 0x04, 0x25, 0x04, 0x25, 0x04, 0x25, 0x04, 0x25, 0x04, 0x25, 0x04,
  0x25, 0x04, 0x25, 0x04, 0x25, 0x04, 0x25, 0x04, 0x25, 0x04, 0xa7, 0x14,
  0x73, 0x77, 0x93, 0x7b, 0x93, 0x7b, 0x73, 0x77, 0x72, 0x77, 0x52, 0x73,
  0x52, 0x73, 0xf0, 0x66, 0x8e, 0x5a, 0x8d, 0x56, 0xf0, 0x66, 0x10, 0x6b,
  0xf0, 0x66, 0xf0, 0x66, 0x2d, 0x4e, 0xe7, 0x1c, 0x25, 0x04, 0x25, 0x04,
  0x25, 0x04, 0x25, 0x04, 0x25, 0x04, 0x25, 0x04, 0x25, 0x04, 0x25, 0x04,
  0x25, 0x04, 0x25, 0x04, 0x66, 0x0c, 0x49, 0x2d, 0x66, 0x0c, 0x25, 0x04,
  0x25, 0x04, 0x25, 0x04, 0x25, 0x04, 0x25, 0x04, 0x25, 0x04, 0x25, 0x04,
  0x25, 0x04, 0x25, 0x04, 0x25, 0x04, 0x25, 0x04, 0x25, 0x04, 0x25, 0x04,
  0x25, 0x04, 0x25, 0x04, 0x25, 0x04, 0x25, 0x04, 0x25, 0x04, 0x25, 0x04,
  0x25, 0x04, 0x25, 0x04, 0x25, 0x04, 0x25, 0x04, 0x25, 0x04, 0x25, 0x04,
  0x25, 0x04, 0x25, 0x04, 0x25, 0x04, 0x25, 0x04, 0x25, 0x04, 0x25, 0x04,
  0x25, 0x04, 0x25, 0x04, 0x25, 0x04, 0x25, 0x04, 0x25, 0x04, 0x25, 0x04,
  0x25, 0x04, 0x25, 0x04, 0x25, 0x04, 0x25, 0x04, 0x25, 0x04, 0x25, 0x04,
  0x25, 0x04, 0x25, 0x04, 0x25, 0x04, 0x25, 0x04, 0xa8, 0x10, 0xf0, 0x6d,
  0xa6, 0x68, 0xa6, 0x68, 0xa6, 0x68, 0xa6, 0x68, 0xa6, 0x68, 0xa6, 0x68,
  0xa6, 0x68, 0xa6, 0x68, 0xa6, 0x68, 0xa6, 0x68, 0xa6, 0x68, 0xa6, 0x68,
  0xa6, 0x68, 0xa6, 0x68, 0xa6, 0x68, 0xa6, 0x68, 0x4b, 0x59, 0x66, 0x0c,
  0x25, 0x04, 0x25, 0x04, 0x25, 0x04, 0x25, 0x04, 0x25, 0x04, 0x25, 0x04,
  0x25, 0x04, 0x25, 0x04, 0x25, 0x04, 0x25, 0x04, 0x25, 0x04, 0x25, 0x04,
  0x25, 0x04, 0x25, 0x04, 0x25, 0x04, 0x25, 0x04, 0x25, 0x04, 0x25, 0x04,
  0x25, 0x04, 0x25, 0x04, 0x25, 0x04, 0x25, 0x04, 0x25, 0x04, 0x25, 0x04,
  0x6a, 0x31, 0x93, 0x7b, 0x93, 0x7b, 0x73, 0x77, 0x72, 0x77, 0x52, 0x73,
  0x52, 0x73, 0xef, 0x62, 0x8e, 0x5a, 0x8d, 0x56, 0xcf, 0x62, 0x10, 0x6b,
  0xf0, 0x66, 0xf0, 0x66, 0xef, 0x62, 0xcf, 0x62, 0x6e, 0x56, 0xaa, 0x35,
  0x28, 0x25, 0xc7, 0x18, 0xa6, 0x14, 0x86, 0x0c, 0xc7, 0x18, 0xe7, 0x1c,
  0x49, 0x29, 0xeb, 0x41, 0x2c, 0x4e, 0xe7, 0x1c, 0x25, 0x04, 0x25, 0x04,
  0x25, 0x04, 0x25, 0x04, 0x25, 0x04, 0x25, 0x04, 0x25, 0x04, 0x25, 0x04,
  0x25, 0x04, 0x25, 0x04, 0x25, 0x04, 0x25, 0x04, 0x25, 0x04, 0x25, 0x04,
  0x25, 0x04, 0x25, 0x04, 0x25, 0x04, 0x25, 0x04, 0x25, 0x04, 0x25, 0x04,
  0x25, 0x04, 0x25, 0x04, 0x25, 0x04, 0x25, 0x04, 0x25, 0x04, 0x25, 0x04,
  0x25, 0x04, 0x25, 0x04, 0x25, 0x04, 0x25, 0x04, 0x25, 0x04, 0x25, 0x04,
  0x25, 0x04, 0x25, 0x04, 0x25, 0x04, 0x25, 0x04, 0x25, 0x04, 0x25, 0x04,
  0x25, 0x04, 0x25, 0x04, 0x25, 0x04, 0x25, 0x04, 0x25, 0x04, 0x25, 0x04,
  0x25, 0x04, 0x25, 0x04, 0x25, 0x04, 0x25, 0x04, 0x6d, 0x39, 0xa6, 0x68,
  0xa6, 0x68, 0xa6, 0x68, 0xa6, 0x68, 0xa6, 0x68, 0xa6, 0x68, 0xa6, 0x68,
  0xa6, 0x68, 0xa6, 0x68, 0xa6, 0x68, 0xa6, 0x68, 0xa6, 0x68, 0xa6, 0x68,
  0xa6, 0x68, 0xa6, 0x68, 0xa6, 0x68, 0xa6, 0x68, 0xa6, 0x68, 0xe9, 0x28,
  0x25, 0x04, 0x25, 0x04, 0x25, 0x04, 0x25, 0x04, 0x25, 0x04, 0x25, 0x04,
  0x25, 0x04, 0x25, 0x04, 0x25, 0x04, 0x25, 0x04, 0x25, 0x04, 0x25, 0x04,
  0x25, 0x04, 0x25, 0x04, 0x25, 0x04, 0x25, 0x04, 0x25, 0x04, 0x25, 0x04,
  0x25, 0x04, 0x25, 0x04, 0x25, 0x04, 0x25, 0x04, 0x25, 0x04, 0x25, 0x04,
  0x25, 0x04, 0x0d, 0x46, 0x93, 0x7b, 0x73, 0x77, 0x72, 0x77, 0x52, 0x73,
  0x52, 0x73, 0x31, 0x6f, 0xcf, 0x5e, 0xcf, 0x5e, 0x11, 0x6b, 0x10, 0x6b,
  0xf0, 0x66, 0xf0, 0x66, 0xef, 0x62, 0xcf, 0x62, 0xcf, 0x5e, 0xaf, 0x5e,
  0xae, 0x5a, 0x8e, 0x5a, 0x8e, 0x5a, 0x8d, 0x56, 0x6d, 0x56, 0x6d, 0x52,
  0x4c, 0x52, 0x4c, 0x4e, 0x49, 0x2d, 0x25, 0x04, 0x25, 0x04, 0x25, 0x04,
  0x25, 0x04, 0x25, 0x04, 0x25, 0x04, 0x25, 0x04, 0x25, 0x04, 0x25, 0x04,
  0x25, 0x04, 0x25, 0x04, 0x25, 0x04, 0x25, 0x04, 0x25, 0x04, 0x25, 0x04,
  0x25, 0x04, 0x25, 0x04, 0x25, 0x04, 0x25, 0x04, 0x25, 0x04, 0x25, 0x04,
  0x25, 0x04, 0x25, 0x04, 0x25, 0x04, 0x25, 0x04, 0x25, 0x04, 0x25, 0x04,
  0x25, 0x04, 0x25, 0x04, 0x25, 0x04, 0x25, 0x04, 0x25, 0x04, 0x25, 0x04,
  0x25, 0x04, 0x25, 0x04, 0x25, 0x04, 0x25, 0x04, 0x25, 0x04, 0x25, 0x04,
  0x25, 0x04, 0x25, 0x04, 0x25, 0x04, 0x25, 0x04, 0x25, 0x04, 0x25, 0x04,
  0x25, 0x04, 0x25, 0x04, 0x25, 0x04, 0x25, 0x04, 0xc8, 0x38, 0xa6, 0x68,
  0xa6, 0x68, 0xa6, 0x68, 0xa6, 0x68, 0xa6, 0x68, 0xa6, 0x68, 0xa6, 0x68,
  0xa6, 0x68, 0xa6, 0x68, 0xa6, 0x68, 0xa6, 0x68, 0xa6, 0x68, 0xa6, 0x68,
  0xa6, 0x68, 0xa6, 0x68, 0xa6, 0x68, 0xa6, 0x68, 0xa6, 0x68, 0x87, 0x30,
  0x25, 0x04, 0x25, 0x04, 0x25, 0x04, 0x25, 0x04, 0x25, 0x04, 0x25, 0x04,
  0x25, 0x04, 0x25, 0x04, 0x25, 0x04, 0x25, 0x04, 0x25, 0x04, 0x25, 0x04,
  0x25, 0x04, 0x25, 0x04, 0x25, 0x04, 0x25, 0x04, 0x25, 0x04, 0x25, 0x04,
  0x25, 0x04, 0x25, 0x04, 0x25, 0x04, 0x25, 0x04, 0x25, 0x04, 0x25, 0x04,
  0x25, 0x04, 0x25, 0x04, 0x0d, 0x46, 0x73, 0x77, 0x72, 0x77, 0x52, 0x73,
  0x52, 0x73, 0x51, 0x73, 0x31, 0x6f, 0x31, 0x6f, 0x11, 0x6b, 0x10, 0x6b,
  0xf0, 0x66, 0xf0, 0x66, 0xef, 0x62, 0xcf, 0x62, 0xcf, 0x5e, 0xaf, 0x5e,
  0xae, 0x5a, 0x8e, 0x5a, 0x8e, 0x5a, 0x8d, 0x56, 0x6d, 0x56, 0x6d, 0x52,
  0x4c, 0x52, 0x69, 0x2d, 0x25, 0x04, 0x25, 0x04, 0x25, 0x04, 0x25, 0x04,
  0x25, 0x04, 0x25, 0x04, 0x25, 0x04, 0x25, 0x04, 0x25, 0x04, 0x25, 0x04,
  0x25, 0x04, 0x25, 0x04, 0x25, 0x04, 0x25, 0x04, 0x25, 0x04, 0x25, 0x04,
  0x25, 0x04, 0x25, 0x04, 0x25, 0x04, 0x25, 0x04, 0x25, 0x04, 0x25, 0x04,
  0x25, 0x04, 0x25, 0x04, 0x25, 0x04, 0x25, 0x04, 0x25, 0x04, 0x25, 0x04,
  0x25, 0x04, 0x25, 0x04, 0x25, 0x04, 0x25, 0x04, 0x25, 0x04, 0x25, 0x04,
  0x25, 0x04, 0x25, 0x04, 0x25, 0x04, 0x25, 0x04, 0x25, 0x04, 0x25, 0x04,
  0x25, 0x04, 0x25, 0x04, 0x25, 0x04, 0x25, 0x04, 0x25, 0x04, 0x25, 0x04,
  0x25, 0x04, 0x25, 0x04, 0x25, 0x04, 0x25, 0x04, 0xf1, 0x3d, 0x5a, 0x73,
  0x53, 0x6e, 0xae, 0x69, 0x4b, 0x69, 0xc7, 0x68, 0xa6, 0x68, 0xa6, 0x68,
  0xa6, 0x68, 0xa6, 0x68, 0xa6, 0x68, 0xa6, 0x68, 0xa6, 0x68, 0xa6, 0x68,
  0xa7, 0x64, 0x09, 0x61, 0x4b, 0x5d, 0x8d, 0x55, 0xf0, 0x49, 0x2b, 0x21,
  0x25, 0x04, 0x25, 0x04, 0x25, 0x04, 0x25, 0x04, 0x25, 0x04, 0x25, 0x04,
  0x25, 0x04, 0x25, 0x04, 0x25, 0x04, 0x25, 0x04, 0x25, 0x04, 0x25, 0x04,
  0x25, 0x04, 0x25, 0x04, 0x25, 0x04, 0x25, 0x04, 0x25, 0x04, 0x25, 0x04,
  0x25, 0x04, 0x25, 0x04, 0x25, 0x04, 0x25, 0x04, 0x25, 0x04, 0x25, 0x04,
  0x25, 0x04, 0x25, 0x04, 0x25, 0x04, 0x6a, 0x31, 0x31, 0x6f, 0x52, 0x73,
  0x52, 0x73, 0x51, 0x73, 0x31, 0x6f, 0x31, 0x6f, 0x11, 0x6b, 0x10, 0x6b,
  0xf0, 0x66, 0xf0, 0x66, 0xef, 0x62, 0xcf, 0x62, 0xcf, 0x5e, 0xaf, 0x5e,
  0xae, 0x5a, 0x8e, 0x5a, 0x8e, 0x5a, 0x8d, 0x56, 0x6d, 0x56, 0x4c, 0x4e,
  0x08, 0x21, 0x25, 0x04, 0x25, 0x04, 0x25, 0x04, 0x25, 0x04, 0x25, 0x04,
  0x25, 0x04, 0x25, 0x04, 0x25, 0x04, 0x25, 0x04, 0x25, 0x04, 0x25, 0x04,
  0x25, 0x04, 0x25, 0x04, 0x25, 0x04, 0x25, 0x04, 0x25, 0x04, 0x25, 0x04,
  0x25, 0x04, 0x25, 0x04, 0x25, 0x04, 0x25, 0x04, 0x25, 0x04, 0x25, 0x04,
  0x25, 0x04, 0x25, 0x04, 0x25, 0x04, 0x25, 0x04, 0x25, 0x04, 0x25, 0x04,
  0x25, 0x04, 0x25, 0x04, 0x25, 0x04, 0x25, 0x04, 0x25, 0x04, 0x25, 0x04,
  0x25, 0x04, 0x25, 0x04, 0x25, 0x04, 0x25, 0x04, 0x25, 0x04, 0x25, 0x04,
  0x25, 0x04, 0x25, 0x04, 0x25, 0x04, 0x25, 0x04, 0x25, 0x04, 0x25, 0x04,
  0x25, 0x04, 0x25, 0x04, 0x25, 0x04, 0x25, 0x04, 0xf1, 0x3d, 0xbd, 0x73,
  0x9d, 0x6f, 0x7c, 0x6f, 0x5b, 0x6b, 0x5b, 0x67, 0x3a, 0x67, 0x19, 0x63,
  0x18, 0x5f, 0x94, 0x5e, 0x74, 0x5e, 0xd6, 0x56, 0xb6, 0x56, 0x95, 0x52,
  0x74, 0x4e, 0x73, 0x4e, 0x53, 0x4a, 0x32, 0x46, 0x31, 0x42, 0x2b, 0x21,
  0x25, 0x04, 0x25, 0x04, 0x25, 0x04, 0x25, 0x04, 0x25, 0x04, 0x25, 0x04,
  0x25, 0x04, 0x25, 0x04, 0x25, 0x04, 0x25, 0x04, 0x25, 0x04, 0x25, 0x04,
  0x25, 0x04, 0x25, 0x04, 0x25, 0x04, 0x25, 0x04, 0x25, 0x04, 0x25, 0x04,
  0x25, 0x04, 0x25, 0x04, 0x25, 0x04, 0x25, 0x04, 0x25, 0x04, 0x25, 0x04,
  0x25, 0x04, 0x25, 0x04, 0x25, 0x04, 0x25, 0x04, 0x86, 0x10, 0x8f, 0x5a,
  0x52, 0x73, 0x51, 0x73, 0x31, 0x6f, 0x31, 0x6f, 0x11, 0x6b, 0x10, 0x6b,
  0xf0, 0x66, 0xf0, 0x66, 0xef, 0x62, 0xcf, 0x62, 0xcf, 0x5e, 0xaf, 0x5e,
  0xae, 0x5a, 0x8e, 0x5a, 0x8e, 0x5a, 0x8d, 0x56, 0xeb, 0x41, 0x66, 0x0c,
  0x25, 0x04, 0x25, 0x04, 0x25, 0x04, 0x25, 0x04, 0x25, 0x04, 0x25, 0x04,
  0x25, 0x04, 0x25, 0x04, 0x25, 0x04, 0x25, 0x04, 0x25, 0x04, 0x25, 0x04,
  0x25, 0x04, 0x25, 0x04, 0x25, 0x04, 0x25, 0x04, 0x25, 0x04, 0x25, 0x04,
  0x25, 0x04, 0x25, 0x04, 0x25, 0x04, 0x25, 0x04, 0x25, 0x04, 0x25, 0x04,
  0x25, 0x04, 0x25, 0x04, 0x25, 0x04, 0x25, 0x04, 0x25, 0x04, 0x25, 0x04,
  0x25, 0x04, 0x25, 0x04, 0x25, 0x04, 0x25, 0x04, 0x25, 0x04, 0x25, 0x04,
  0x25, 0x04, 0x25, 0x04, 0x25, 0x04, 0x25, 0x04, 0x25, 0x04, 0x25, 0x04,
  0x25, 0x04, 0x25, 0x04, 0x25, 0x04, 0x25, 0x04, 0x25, 0x04, 0x25, 0x04,
  0x25, 0x04, 0x25, 0x04, 0x25, 0x04, 0x25, 0x04, 0xf1, 0x3d, 0xbd, 0x73,
  0x9d, 0x6f, 0x7c, 0x6f, 0x5b, 0x6b, 0x5b, 0x67, 0x3a, 0x67, 0x19, 0x63,
  0x18, 0x5f, 0xf8, 0x5e, 0xd7, 0x5a, 0xd6, 0x56, 0xb6, 0x56, 0x95, 0x52,
  0x74, 0x4e, 0x73, 0x4e, 0x53, 0x4a, 0x32, 0x46, 0x31, 0x42, 0x2b, 0x21,
  0x25, 0x04, 0x25, 0x04, 0x25, 0x04, 0x25, 0x04, 0x25, 0x04, 0x25, 0x04,
  0x25, 0x04, 0x25, 0x04, 0x25, 0x04, 0x25, 0x04, 0x25, 0x04, 0x25, 0x04,
  0x25, 0x04, 0x25, 0x04, 0x25, 0x04, 0x25, 0x04, 0x25, 0x04, 0x25, 0x04,
  0x25, 0x04, 0x25, 0x04, 0x25, 0x04, 0x25, 0x04, 0x25, 0x04, 0x25, 0x04,
  0x25, 0x04, 0x25, 0x04, 0x25, 0x04, 0x25, 0x04, 0x25, 0x04, 0x25, 0x04,
  0xe8, 0x20, 0x4d, 0x4e, 0x31, 0x6f, 0x31, 0x6f, 0x11, 0x6b, 0x10, 0x6b,
  0xf0, 0x66, 0xf0, 0x66, 0xef, 0x62, 0xcf, 0x62, 0xcf, 0x5e, 0xaf, 0x5e,
  0xae, 0x5a, 0x8e, 0x5a, 0xcb, 0x3d, 0xc7, 0x18, 0x25, 0x04, 0x25, 0x04,
  0x25, 0x04, 0x25, 0x04, 0x25, 0x04, 0x25, 0x04, 0x25, 0x04, 0x25, 0x04,
  0x25, 0x04, 0x25, 0x04, 0x25, 0x04, 0x25, 0x04, 0x25, 0x04, 0x25, 0x04,
  0x25, 0x04, 0x25, 0x04, 0x25, 0x04, 0x25, 0x04, 0x25, 0x04, 0x25, 0x04,
  0x25, 0x04, 0x25, 0x04, 0x25, 0x04, 0x25, 0x04, 0x25, 0x04, 0x25, 0x04,
  0x25, 0x04, 0x25, 0x04, 0x25, 0x04, 0x25, 0x04, 0x25, 0x04, 0x25, 0x04,
  0x25, 0x04, 0x25, 0x04, 0x25, 0x04, 0x25, 0x04, 0x25, 0x04, 0x25, 0x04,
  0x25, 0x04, 0x25, 0x04, 0x25, 0x04, 0x25, 0x04, 0x25, 0x04, 0x25, 0x04,
  0x25, 0x04, 0x25, 0x04, 0x25, 0x04, 0x25, 0x04, 0x25, 0x04, 0x25, 0x04,
  0x25, 0x04, 0x25, 0x04, 0x25, 0x04, 0x25, 0x04, 0xf1, 0x3d, 0xbd, 0x73,
  0x9d, 0x6f, 0x7c, 0x6f, 0x5b, 0x6b, 0x5b, 0x67, 0x3a, 0x67, 0x19, 0x63,
  0x18, 0x5f, 0xf8, 0x5e, 0xd7, 0x5a, 0xd6, 0x56, 0xb6, 0x56, 0x95, 0x52,
  0x74, 0x4e, 0x73, 0x4e, 0x53, 0x4a, 0x32, 0x46, 0x31, 0x42, 0x2b, 0x21,
  0x25, 0x04, 0x25, 0x04, 0x25, 0x04, 0x25, 0x04, 0x25, 0x04, 0x25, 0x04,
  0x25, 0x04, 0x25, 0x04, 0x25, 0x04, 0x25, 0x04, 0x25, 0x04, 0x25, 0x04,
  0x25, 0x04, 0x25, 0x04, 0x25, 0x04, 0x25, 0x04, 0x25, 0x04, 0x25, 0x04,
  0x25, 0x04, 0x25, 0x04, 0x25, 0x04, 0x25, 0x04, 0x25, 0x04, 0x25, 0x04,
  0x25, 0x04, 0x25, 0x04, 0x25, 0x04, 0x25, 0x04, 0x25, 0x04, 0x25, 0x04,
  0x25, 0x04, 0x25, 0x04, 0x86, 0x10, 0x49, 0x2d, 0x0c, 0x46, 0x4d, 0x4e,
  0xf0, 0x66, 0xf0, 0x66, 0xef, 0x62, 0xcf, 0x62, 0x2c, 0x4a, 0xcb, 0x3d,
  0x28, 0x25, 0x86, 0x10, 0x25, 0x04, 0x25, 0x04, 0x25, 0x04, 0x25, 0x04,
  0x25, 0x04, 0x25, 0x04, 0x25, 0x04, 0x25, 0x04, 0x25, 0x04, 0x25, 0x04,
  0x25, 0x04, 0x25, 0x04, 0x25, 0x04, 0x25, 0x04, 0x25, 0x04, 0x25, 0x04,
  0x25, 0x04, 0x25, 0x04, 0x25, 0x04, 0x25, 0x04, 0x25, 0x04, 0x25, 0x04,
  0x25, 0x04, 0x25, 0x04, 0x24, 0x04, 0x24, 0x04, 0x24, 0x04, 0x24, 0x04,
  0x24, 0x04, 0x24, 0x04, 0x24, 0x04, 0x24, 0x04, 0x24, 0x04, 0x24, 0x04,
  0x24, 0x04, 0x24, 0x04, 0x24, 0x04, 0x24, 0x04, 0x24, 0x04, 0x24, 0x04,
  0x24, 0x04, 0x24, 0x04, 0x24, 0x04, 0x24, 0x04, 0x24, 0x04, 0x24, 0x04,
  0x24, 0x04, 0x24, 0x04, 0x24, 0x04, 0x24, 0x04, 0x24, 0x04, 0x24, 0x04,
  0x24, 0x04, 0x24, 0x04, 0x24, 0x04, 0x24, 0x04, 0xf1, 0x3d, 0xbd, 0x73,
  0x9d, 0x6f, 0x7c, 0x6f, 0x5b, 0x6b, 0x5b, 0x67, 0x3a, 0x67, 0x19, 0x63,
  0x18, 0x5f, 0xf8, 0x5e, 0xd7, 0x5a, 0xd6, 0x56, 0xb6, 0x56, 0x95, 0x52,
  0x74, 0x4e, 0x73, 0x4e, 0x53, 0x4a, 0x32, 0x46, 0x31, 0x42, 0x2b, 0x21,
  0x24, 0x04, 0x24, 0x04, 0x24, 0x04, 0x24, 0x04, 0x24, 0x04, 0x24, 0x04,
  0x24, 0x04, 0x24, 0x04, 0x24, 0x04, 0x24, 0x04, 0x24, 0x04, 0x24, 0x04,
  0x24, 0x04, 0x24, 0x04, 0x24, 0x04, 0x24, 0x04, 0x24, 0x04, 0x24, 0x04,
  0x24, 0x04, 0x24, 0x04, 0x24, 0x04, 0x24, 0x04, 0x24, 0x04, 0x24, 0x04,
  0x24, 0x04, 0x24, 0x04, 0x24, 0x04, 0x24, 0x04, 0x24, 0x04, 0x24, 0x04,
  0x24, 0x04, 0x24, 0x04, 0x24, 0x04, 0x24, 0x04, 0x24, 0x04, 0x24, 0x04,
  0x24, 0x04, 0x24, 0x04, 0x24, 0x04, 0x24, 0x04, 0x24, 0x04, 0x24, 0x04,
  0x24, 0x04, 0x24, 0x04, 0x24, 0x04, 0x24, 0x04, 0x24, 0x04, 0x24, 0x04,
  0x24, 0x04, 0x24, 0x04, 0x24, 0x04, 0x24, 0x04, 0x24, 0x04, 0x24, 0x04,
  0x24, 0x04, 0x24, 0x04, 0x24, 0x04, 0x24, 0x04, 0x24, 0x04, 0x24, 0x04,
  0x24, 0x04, 0x24, 0x04, 0x24, 0x04, 0x24, 0x04, 0x24, 0x04, 0x24, 0x04,
  0x24, 0x04, 0x24, 0x04, 0x24, 0x04, 0x24, 0x04, 0x24, 0x04, 0x24, 0x04,
  0x24, 0x04, 0x24, 0x04, 0x24, 0x04, 0x24, 0x04, 0x24, 0x04, 0x24, 0x04,
  0x24, 0x04, 0x24, 0x04, 0x24, 0x04, 0x24, 0x04, 0x24, 0x04, 0x24, 0x04,
  0xcb, 0x3d, 0x24, 0x04, 0x24, 0x04, 0x24, 0x04, 0x24, 0x04, 0x24, 0x04,
  0x24, 0x04, 0x24, 0x04, 0x24, 0x04, 0x24, 0x04, 0x24, 0x04, 0x24, 0x04,
  0x24, 0x04, 0x24, 0x04, 0x24, 0x04, 0x24, 0x04, 0xf1, 0x3d, 0xbd, 0x73,
  0x9d, 0x6f, 0x7c, 0x6f, 0x5b, 0x6b, 0x5b, 0x67, 0x3a, 0x67, 0x19, 0x63,
  0x18, 0x5f, 0xf8, 0x5e, 0xd7, 0x5a, 0xd6, 0x56, 0xb6, 0x56, 0x95, 0x52,
  0x74, 0x4e, 0x73, 0x4e, 0x53, 0x4a, 0x32, 0x46, 0x31, 0x42, 0x2b, 0x21,
  0x24, 0x04, 0x24, 0x04, 0x24, 0x04, 0x24, 0x04, 0x24, 0x04, 0x24, 0x04,
  0x24, 0x04, 0x24, 0x04, 0x24, 0x04, 0x24, 0x04, 0x24, 0x04, 0x24, 0x04,
  0x24, 0x04, 0x24, 0x04, 0x24, 0x04, 0x24, 0x04, 0x24, 0x04, 0x24, 0x04,
  0x24, 0x04, 0x24, 0x04, 0x24, 0x04, 0x24, 0x04, 0x24, 0x04, 0x24, 0x04,
  0x24, 0x04, 0x24, 0x04, 0x24, 0x04, 0x24, 0x04, 0x24, 0x04, 0x24, 0x04,
  0x24, 0x04, 0x24, 0x04, 0x24, 0x04, 0x24, 0x04, 0x24, 0x04, 0x24, 0x04,
  0x24, 0x04, 0x24, 0x04, 0x24, 0x04, 0x24, 0x04, 0x24, 0x04, 0x24, 0x04,
  0x24, 0x04, 0x24, 0x04, 0x24, 0x04, 0x24, 0x04, 0x24, 0x04, 0x24, 0x04,
  0x24, 0x04, 0x24, 0x04, 0x24, 0x04, 0x24, 0x04, 0x24, 0x04, 0x24, 0x04,
  0x24, 0x04, 0x24, 0x04, 0x24, 0x04, 0x24, 0x04, 0x24, 0x04, 0x24, 0x04,
  0x24, 0x04, 0x24, 0x04, 0x24, 0x04, 0x24, 0x04, 0x24, 0x04, 0x24, 0x04,
  0x24, 0x04, 0x24, 0x04, 0x24, 0x04, 0x24, 0x04, 0x24, 0x04, 0x24, 0x04,
  0x24, 0x04, 0x24, 0x04, 0x24, 0x04, 0x24, 0x04, 0x24, 0x04, 0x24, 0x04,
  0x24, 0x04, 0x24, 0x04, 0x24, 0x04, 0x24, 0x04, 0x24, 0x04, 0x24, 0x04,
  0x24, 0x04, 0x24, 0x04, 0x24, 0x04, 0x24, 0x04, 0x24, 0x04, 0x24, 0x04,
  0x24, 0x04, 0x24, 0x04, 0x24, 0x04, 0x24, 0x04, 0x24, 0x04, 0x24, 0x04,
  0x24, 0x04, 0x24, 0x04, 0x24, 0x04, 0x24, 0x04, 0xf1, 0x3d, 0xbd, 0x73,
  0x9d, 0x6f, 0x7c, 0x6f, 0x5b, 0x6b, 0x5b, 0x67, 0x3a, 0x67, 0x19, 0x63,
  0x18, 0x5f, 0xf8, 0x5e, 0xd7, 0x5a, 0xd6, 0x56, 0xb6, 0x56, 0x95, 0x52,
  0x74, 0x4e, 0x73, 0x4e, 0x53, 0x4a, 0x32, 0x46, 0x31, 0x42, 0x2b, 0x21,
  0x24, 0x04, 0x24, 0x04, 0x24, 0x04, 0x24, 0x04, 0x24, 0x04, 0x24, 0x04,
  0x24, 0x04, 0x24, 0x04, 0x24, 0x04, 0x24, 0x04, 0x24, 0x04, 0x24, 0x04,
  0x24, 0x04, 0x24, 0x04, 0x24, 0x04, 0x24, 0x04, 0x24, 0x04, 0x24, 0x04,
  0x24, 0x04, 0x24, 0x04, 0x24, 0x04, 0x24, 0x04, 0x24, 0x04, 0x24, 0x04,
  0x24, 0x04, 0x24, 0x04, 0x24, 0x04, 0x24, 0x04, 0x24, 0x04, 0x24, 0x04,
  0x24, 0x04, 0x24, 0x04, 0x24, 0x04, 0x24, 0x04, 0x24, 0x04, 0x24, 0x04,
  0x24, 0x04, 0x24, 0x04, 0x24, 0x04, 0x24, 0x04, 0x24, 0x04, 0x24, 0x04,
  0x24, 0x04, 0x24, 0x04, 0x24, 0x04, 0x24, 0x04, 0x24, 0x04, 0x24, 0x04,
  0x24, 0x04, 0x24, 0x04, 0x24, 0x04, 0x24, 0x04, 0x24, 0x04, 0x24, 0x04,
  0x24, 0x04, 0x24, 0x04, 0x24, 0x04, 0x24, 0x04, 0x24, 0x04, 0x24, 0x04,
  0x24, 0x04, 0x24, 0x04, 0x24, 0x04, 0x24, 0x04, 0x24, 0x04, 0x24, 0x04,
  0x24, 0x04, 0x24, 0x04, 0x24, 0x04, 0x24, 0x04, 0x24, 0x04, 0x24, 0x04,
  0x24, 0x04, 0x24, 0x04, 0x24, 0x04, 0x24, 0x04, 0x24, 0x04, 0x24, 0x04,
  0x24, 0x04, 0x24, 0x04, 0x24, 0x04, 0x24, 0x04, 0x24, 0x04, 0x24, 0x04,
  0x24, 0x04, 0x24, 0x04, 0x24, 0x04, 0x24, 0x04, 0x24, 0x04, 0x24, 0x04,
  0x24, 0x04, 0x24, 0x04, 0x24, 0x04, 0x24, 0x04, 0x24, 0x04, 0x24, 0x04,
  0x24, 0x04, 0x24, 0x04, 0x24, 0x04, 0x24, 0x04, 0xf1, 0x3d, 0xbd, 0x73,
  0x9d, 0x6f, 0x7c, 0x6f, 0x5b, 0x6b, 0x5b, 0x67, 0x3a, 0x67, 0x19, 0x63,
  0x18, 0x5f, 0xf8, 0x5e, 0xd7, 0x5a, 0xd6, 0x56, 0xb6, 0x56, 0x95, 0x52,
  0x74, 0x4e, 0x73, 0x4e, 0x53, 0x4a, 0x32, 0x46, 0x31, 0x42, 0x2b, 0x21,
  0x24, 0x04, 0x24, 0x04, 0x24, 0x04, 0x24, 0x04, 0x24, 0x04, 0x24, 0x04,
  0x24, 0x04, 0x24, 0x04, 0x24, 0x04, 0x24, 0x04, 0x24, 0x04, 0x24, 0x04,
  0x24, 0x04, 0x24, 0x04, 0x24, 0x04, 0x24, 0x04, 0x24, 0x04, 0x24, 0x04,
  0x24, 0x04, 0x24, 0x04, 0x24, 0x04, 0x24, 0x04, 0x24, 0x04, 0x24, 0x04,
  0x24, 0x04, 0x24, 0x04, 0x24, 0x04, 0x24, 0x04, 0x24, 0x04, 0x24, 0x04,
  0x24, 0x04, 0x24, 0x04, 0x24, 0x04, 0x24, 0x04, 0x24, 0x04, 0x24, 0x04,
  0x24, 0x04, 0x24, 0x04, 0x24, 0x04, 0x24, 0x04, 0x24, 0x04, 0x24, 0x04,
  0x24, 0x04, 0x24, 0x04, 0x24, 0x04, 0x24, 0x04, 0x24, 0x04, 0x24, 0x04,
  0x24, 0x04, 0x24, 0x04, 0x24, 0x04, 0x24, 0x04, 0x24, 0x04, 0x24, 0x04,
  0x24, 0x04, 0x24, 0x04, 0x24, 0x04, 0x24, 0x04, 0x24, 0x04, 0x24, 0x04,
  0x24, 0x04, 0x24, 0x04, 0x24, 0x04, 0x24, 0x04, 0x24, 0x04, 0x24, 0x04,
  0x24, 0x04, 0x24, 0x04, 0x24, 0x04, 0x24, 0x04, 0x24, 0x04, 0x24, 0x04,
  0x24, 0x04, 0x24, 0x04, 0x24, 0x04, 0x24, 0x04, 0x24, 0x04, 0x24, 0x04,
  0x24, 0x04, 0x24, 0x04, 0x24, 0x04, 0x24, 0x04, 0x24, 0x04, 0x24, 0x04,
  0x24, 0x04, 0x24, 0x04, 0x24, 0x04, 0x24, 0x04, 0x24, 0x04, 0x24, 0x04,
  0x24, 0x04, 0x24, 0x04, 0x24, 0x04, 0x24, 0x04, 0x24, 0x04, 0x24, 0x04,
  0x24, 0x04, 0x24, 0x04, 0x24, 0x04, 0x24, 0x04, 0xf1, 0x3d, 0xbd, 0x73,
  0x9d, 0x6f, 0x7c, 0x6f, 0x5b, 0x6b, 0x5b, 0x67, 0x3a, 0x67, 0xd7, 0x5a,
  0x12, 0x3e, 0x8e, 0x2d, 0x8e, 0x2d, 0xf1, 0x39, 0x74, 0x4e, 0x95, 0x52,
  0x74, 0x4e, 0x73, 0x4e, 0x53, 0x4a, 0x32, 0x46, 0x31, 0x42, 0x2b, 0x21,
  0x24, 0x04, 0x24, 0x04, 0x24, 0x04, 0x24, 0x04, 0x24, 0x04, 0x24, 0x04,
  0x24, 0x04, 0x24, 0x04, 0x24, 0x04, 0x24, 0x04, 0x24, 0x04, 0x24, 0x04,
  0x24, 0x04, 0x24, 0x04, 0x24, 0x04, 0x24, 0x04, 0x24, 0x04, 0x24, 0x04,
  0x24, 0x04, 0x24, 0x04, 0x24, 0x04, 0x24, 0x04, 0x24, 0x04, 0x24, 0x04,
  0x24, 0x04, 0x24, 0x04, 0x24, 0x04, 0x24, 0x04, 0x24, 0x04, 0x24, 0x04,
  0x24, 0x04, 0x24, 0x04, 0x24, 0x04, 0x24, 0x04, 0x24, 0x04, 0x24, 0x04,
  0x24, 0x04, 0x24, 0x04, 0x24, 0x04, 0x24, 0x04, 0x24, 0x04, 0x24, 0x04,
  0x24, 0x04, 0x24, 0x04, 0x24, 0x04, 0x24, 0x04, 0x24, 0x04, 0x24, 0x04,
  0x24, 0x04, 0x24, 0x04, 0x24, 0x04, 0x24, 0x04, 0x24, 0x04, 0x24, 0x04,
  0x24, 0x04, 0x24, 0x04, 0x24, 0x04, 0x24, 0x04, 0x24, 0x04, 0x24, 0x04,
  0x24, 0x04, 0x24, 0x04, 0x24, 0x04, 0x24, 0x04, 0x24, 0x04, 0x24, 0x04,
  0x24, 0x04, 0x24, 0x04, 0x24, 0x04, 0x24, 0x04, 0x24, 0x04, 0x24, 0x04,
  0x24, 0x04, 0x24, 0x04, 0x24, 0x04, 0x24, 0x04, 0x24, 0x04, 0x24, 0x04,
  0x24, 0x04, 0x24, 0x04, 0x24, 0x04, 0x24, 0x04, 0x24, 0x04, 0x24, 0x04,
  0x24, 0x04, 0x24, 0x04, 0x24, 0x04, 0x24, 0x04, 0x0b, 0x1d, 0x24, 0x04,
  0x24, 0x04, 0x24, 0x04, 0x24, 0x04, 0x24, 0x04, 0x24, 0x04, 0x24, 0x04,
  0x24, 0x04, 0x24, 0x04, 0x24, 0x04, 0x24, 0x04, 0x39, 0x67, 0xbd, 0x73,
  0x9d, 0x6f, 0x7c, 0x6f, 0x5b, 0x6b, 0x5b, 0x67, 0x32, 0x42, 0x0b, 0x1d,
  0x0b, 0x1d, 0x4d, 0x21, 0x4d, 0x21, 0x0b, 0x1d, 0x0b, 0x1d, 0xd0, 0x35,
  0x74, 0x4e, 0x73, 0x4e, 0x53, 0x4a, 0x32, 0x46, 0x31, 0x42, 0x2a, 0x21,
  0x24, 0x04, 0x24, 0x04, 0x24, 0x04, 0x24, 0x04, 0x24, 0x04, 0x24, 0x04,
  0x24, 0x04, 0x24, 0x04, 0x24, 0x04, 0x24, 0x04, 0x24, 0x04, 0x24, 0x04,
  0x24, 0x04, 0x24, 0x04, 0x24, 0x04, 0x24, 0x04, 0x24, 0x04, 0x24, 0x04,
  0x24, 0x04, 0x24, 0x04, 0x24, 0x04, 0x24, 0x04, 0x24, 0x04, 0x24, 0x04,
  0x24, 0x04, 0x24, 0x04, 0x24, 0x04, 0x24, 0x04, 0x24, 0x04, 0x24, 0x04,
  0x24, 0x04, 0x24, 0x04, 0x24, 0x04, 0x24, 0x04, 0x24, 0x04, 0x24, 0x04,
  0x24, 0x04, 0x24, 0x04, 0x24, 0x04, 0x24, 0x04, 0x24, 0x04, 0x24, 0x04,
  0x24, 0x04, 0x24, 0x04, 0x24, 0x04, 0x24, 0x04, 0x24, 0x04, 0x24, 0x04,
  0x24, 0x04, 0x24, 0x04, 0x24, 0x04, 0x24, 0x04, 0x24, 0x04, 0x24, 0x04,
  0x24, 0x04, 0x24, 0x04, 0x24, 0x04, 0x24, 0x04, 0x24, 0x04, 0x24, 0x04,
  0x24, 0x04, 0x24, 0x04, 0x24, 0x04, 0x24, 0x04, 0x24, 0x04, 0x24, 0x04,
  0x24, 0x04, 0x24, 0x04, 0x24, 0x04, 0x24, 0x04, 0x24, 0x04, 0x24, 0x04,
  0x24, 0x04, 0x24, 0x04, 0x24, 0x04, 0x24, 0x04, 0x24, 0x04, 0x24, 0x04,
  0x24, 0x04, 0x24, 0x04, 0x24, 0x04, 0x24, 0x04, 0x24, 0x04, 0x24, 0x04,
  0x24, 0x04, 0x24, 0x04, 0x24, 0x04, 0x24, 0x04, 0x24, 0x04, 0x24, 0x04,
  0x24, 0x04, 0x24, 0x04, 0x24, 0x04, 0x24, 0x04, 0x24, 0x04, 0x24, 0x04,
  0x24, 0x04, 0x24, 0x04, 0x24, 0x04, 0x24, 0x04, 0xf1, 0x3d, 0xbd, 0x73,
  0x9d, 0x6f, 0x7c, 0x6f, 0x5b, 0x6b, 0x33, 0x42, 0x0b, 0x1d, 0x91, 0x21,
  0x7b, 0x2a, 0xbe, 0x2e, 0xbe, 0x2e, 0x7b, 0x2a, 0x91, 0x21, 0x0b, 0x1d,
  0xcf, 0x35, 0x73, 0x4e, 0x53, 0x4a, 0x32, 0x46, 0x31, 0x42, 0x2a, 0x21,
  0x24, 0x04, 0x24, 0x04, 0x24, 0x04, 0x24, 0x04, 0x24, 0x04, 0x24, 0x04,
  0x24, 0x04, 0x24, 0x04, 0x24, 0x04, 0x24, 0x04, 0x24, 0x04, 0x24, 0x04,
  0x24, 0x04, 0x24, 0x04, 0x24, 0x04, 0x76, 0x53, 0x24, 0x04, 0x24, 0x04,
  0x24, 0x04, 0x24, 0x04, 0x24, 0x04, 0x24, 0x04, 0x24, 0x04, 0x24, 0x04,
  0x24, 0x04, 0x24, 0x04, 0x24, 0x04, 0x24, 0x04, 0x24, 0x04, 0x24, 0x04,
  0x24, 0x04, 0x24, 0x04, 0x24, 0x04, 0x24, 0x04, 0x24, 0x04, 0x24, 0x04,
  0x24, 0x04, 0x24, 0x04, 0x24, 0x04, 0x24, 0x04, 0x24, 0x04, 0x24, 0x04,
  0x24, 0x04, 0x24, 0x04, 0x24, 0x04, 0x24, 0x04, 0x24, 0x04, 0x24, 0x04,
  0x24, 0x04, 0x24, 0x04, 0x24, 0x04, 0x24, 0x04, 0x24, 0x04, 0x24, 0x04,
  0x24, 0x04, 0x24, 0x04, 0x24, 0x04, 0x24, 0x04, 0x24, 0x04, 0x24, 0x04,
  0x24, 0x04, 0x24, 0x04, 0x24, 0x04, 0x24, 0x04, 0x24, 0x04, 0x24, 0x04,
  0x24, 0x04, 0x24, 0x04, 0x24, 0x04, 0x24, 0x04, 0x24, 0x04, 0x24, 0x04,
  0x24, 0x04, 0x24, 0x04, 0x24, 0x04, 0x24, 0x04, 0x24, 0x04, 0x24, 0x04,
  0x24, 0x04, 0x24, 0x04, 0x24, 0x04, 0x24, 0x04, 0x24, 0x04, 0x24, 0x04,
  0x24, 0x04, 0x24, 0x04, 0x24, 0x04, 0x24, 0x04, 0x24, 0x04, 0x24, 0x04,
  0x24, 0x04, 0x24, 0x04, 0x24, 0x04, 0x24, 0x04, 0x24, 0x04, 0x24, 0x04,
  0x24, 0x04, 0x24, 0x04, 0x24, 0x04, 0x24, 0x04, 0xf1, 0x3d, 0xbd, 0x73,
  0x9d, 0x6f, 0x7c, 0x6f, 0x19, 0x63, 0x0b, 0x1d, 0x91, 0x21, 0xde, 0x36,
  0x3f, 0x4f, 0x1e, 0x43, 0xbe, 0x2e, 0xbe, 0x2e, 0xbe, 0x2e, 0x91, 0x21,
  0x0b, 0x1d, 0x32, 0x46, 0x53, 0x4a, 0x32, 0x46, 0x31, 0x42, 0x2a, 0x21,
  0x24, 0x04, 0x24, 0x04, 0x24, 0x04, 0x24, 0x04, 0x24, 0x04, 0x24, 0x04,
  0x24, 0x04, 0x24, 0x04, 0x24, 0x04, 0x24, 0x04, 0x24, 0x04, 0x24, 0x04,
  0x24, 0x04, 0x24, 0x04, 0x24, 0x04, 0x24, 0x04, 0x24, 0x04, 0x24, 0x04,
  0x24, 0x04, 0x24, 0x04, 0x24, 0x04, 0x24, 0x04, 0x24, 0x04, 0x24, 0x04,
  0x24, 0x04, 0x24, 0x04, 0x24, 0x04, 0x24, 0x04, 0x24, 0x04, 0x24, 0x04,
  0x24, 0x04, 0x24, 0x04, 0x24, 0x04, 0x24, 0x04, 0x24, 0x04, 0x24, 0x04,
  0x24, 0x04, 0x24, 0x04, 0x24, 0x04, 0x24, 0x04, 0x24, 0x04, 0x24, 0x04,
  0x24, 0x04, 0x24, 0x04, 0x24, 0x04, 0x24, 0x04, 0x24, 0x04, 0x24, 0x04,
  0x24, 0x04, 0x24, 0x04, 0x24, 0x04, 0x24, 0x04, 0x24, 0x04, 0x24, 0x04,
  0x24, 0x04, 0x24, 0x04, 0x24, 0x04, 0x24, 0x04, 0x24, 0x04, 0x24, 0x04,
  0x24, 0x04, 0x24, 0x04, 0x24, 0x04, 0x24, 0x04, 0x24, 0x04, 0x24, 0x04,
  0x24, 0x04, 0x24, 0x04, 0x24, 0x04, 0x24, 0x04, 0x24, 0x04, 0x24, 0x04,
  0x24, 0x04, 0x24, 0x04, 0x24, 0x04, 0x24, 0x04, 0x24, 0x04, 0x24, 0x04,
  0x24, 0x04, 0x24, 0x04, 0x24, 0x04, 0x24, 0x04, 0x24, 0x04, 0x24, 0x04,
  0x24, 0x04, 0x24, 0x04, 0x24, 0x04, 0x24, 0x04, 0x24, 0x04, 0x24, 0x04,
  0x24, 0x04, 0x24, 0x04, 0x24, 0x04, 0x24, 0x04, 0x24, 0x04, 0x24, 0x04,
  0x24, 0x04, 0x24, 0x04, 0x24, 0x04, 0x24, 0x04, 0xf1, 0x3d, 0xbd, 0x73,
  0x9d, 0x6f, 0x7c, 0x6f, 0x12, 0x3e, 0x0b, 0x1d, 0x7b, 0x2a, 0x7f, 0x5b,
  0xdf, 0x6f, 0xbf, 0x6b, 0xbe, 0x2e, 0xbe, 0x2e, 0xbe, 0x2e, 0x7b, 0x2a,
  0x0b, 0x1d, 0xae, 0x31, 0x53, 0x4a, 0x32, 0x46, 0x31, 0x42, 0x2a, 0x21,
  0x24, 0x04, 0x24, 0x04, 0x24, 0x04, 0x24, 0x04, 0x24, 0x04, 0x24, 0x04,
  0x24, 0x04, 0x24, 0x04, 0x24, 0x04, 0x24, 0x04, 0x24, 0x04, 0x24, 0x04,
  0x24, 0x04, 0x24, 0x04, 0x24, 0x04, 0x24, 0x04, 0x24, 0x04, 0x24, 0x04,
  0x24, 0x04, 0x24, 0x04, 0x24, 0x04, 0x24, 0x04, 0x24, 0x04, 0x24, 0x04,
  0x24, 0x04, 0x24, 0x04, 0x24, 0x04, 0x24, 0x04, 0x24, 0x04, 0x24, 0x04,
  0x24, 0x04, 0x24, 0x04, 0x24, 0x04, 0x24, 0x04, 0x24, 0x04, 0x24, 0x04,
  0x24, 0x04, 0x24, 0x04, 0x24, 0x04, 0x24, 0x04, 0x24, 0x04, 0x24, 0x04,
  0x24, 0x04, 0x24, 0x04, 0x24, 0x04, 0x24, 0x04, 0x24, 0x04, 0x24, 0x04,
  0x24, 0x04, 0x24, 0x04, 0x24, 0x04, 0x24, 0x04, 0x24, 0x04, 0x24, 0x04,
  0x24, 0x04, 0x24, 0x04, 0x24, 0x04, 0x24, 0x04, 0x24, 0x04, 0x24, 0x04,
  0x24, 0x04, 0x24, 0x04, 0x24, 0x04, 0x24, 0x04, 0x24, 0x04, 0x24, 0x04,
  0x24, 0x04, 0x24, 0x04, 0x24, 0x04, 0x24, 0x04, 0x24, 0x04, 0x24, 0x04,
  0x24, 0x04, 0x24, 0x04, 0x24, 0x04, 0x24, 0x04, 0x24, 0x04, 0x24, 0x04,
  0x24, 0x04, 0x24, 0x04, 0x24, 0x04, 0x24, 0x04, 0x24, 0x04, 0x24, 0x04,
  0x24, 0x04, 0x24, 0x04, 0x24, 0x04, 0x24, 0x04, 0x24, 0x04, 0x24, 0x04,
  0x24, 0x04, 0x24, 0x04, 0x24, 0x04, 0x24, 0x04, 0x24, 0x04, 0x24, 0x04,
  0x24, 0x04, 0x24, 0x04, 0x24, 0x04, 0x24, 0x04, 0xf1, 0x3d, 0xbd, 0x73,
  0x9d, 0x6f, 0x7c, 0x6f, 0xaf, 0x31, 0x6e, 0x21, 0xbe, 0x2e, 0x1e, 0x47,
  0xdf, 0x6f, 0x7f, 0x5b, 0xbe, 0x2e, 0xbe, 0x2e, 0xbe, 0x2e, 0xbe, 0x2e,
  0x6e, 0x21, 0x6d, 0x29, 0x53, 0x4a, 0x32, 0x46, 0x31, 0x42, 0x2a, 0x21,
  0x24, 0x04, 0x24, 0x04, 0x24, 0x04, 0x24, 0x04, 0x24, 0x04, 0x24, 0x04,
  0x24, 0x04, 0x24, 0x04, 0x24, 0x04, 0x24, 0x04, 0x24, 0x04, 0x24, 0x04,
  0x24, 0x04, 0x24, 0x04, 0x24, 0x04, 0x24, 0x04, 0x24, 0x04, 0x24, 0x04,
  0x24, 0x04, 0x24, 0x04, 0x24, 0x04, 0x24, 0x04, 0x24, 0x04, 0x24, 0x04,
  0x24, 0x04, 0x24, 0x04, 0x24, 0x04, 0x24, 0x04, 0x24, 0x04, 0x24, 0x04,
  0x24, 0x04, 0x24, 0x04, 0x24, 0x04, 0x24, 0x04, 0x24, 0x04, 0x24, 0x04,
  0x24, 0x04, 0x24, 0x04, 0x24, 0x04, 0x24, 0x04, 0x24, 0x04, 0x24, 0x04,
  0x24, 0x04, 0x24, 0x04, 0x24, 0x04, 0x24, 0x04, 0xaa, 0x25, 0x24, 0x04,
  0x24, 0x04, 0x24, 0x04, 0x24, 0x04, 0x24, 0x04, 0x24, 0x04, 0x24, 0x04,
  0x24, 0x04, 0x24, 0x04, 0x24, 0x04, 0x24, 0x04, 0x24, 0x04, 0x24, 0x04,
  0x24, 0x04, 0x24, 0x04, 0x24, 0x04, 0x24, 0x04, 0x24, 0x04, 0x24, 0x04,
  0x24, 0x04, 0x24, 0x04, 0x24, 0x04, 0x24, 0x04, 0x24, 0x04, 0x24, 0x04,
  0x24, 0x04, 0x24, 0x04, 0x24, 0x04, 0x24, 0x04, 0x24, 0x04, 0x24, 0x04,
  0x24, 0x04, 0x24, 0x04, 0x24, 0x04, 0x24, 0x04, 0x24, 0x04, 0x24, 0x04,
  0x24, 0x04, 0x24, 0x04, 0x24, 0x04, 0x24, 0x04, 0x24, 0x04, 0x24, 0x04,
  0x24, 0x04, 0x24, 0x04, 0x24, 0x04, 0x24, 0x04, 0x24, 0x04, 0x24, 0x04,
  0x24, 0x04, 0x24, 0x04, 0x24, 0x04, 0x24, 0x04, 0xf1, 0x3d, 0xbd, 0x73,
  0x9d, 0x6f, 0x7c, 0x6f, 0xaf, 0x31, 0x70, 0x21, 0xbe, 0x2e, 0xbe, 0x2e,
  0xbe, 0x2e, 0xbe, 0x2e, 0xbe, 0x2e, 0xbe, 0x2e, 0xbe, 0x2e, 0xbe, 0x2e,
  0x70, 0x21, 0x6d, 0x29, 0x53, 0x4a, 0x32, 0x46, 0x31, 0x42, 0x2a, 0x21,
  0x24, 0x04, 0x24, 0x04, 0x24, 0x04, 0x24, 0x04, 0x24, 0x04, 0x24, 0x04,
  0x24, 0x04, 0x24, 0x04, 0x24, 0x04, 0x24, 0x04, 0x24, 0x04, 0x24, 0x04,
  0x24, 0x04, 0x24, 0x04, 0x24, 0x04, 0x24, 0x04, 0x24, 0x04, 0x24, 0x04,
  0x24, 0x04, 0x24, 0x04, 0x24, 0x04, 0x24, 0x04, 0x24, 0x04, 0x24, 0x04,
  0x24, 0x04, 0x24, 0x04, 0x24, 0x04, 0x24, 0x04, 0x24, 0x04, 0x24, 0x04,
  0x24, 0x04, 0x24, 0x04, 0x24, 0x04, 0x24, 0x04, 0x24, 0x04, 0x24, 0x04,
  0x24, 0x04, 0x24, 0x04, 0x24, 0x04, 0x24, 0x04, 0x24, 0x04, 0x24, 0x04,
  0x24, 0x04, 0x24, 0x04, 0x24, 0x04, 0x24, 0x04, 0x24, 0x04, 0x24, 0x04,
  0x24, 0x04, 0x24, 0x04, 0x24, 0x04, 0x24, 0x04, 0x24, 0x04, 0x24, 0x04,
  0x24, 0x04, 0x24, 0x04, 0x24, 0x04, 0x24, 0x04, 0x24, 0x04, 0x24, 0x04,
  0x24, 0x04, 0x24, 0x04, 0x24, 0x04, 0x24, 0x04, 0x24, 0x04, 0x24, 0x04,
  0x24, 0x04, 0x24, 0x04, 0x24, 0x04, 0x24, 0x04, 0x24, 0x04, 0x24, 0x04,
  0x24, 0x04, 0x24, 0x04, 0x24, 0x04, 0x24, 0x04, 0x24, 0x04, 0x24, 0x04,
  0x24, 0x04, 0x24, 0x04, 0x24, 0x04, 0x24, 0x04, 0x24, 0x04, 0x24, 0x04,
  0x24, 0x04, 0x24, 0x04, 0x24, 0x04, 0x24, 0x04, 0x24, 0x04, 0x24, 0x04,
  0x24, 0x04, 0x24, 0x04, 0x24, 0x04, 0x24, 0x04, 0x24, 0x04, 0x24, 0x04,
  0x24, 0x04, 0x24, 0x04, 0x24, 0x04, 0x24, 0x04, 0xf1, 0x3d, 0xbd, 0x73,
  0x9d, 0x6f, 0x7c, 0x6f, 0x12, 0x3e, 0x0b, 0x1d, 0x9c, 0x2e, 0xbe, 0x2e,
  0xbe, 0x2e, 0xbe, 0x2e, 0xbe, 0x2e, 0xbe, 0x2e, 0xbe, 0x2e, 0x9c, 0x2e,
  0x0b, 0x1d, 0xae, 0x31, 0x53, 0x4a, 0x32, 0x46, 0x31, 0x42, 0x2a, 0x21,
  0x24, 0x04, 0x24, 0x04, 0x24, 0x04, 0x24, 0x04, 0x24, 0x04, 0x24, 0x04,
  0x24, 0x04, 0x24, 0x04, 0x24, 0x04, 0x24, 0x04, 0x24, 0x04, 0x24, 0x04,
  0x24, 0x04, 0x24, 0x04, 0x24, 0x04, 0x24, 0x04, 0x24, 0x04, 0x24, 0x04,
  0x24, 0x04, 0x24, 0x04, 0x24, 0x04, 0x24, 0x04, 0x24, 0x04, 0x24, 0x04,
  0x24, 0x04, 0x24, 0x04, 0x24, 0x04, 0x24, 0x04, 0x24, 0x04, 0x24, 0x04,
  0x24, 0x04, 0x24, 0x04, 0x24, 0x04, 0x24, 0x04, 0x24, 0x04, 0x24, 0x04,
  0x24, 0x04, 0x24, 0x04, 0x24, 0x04, 0x24, 0x04, 0x24, 0x04, 0x24, 0x04,
  0x24, 0x04, 0x24, 0x04, 0x24, 0x04, 0x24, 0x04, 0x24, 0x04, 0x24, 0x04,
  0x24, 0x04, 0x24, 0x04, 0x24, 0x04, 0x24, 0x04, 0x24, 0x04, 0x24, 0x04,
  0x24, 0x04, 0x24, 0x04, 0x24, 0x04, 0x24, 0x04, 0x24, 0x04, 0x24, 0x04,
  0x24, 0x04, 0x24, 0x04, 0x24, 0x04, 0x24, 0x04, 0x24, 0x04, 0x24, 0x04,
  0x24, 0x04, 0x24, 0x04, 0x24, 0x04, 0x24, 0x04, 0xce, 0x55, 0x24, 0x04,
  0x24, 0x04, 0x24, 0x04, 0x24, 0x04, 0x24, 0x04, 0x24, 0x04, 0x24, 0x04,
  0x24, 0x04, 0x24, 0x04, 0x24, 0x04, 0x24, 0x04, 0x24, 0x04, 0x24, 0x04,
  0x24, 0x04, 0x24, 0x04, 0x24, 0x04, 0x24, 0x04, 0x24, 0x04, 0x24, 0x04,
  0x24, 0x04, 0x24, 0x04, 0x24, 0x04, 0x24, 0x04, 0x24, 0x04, 0x24, 0x04,
  0x24, 0x04, 0x24, 0x04, 0x24, 0x04, 0x24, 0x04, 0xf1, 0x3d, 0xbd, 0x73,
  0x9d, 0x6f, 0x7c, 0x6f, 0xd7, 0x56, 0x0b, 0x1d, 0xf4, 0x25, 0xbe, 0x2e,
  0xbe, 0x2e, 0xbe, 0x2e, 0xbe, 0x2e, 0xbe, 0x2e, 0xbe, 0x2e, 0xf4, 0x25,
  0x0b, 0x1d, 0x11, 0x42, 0x53, 0x4a, 0x32, 0x46, 0x31, 0x42, 0x2a, 0x21,
  0x24, 0x04, 0x24, 0x04, 0x24, 0x04, 0x24, 0x04, 0x24, 0x04, 0x24, 0x04,
  0x24, 0x04, 0x24, 0x04, 0x24, 0x04, 0x24, 0x04, 0x24, 0x04, 0x24, 0x04,
  0x24, 0x04, 0x24, 0x04, 0x24, 0x04, 0x24, 0x04, 0x24, 0x04, 0x24, 0x04,
  0x24, 0x04, 0x24, 0x04, 0x24, 0x04, 0x24, 0x04, 0x24, 0x04, 0x24, 0x04,
  0x24, 0x04, 0x24, 0x04, 0x24, 0x04, 0x24, 0x04, 0x24, 0x04, 0x24, 0x04,
  0x24, 0x04, 0x24, 0x04, 0x24, 0x04, 0x24, 0x04, 0x24, 0x04, 0x24, 0x04,
  0x24, 0x04, 0x24, 0x04, 0x24, 0x04, 0x24, 0x04, 0x24, 0x04, 0x24, 0x04,
  0x24, 0x04, 0x24, 0x04, 0x24, 0x04, 0x24, 0x04, 0x24, 0x04, 0x24, 0x04,
  0x24, 0x04, 0x24, 0x04, 0x24, 0x04, 0x24, 0x04, 0x24, 0x04, 0x24, 0x04,
  0x24, 0x04, 0x24, 0x04, 0x24, 0x04, 0x24, 0x04, 0x24, 0x04, 0x24, 0x04,
  0x24, 0x04, 0x24, 0x04, 0x24, 0x04, 0x24, 0x04, 0x24, 0x04, 0x24, 0x04,
  0x24, 0x04, 0x24, 0x04, 0x24, 0x04, 0x24, 0x04, 0x24, 0x04, 0x24, 0x04,
  0x24, 0x04, 0x24, 0x04, 0x24, 0x04, 0x24, 0x04, 0x24, 0x04, 0x24, 0x04,
  0x24, 0x04, 0x24, 0x04, 0x24, 0x04, 0x24, 0x04, 0x24, 0x04, 0x24, 0x04,
  0x24, 0x04, 0x24, 0x04, 0x24, 0x04, 0x24, 0x04, 0x24, 0x04, 0x24, 0x04,
  0x24, 0x04, 0x24, 0x04, 0x24, 0x04, 0x24, 0x04, 0x24, 0x04, 0x24, 0x04,
  0x24, 0x04, 0x24, 0x04, 0x24, 0x04, 0x24, 0x04, 0xf1, 0x3d, 0xbd, 0x73,
  0x9d, 0x6f, 0x7c, 0x6f, 0x5b, 0x6b, 0xf1, 0x39, 0x0b, 0x1d, 0xf4, 0x25,
  0x9c, 0x2e, 0xbe, 0x2e, 0xbe, 0x2e, 0x9c, 0x2e, 0xf4, 0x25, 0x0b, 0x1d,
  0x8e, 0x31, 0x73, 0x4e, 0x53, 0x4a, 0x32, 0x46, 0x31, 0x42, 0x2a, 0x21,
  0x24, 0x04, 0x24, 0x04, 0x24, 0x04, 0x24, 0x04, 0x24, 0x04, 0x24, 0x04,
  0x24, 0x04, 0x24, 0x04, 0x24, 0x04, 0x24, 0x04, 0x24, 0x04, 0x24, 0x04,
  0x24, 0x04, 0x24, 0x04, 0x24, 0x04, 0x24, 0x04, 0x24, 0x04, 0x24, 0x04,
  0x24, 0x04, 0x24, 0x04, 0x24, 0x04, 0x24, 0x04, 0x24, 0x04, 0x24, 0x04,
  0x24, 0x04, 0x24, 0x04, 0x24, 0x04, 0x24, 0x04, 0x24, 0x04, 0x24, 0x04,
  0x24, 0x04, 0x24, 0x04, 0x24, 0x04, 0x24, 0x04, 0x24, 0x04, 0x24, 0x04,
  0x24, 0x04, 0x24, 0x04, 0x24, 0x04, 0x24, 0x04, 0x24, 0x04, 0x24, 0x04,
  0x24, 0x04, 0x24, 0x04, 0x24, 0x04, 0x24, 0x04, 0x24, 0x04, 0x24, 0x04,
  0x24, 0x04, 0x24, 0x04, 0x24, 0x04, 0x24, 0x04, 0x24, 0x04, 0x24, 0x04,
  0x24, 0x04, 0x24, 0x04, 0x24, 0x04, 0x24, 0x04, 0x24, 0x04, 0x24, 0x04,
  0x24, 0x04, 0x24, 0x04, 0x24, 0x04, 0x24, 0x04, 0x24, 0x04, 0x24, 0x04,
  0x24, 0x04, 0x24, 0x04, 0x24, 0x04, 0x24, 0x04, 0x24, 0x04, 0x24, 0x04,
  0x24, 0x04, 0x24, 0x04, 0x24, 0x04, 0x24, 0x04, 0x24, 0x04, 0x24, 0x04,
  0x24, 0x04, 0x24, 0x04, 0x24, 0x04, 0x24, 0x04, 0x24, 0x04, 0x24, 0x04,
  0x24, 0x04, 0x24, 0x04, 0x24, 0x04, 0x24, 0x04, 0x24, 0x04, 0x24, 0x04,
  0x24, 0x04, 0x24, 0x04, 0x24, 0x04, 0x24, 0x04, 0x24, 0x04, 0x24, 0x04,
  0x24, 0x04, 0x24, 0x04, 0x24, 0x04, 0x24, 0x04, 0xf1, 0x3d, 0xbd, 0x73,
  0x9d, 0x6f, 0x7c, 0x6f, 0x5b, 0x6b, 0x5b, 0x67, 0xf0, 0x39, 0x0b, 0x1d,
  0x2c, 0x1d, 0x70, 0x21, 0x70, 0x21, 0x2c, 0x1d, 0x0b, 0x1d, 0xae, 0x31,
  0x74, 0x4e, 0x73, 0x4e, 0x53, 0x4a, 0x32, 0x46, 0x31, 0x42, 0x2a, 0x21,
  0x24, 0x04, 0x24, 0x04, 0x24, 0x04, 0x24, 0x04, 0x24, 0x04, 0x24, 0x04,
  0x24, 0x04, 0x24, 0x04, 0x24, 0x04, 0x24, 0x04, 0x24, 0x04, 0x24, 0x04,
  0x24, 0x04, 0x24, 0x04, 0x24, 0x04, 0x24, 0x04, 0x24, 0x04, 0x24, 0x04,
  0x24, 0x04, 0x24, 0x04, 0x24, 0x04, 0x24, 0x04, 0x24, 0x04, 0x24, 0x04,
  0x24, 0x04, 0x24, 0x04, 0x24, 0x04, 0x24, 0x04, 0x24, 0x04, 0x24, 0x04,
  0x24, 0x04, 0x24, 0x04, 0x24, 0x04, 0x24, 0x04, 0x24, 0x04, 0x24, 0x04,
  0x24, 0x04, 0x24, 0x04, 0x24, 0x04, 0x24, 0x04, 0x24, 0x04, 0x24, 0x04,
  0x24, 0x04, 0x24, 0x04, 0x24, 0x04, 0x24, 0x04, 0x24, 0x04, 0x24, 0x04,
  0x24, 0x04, 0x24, 0x04, 0x24, 0x04, 0x24, 0x04, 0x24, 0x04, 0x24, 0x04,
  0x24, 0x04, 0x24, 0x04, 0x24, 0x04, 0x24, 0x04, 0x24, 0x04, 0x24, 0x04,
  0x24, 0x04, 0x24, 0x04, 0x24, 0x04, 0x24, 0x04, 0x24, 0x04, 0x24, 0x04,
  0x24, 0x04, 0x24, 0x04, 0x24, 0x04, 0x24, 0x04, 0x24, 0x04, 0x24, 0x04,
  0x24, 0x04, 0x24, 0x04, 0x24, 0x04, 0x24, 0x04, 0x24, 0x04, 0x24, 0x04,
  0x24, 0x04, 0x24, 0x04, 0x24, 0x04, 0x24, 0x04, 0x24, 0x04, 0x24, 0x04,
  0x24, 0x04, 0x24, 0x04, 0x24, 0x04, 0x24, 0x04, 0x24, 0x04, 0x24, 0x04,
  0x24, 0x04, 0x24, 0x04, 0x24, 0x04, 0x24, 0x04, 0x24, 0x04, 0x24, 0x04,
  0x24, 0x04, 0x24, 0x04, 0x24, 0x04, 0x24, 0x04, 0xf1, 0x3d, 0xbd, 0x73,
  0x9d, 0x6f, 0x7c, 0x6f, 0x5b, 0x6b, 0x5b, 0x67, 0x3a, 0x67, 0x96, 0x52,
  0xd0, 0x35, 0x8e, 0x2d, 0x8e, 0x2d, 0xaf, 0x31, 0x53, 0x46, 0x95, 0x52,
  0x74, 0x4e, 0x73, 0x4e, 0x53, 0x4a, 0x32, 0x46, 0x31, 0x42, 0x2a, 0x21,
  0x24, 0x04, 0x24, 0x04, 0x24, 0x04, 0x24, 0x04, 0x24, 0x04, 0x24, 0x04,
  0x24, 0x04, 0x24, 0x04, 0x24, 0x04, 0x24, 0x04, 0x24, 0x04, 0x24, 0x04,
  0x24, 0x04, 0x24, 0x04, 0x24, 0x04, 0x24, 0x04, 0x24, 0x04, 0x24, 0x04,
  0x24, 0x04, 0x24, 0x04, 0x24, 0x04, 0x24, 0x04, 0x24, 0x04, 0x39, 0x67,
  0x24, 0x04, 0x24, 0x04, 0x24, 0x04, 0x24, 0x04, 0x24, 0x04, 0x24, 0x04,
  0x24, 0x04, 0x24, 0x04, 0x24, 0x04, 0x24, 0x04, 0x24, 0x04, 0x24, 0x04,
  0x24, 0x04, 0x24, 0x04, 0x24, 0x04, 0x24, 0x04, 0x24, 0x04, 0x24, 0x04,
  0x24, 0x04, 0x24, 0x04, 0x24, 0x04, 0x24, 0x04, 0x24, 0x04, 0x24, 0x04,
  0x24, 0x04, 0x24, 0x04, 0x24, 0x04, 0x24, 0x04, 0x24, 0x04, 0x24, 0x04,
  0x24, 0x04, 0x24, 0x04, 0x24, 0x04, 0x24, 0x04, 0x24, 0x04, 0x24, 0x04,
  0x24, 0x04, 0x24, 0x04, 0x24, 0x04, 0x24, 0x04, 0x24, 0x04, 0x24, 0x04,
  0x24, 0x04, 0x24, 0x04, 0x24, 0x04, 0x24, 0x04, 0x24, 0x04, 0x24, 0x04,
  0x24, 0x04, 0x24, 0x04, 0x24, 0x04, 0x24, 0x04, 0x24, 0x04, 0x24, 0x04,
  0x24, 0x04, 0x24, 0x04, 0x24, 0x04, 0x24, 0x04, 0x24, 0x04, 0x24, 0x04,
  0x24, 0x04, 0x24, 0x04, 0x24, 0x04, 0x24, 0x04, 0x24, 0x04, 0x24, 0x04,
  0x24, 0x04, 0x24, 0x04, 0x24, 0x04, 0x24, 0x04, 0x24, 0x04, 0x24, 0x04,
  0x24, 0x04, 0x24, 0x04, 0x24, 0x04, 0x24, 0x04, 0xf1, 0x3d, 0xbd, 0x73,
  0x9d, 0x6f, 0x7c, 0x6f, 0x5b, 0x6b, 0x5b, 0x67, 0x3a, 0x67, 0x19, 0x63,
  0x18, 0x5f, 0xf8, 0x5e, 0xd7, 0x5a, 0xd6, 0x56, 0xb6, 0x56, 0x95, 0x52,
  0x74, 0x4e, 0x73, 0x4e, 0x53, 0x4a, 0x32, 0x46, 0x31, 0x42, 0x2a, 0x21,
  0x24, 0x04, 0x24, 0x04, 0x24, 0x04, 0x24, 0x04, 0x24, 0x04, 0x24, 0x04,
  0x24, 0x04, 0x24, 0x04, 0x24, 0x04, 0x24, 0x04, 0x24, 0x04, 0x24, 0x04,
  0x24, 0x04, 0x24, 0x04, 0x24, 0x04, 0x24, 0x04, 0x24, 0x04, 0x24, 0x04,
  0x24, 0x04, 0x24, 0x04, 0x24, 0x04, 0x24, 0x04, 0x24, 0x04, 0x24, 0x04,
  0x24, 0x04, 0x24, 0x04, 0x24, 0x04, 0x24, 0x04, 0x24, 0x04, 0x24, 0x04,
  0x24, 0x04, 0x24, 0x04, 0x24, 0x04, 0x24, 0x04, 0x24, 0x04, 0x24, 0x04,
  0x24, 0x04, 0x24, 0x04, 0x24, 0x04, 0x24, 0x04, 0x24, 0x04, 0x24, 0x04,
  0x24, 0x04, 0x24, 0x04, 0x24, 0x04, 0x24, 0x04, 0x24, 0x04, 0x24, 0x04,
  0x24, 0x04, 0x24, 0x04, 0x24, 0x04, 0x24, 0x04, 0x24, 0x04, 0x24, 0x04,
  0x24, 0x04, 0x24, 0x04, 0x24, 0x04, 0x24, 0x04, 0x24, 0x04, 0x24, 0x04,
  0x24, 0x04, 0x24, 0x04, 0x24, 0x04, 0x24, 0x04, 0x24, 0x04, 0x24, 0x04,
  0x24, 0x04, 0x24, 0x04, 0x24, 0x04, 0x24, 0x04, 0x24, 0x04, 0x24, 0x04,
  0x24, 0x04, 0x24, 0x04, 0x24, 0x04, 0x24, 0x04, 0x24, 0x04, 0x24, 0x04,
  0x24, 0x04, 0x24, 0x04, 0x24, 0x04, 0x24, 0x04, 0x24, 0x04, 0x24, 0x04,
  0x24, 0x04, 0x24, 0x04, 0x24, 0x04, 0x24, 0x04, 0x24, 0x04, 0x24, 0x04,
  0x24, 0x04, 0x24, 0x04, 0x24, 0x04, 0x24, 0x04, 0x24, 0x04, 0x24, 0x04,
  0x24, 0x04, 0x24, 0x04, 0x24, 0x04, 0x24, 0x04, 0xf1, 0x3d, 0xbd, 0x73,
  0x9d, 0x6f, 0x7c, 0x6f, 0x5b, 0x6b, 0x5b, 0x67, 0x3a, 0x67, 0x19, 0x63,
  0x18, 0x5f, 0xf8, 0x5e, 0xd7, 0x5a, 0xd6, 0x56, 0xb6, 0x56, 0x95, 0x52,
  0x74, 0x4e, 0x73, 0x4e, 0x53, 0x4a, 0x32, 0x46, 0x31, 0x42, 0x2a, 0x21,
  0x24, 0x04, 0x24, 0x04, 0x24, 0x04, 0x24, 0x04, 0x24, 0x04, 0x24, 0x04,
  0x24, 0x04, 0x24, 0x04, 0x24, 0x04, 0x24, 0x04, 0x24, 0x04, 0x24, 0x04,
  0x24, 0x04, 0x24, 0x04, 0x24, 0x04, 0x24, 0x04, 0x24, 0x04, 0x24, 0x04,
  0x24, 0x04, 0x24, 0x04, 0x24, 0x04, 0x24, 0x04, 0x24, 0x04, 0x24, 0x04,
  0x24, 0x04, 0x24, 0x04, 0x24, 0x04, 0x24, 0x04, 0x24, 0x04, 0x24, 0x04,
  0x24, 0x04, 0x24, 0x04, 0x24, 0x04, 0x24, 0x04, 0x24, 0x04, 0x24, 0x04,
  0x24, 0x04, 0x24, 0x04, 0x24, 0x04, 0x24, 0x04, 0x24, 0x04, 0x24, 0x04,
  0x24, 0x04, 0x24, 0x04, 0x24, 0x04, 0x24, 0x04, 0x24, 0x04, 0x24, 0x04,
  0x24, 0x04, 0x24, 0x04, 0x24, 0x04, 0x24, 0x04, 0x24, 0x04, 0x24, 0x04,
  0x24, 0x04, 0x24, 0x04, 0x24, 0x04, 0x24, 0x04, 0x24, 0x04, 0x24, 0x04,
  0x24, 0x04, 0x24, 0x04, 0x24, 0x04, 0x24, 0x04, 0x24, 0x04, 0x24, 0x04,
  0x24, 0x04, 0x24, 0x04, 0x24, 0x04, 0x24, 0x04, 0x24, 0x04, 0x24, 0x04,
  0x24, 0x04, 0x24, 0x04, 0x24, 0x04, 0x24, 0x04, 0x24, 0x04, 0x24, 0x04,
  0x24, 0x04, 0x24, 0x04, 0x24, 0x04, 0x24, 0x04, 0x24, 0x04, 0x24, 0x04,
  0x24, 0x04, 0x24, 0x04, 0x24, 0x04, 0x24, 0x04, 0x24, 0x04, 0x24, 0x04,
  0x24, 0x04, 0x24, 0x04, 0x24, 0x04, 0x24, 0x04, 0x24, 0x04, 0x24, 0x04,
  0x24, 0x04, 0x24, 0x04, 0x24, 0x04, 0x24, 0x04, 0xf1, 0x3d, 0xbd, 0x73,
  0x9d, 0x6f, 0x7c, 0x6f, 0x5b, 0x6b, 0x5b, 0x67, 0x3a, 0x67, 0x19, 0x63,
  0x18, 0x5f, 0xf8, 0x5e, 0xd7, 0x5a, 0xd6, 0x56, 0xb6, 0x56, 0x95, 0x52,
  0x74, 0x4e, 0x73, 0x4e, 0x53, 0x4a, 0x32, 0x46, 0x31, 0x42, 0x2a, 0x21,
  0x24, 0x04, 0x24, 0x04, 0x24, 0x04, 0x24, 0x04, 0x24, 0x04, 0x24, 0x04,
  0x24, 0x04, 0x24, 0x04, 0x24, 0x04, 0x24, 0x04, 0x24, 0x04, 0x24, 0x04,
  0x24, 0x04, 0x24, 0x04, 0x24, 0x04, 0x24, 0x04, 0x24, 0x04, 0x24, 0x04,
  0x24, 0x04, 0x24, 0x04, 0x24, 0x04, 0x24, 0x04, 0x24, 0x04, 0x24, 0x04,
  0x24, 0x04, 0x24, 0x04, 0x24, 0x04, 0x24, 0x04, 0x24, 0x04, 0x24, 0x04,
  0x24, 0x04, 0x24, 0x04, 0x24, 0x04, 0x24, 0x04, 0x24, 0x04, 0x24, 0x04,
  0x24, 0x04, 0x24, 0x04, 0x24, 0x04, 0x24, 0x04, 0x24, 0x04, 0x24, 0x04,
  0x24, 0x04, 0x24, 0x04, 0x24, 0x04, 0x24, 0x04, 0x24, 0x04, 0x24, 0x04,
  0x24, 0x04, 0x24, 0x04, 0x24, 0x04, 0x24, 0x04, 0x24, 0x04, 0x24, 0x04,
  0x24, 0x04, 0x24, 0x04, 0x24, 0x04, 0x24, 0x04, 0x24, 0x04, 0x24, 0x04,
  0x24, 0x04, 0x24, 0x04, 0x24, 0x04, 0x24, 0x04, 0x24, 0x04, 0x24, 0x04,
  0x24, 0x04, 0x24, 0x04, 0x24, 0x04, 0x24, 0x04, 0x24, 0x04, 0x24, 0x04,
  0x24, 0x04, 0x24, 0x04, 0x24, 0x04, 0x24, 0x04, 0x24, 0x04, 0x24, 0x04,
  0x24, 0x04, 0x24, 0x04, 0x24, 0x04, 0x24, 0x04, 0x24, 0x04, 0x24, 0x04,
  0x24, 0x04, 0x24, 0x04, 0x24, 0x04, 0x24, 0x04, 0x24, 0x04, 0x24, 0x04,
  0x24, 0x04, 0x24, 0x04, 0x24, 0x04, 0x24, 0x04, 0x24, 0x04, 0x24, 0x04,
  0x24, 0x04, 0x24, 0x04, 0x24, 0x04, 0x24, 0x04, 0xf1, 0x3d, 0xbd, 0x73,
  0x9d, 0x6f, 0x7c, 0x6f, 0x5b, 0x6b, 0x5b, 0x67, 0x3a, 0x67, 0x19, 0x63,
  0x18, 0x5f, 0xf8, 0x5e, 0xd7, 0x5a, 0xd6, 0x56, 0xb6, 0x56, 0x95, 0x52,
  0x74, 0x4e, 0x73, 0x4e, 0x53, 0x4a, 0x32, 0x46, 0x31, 0x42, 0x2a, 0x21,
  0x24, 0x04, 0x24, 0x04, 0x24, 0x04, 0x24, 0x04, 0x24, 0x04, 0x24, 0x04,
  0x24, 0x04, 0x24, 0x04, 0x24, 0x04, 0x24, 0x04, 0x24, 0x04, 0x24, 0x04,
  0x24, 0x04, 0x24, 0x04, 0x24, 0x04, 0x24, 0x04, 0x24, 0x04, 0x24, 0x04,
  0x24, 0x04, 0x24, 0x04, 0x24, 0x04, 0x24, 0x04, 0x24, 0x04, 0x24, 0x04,
  0x24, 0x04, 0x24, 0x04, 0x24, 0x04, 0x24, 0x04, 0x24, 0x04, 0x24, 0x04,
  0x24, 0x04, 0x24, 0x04, 0x24, 0x04, 0x24, 0x04, 0x24, 0x04, 0x24, 0x04,
  0x24, 0x04, 0x24, 0x04, 0x24, 0x04, 0x24, 0x04, 0x24, 0x04, 0x24, 0x04,
  0x24, 0x04, 0x24, 0x04, 0x24, 0x04, 0x24, 0x04, 0x24, 0x04, 0x24, 0x04,
  0x24, 0x04, 0x24, 0x04, 0x24, 0x04, 0x24, 0x04, 0x24, 0x04, 0x24, 0x04,
  0x24, 0x04, 0x24, 0x04, 0x24, 0x04, 0x24, 0x04, 0x24, 0x04, 0x24, 0x04,
  0x24, 0x04, 0x24, 0x04, 0x24, 0x04, 0x24, 0x04, 0x24, 0x04, 0x24, 0x04,
  0x24, 0x04, 0x24, 0x04, 0x24, 0x04, 0x24, 0x04, 0x24, 0x04, 0x24, 0x04,
  0x24, 0x04, 0x24, 0x04, 0x24, 0x04, 0x24, 0x04, 0x24, 0x04, 0x24, 0x04,
  0x24, 0x04, 0x24, 0x04, 0x24, 0x04, 0x24, 0x04, 0x24, 0x04, 0x24, 0x04,
  0x24, 0x04, 0x24, 0x04, 0x24, 0x04, 0x24, 0x04, 0x24, 0x04, 0x24, 0x04,
  0x24, 0x04, 0x24, 0x04, 0x24, 0x04, 0x24, 0x04, 0x24, 0x04, 0x24, 0x04,
  0x24, 0x04, 0x24, 0x04, 0x24, 0x04, 0x24, 0x04, 0xf1, 0x3d, 0xbd, 0x73,
  0x9d, 0x6f, 0x7c, 0x6f, 0x5b, 0x6b, 0x5b, 0x67, 0x3a, 0x67, 0x19, 0x63,
  0x18, 0x5f, 0xf8, 0x5e, 0xd7, 0x5a, 0xd6, 0x56, 0xb6, 0x56, 0x95, 0x52,
  0x74, 0x4e, 0x73, 0x4e, 0x53, 0x4a, 0x32, 0x46, 0x31, 0x42, 0x2a, 0x21,
  0x24, 0x04, 0x24, 0x04, 0x24, 0x04, 0x24, 0x04, 0x24, 0x04, 0x24, 0x04,
  0x24, 0x04, 0x24, 0x04, 0x24, 0x04, 0x24, 0x04, 0x24, 0x04, 0x24, 0x04,
  0x24, 0x04, 0x24, 0x04, 0x24, 0x04, 0x24, 0x04, 0x24, 0x04, 0x24, 0x04,
  0x24, 0x04, 0x24, 0x04, 0x24, 0x04, 0x24, 0x04, 0x24, 0x04, 0x24, 0x04,
  0x24, 0x04, 0x24, 0x04, 0xcb, 0x29, 0x24, 0x04, 0x24, 0x04, 0x24, 0x04,
  0x24, 0x04, 0x24, 0x04, 0x24, 0x04, 0x24, 0x04, 0x24, 0x04, 0x24, 0x04,
  0x24, 0x04, 0x24, 0x04, 0x24, 0x04, 0x24, 0x04, 0x24, 0x04, 0x24, 0x04,
  0x24, 0x04, 0x24, 0x04, 0x24, 0x04, 0x24, 0x04, 0x24, 0x04, 0x24, 0x04,
  0x24, 0x04, 0x24, 0x04, 0x24, 0x04, 0x24, 0x04, 0x24, 0x04, 0x24, 0x04,
  0x24, 0x04, 0x24, 0x04, 0x24, 0x04, 0x24, 0x04, 0x24, 0x04, 0x24, 0x04,
  0x24, 0x04, 0x24, 0x04, 0x24, 0x04, 0x24, 0x04, 0x24, 0x04, 0x24, 0x04,
  0x24, 0x04, 0x24, 0x04, 0x24, 0x04, 0x24, 0x04, 0x24, 0x04, 0x24, 0x04,
  0x24, 0x04, 0x24, 0x04, 0x24, 0x04, 0x24, 0x04, 0x24, 0x04, 0x24, 0x04,
  0x24, 0x04, 0x24, 0x04, 0x24, 0x04, 0x24, 0x04, 0x6f, 0x3a, 0x24, 0x04,
  0x24, 0x04, 0x24, 0x04, 0x24, 0x04, 0x24, 0x04, 0x24, 0x04, 0x24, 0x04,
  0x24, 0x04, 0x24, 0x04, 0x24, 0x04, 0x24, 0x04, 0x24, 0x04, 0x24, 0x04,
  0x24, 0x04, 0x24, 0x04, 0x24, 0x04, 0x24, 0x04, 0xf1, 0x3d, 0xbd, 0x73,
  0x9d, 0x6f, 0x7c, 0x6f, 0x5b, 0x6b, 0x5b, 0x67, 0x3a, 0x67, 0x19, 0x63,
  0x18, 0x5f, 0xf8, 0x5e, 0xd7, 0x5a, 0xd6, 0x56, 0xb6, 0x56, 0x95, 0x52,
  0x74, 0x4e, 0x73, 0x4e, 0x53, 0x4a, 0x32, 0x46, 0x31, 0x42, 0x2a, 0x21,
  0x24, 0x04, 0x24, 0x04, 0x24, 0x04, 0x24, 0x04, 0x24, 0x04, 0x24, 0x04,
  0x24, 0x04, 0x24, 0x04, 0x24, 0x04, 0x24, 0x04, 0x24, 0x04, 0x24, 0x04,
  0x24, 0x04, 0x24, 0x04, 0x24, 0x04, 0x24, 0x04, 0x4e, 0x36, 0x24, 0x04,
  0x24, 0x04, 0x24, 0x04, 0x24, 0x04, 0x24, 0x04, 0x24, 0x04, 0x24, 0x04,
  0x24, 0x04, 0x24, 0x04, 0x24, 0x04, 0x24, 0x04, 0x24, 0x04, 0x24, 0x04,
  0x24, 0x04, 0x24, 0x04, 0x24, 0x04, 0x24, 0x04, 0x24, 0x04, 0x24, 0x04,
  0x24, 0x04, 0x24, 0x04, 0x24, 0x04, 0x24, 0x04, 0x24, 0x04, 0x24, 0x04,
  0x24, 0x04, 0x24, 0x04, 0x24, 0x04, 0x24, 0x04, 0x24, 0x04, 0x24, 0x04,
  0x24, 0x04, 0x24, 0x04, 0x24, 0x04, 0x24, 0x04, 0x24, 0x04, 0x24, 0x04,
  0x24, 0x04, 0x24, 0x04, 0x24, 0x04, 0x24, 0x04, 0x24, 0x04, 0x24, 0x04,
  0x24, 0x04, 0x24, 0x04, 0x24, 0x04, 0x24, 0x04, 0x24, 0x04, 0x24, 0x04,
  0x24, 0x04, 0x24, 0x04, 0x24, 0x04, 0x24, 0x04, 0x24, 0x04, 0x24, 0x04,
  0x24, 0x04, 0x24, 0x04, 0x24, 0x04, 0x24, 0x04, 0x24, 0x04, 0x24, 0x04,
  0x24, 0x04, 0x24, 0x04, 0x24, 0x04, 0x24, 0x04, 0x24, 0x04, 0x24, 0x04,
  0x24, 0x04, 0x24, 0x04, 0x24, 0x04, 0x24, 0x04, 0x24, 0x04, 0x24, 0x04,
  0x24, 0x04, 0x24, 0x04, 0x24, 0x04, 0x24, 0x04, 0x24, 0x04, 0x24, 0x04,
  0x24, 0x04, 0x24, 0x04, 0x24, 0x04, 0x24, 0x08, 0x12, 0x62, 0xbd, 0x73,
  0x9d, 0x6f, 0x7c, 0x6f, 0x5b, 0x6b, 0x5b, 0x67, 0x3a, 0x67, 0x19, 0x63,
  0x18, 0x5f, 0xf8, 0x5e, 0xd7, 0x5a, 0xd6, 0x56, 0xb6, 0x56, 0x95, 0x52,
  0x74, 0x4e, 0x73, 0x4e, 0x53, 0x4a, 0x32, 0x46, 0x31, 0x42, 0x4b, 0x49,
  0x24, 0x08, 0x24, 0x04, 0x24, 0x04, 0x24, 0x04, 0x24, 0x04, 0x24, 0x04,
  0x24, 0x04, 0x24, 0x04, 0x24, 0x04, 0x24, 0x04, 0x24, 0x04, 0x24, 0x04,
  0x24, 0x04, 0x24, 0x04, 0x24, 0x04, 0x24, 0x04, 0x24, 0x04, 0x24, 0x04,
  0x24, 0x04, 0x24, 0x04, 0x24, 0x04, 0x24, 0x04, 0x24, 0x04, 0x24, 0x04,
  0x24, 0x04, 0x24, 0x04, 0x24, 0x04, 0x24, 0x04, 0x24, 0x04, 0x24, 0x04,
  0x24, 0x04, 0x24, 0x04, 0x24, 0x04, 0x24, 0x04, 0x24, 0x04, 0x24, 0x04,
  0x24, 0x04, 0x24, 0x04, 0x24, 0x04, 0x24, 0x04, 0x24, 0x04, 0x24, 0x04,
  0x24, 0x04, 0x24, 0x04, 0x24, 0x04, 0x24, 0x04, 0x24, 0x04, 0x24, 0x04,
  0x24, 0x04, 0x24, 0x04, 0x24, 0x04, 0x24, 0x04, 0x24, 0x04, 0x24, 0x04,
  0x24, 0x04, 0x24, 0x04, 0x24, 0x04, 0x24, 0x04, 0x24, 0x04, 0x24, 0x04,
  0x24, 0x04, 0x24, 0x04, 0x24, 0x04, 0x24, 0x04, 0x24, 0x04, 0x24, 0x04,
  0x24, 0x04, 0x24, 0x04, 0x24, 0x04, 0x24, 0x04, 0x24, 0x04, 0x24, 0x04,
  0x24, 0x04, 0x24, 0x04, 0x24, 0x04, 0x24, 0x04, 0x24, 0x04, 0x24, 0x04,
  0x24, 0x04, 0x24, 0x04, 0x24, 0x04, 0x24, 0x04, 0x0d, 0x32, 0x24, 0x04,
  0x24, 0x04, 0x24, 0x04, 0x24, 0x04, 0x24, 0x04, 0x24, 0x04, 0x24, 0x04,
  0x24, 0x04, 0x24, 0x04, 0x24, 0x04, 0x24, 0x04, 0x24, 0x04, 0x24, 0x04,
  0x24, 0x04, 0x24, 0x04, 0x24, 0x04, 0x65, 0x34, 0x32, 0x6e, 0xbd, 0x73,
  0x9d, 0x6f, 0x7c, 0x6f, 0x5b, 0x6b, 0x5b, 0x67, 0x3a, 0x67, 0x19, 0x63,
  0x18, 0x5f, 0xf8, 0x5e, 0xd7, 0x5a, 0xd6, 0x56, 0xb6, 0x56, 0x95, 0x52,
  0x74, 0x4e, 0x73, 0x4e, 0x53, 0x4a, 0x32, 0x46, 0x31, 0x42, 0x4b, 0x55,
  0x65, 0x34, 0x24, 0x04, 0x24, 0x04, 0x24, 0x04, 0x24, 0x04, 0x24, 0x04,
  0x24, 0x04, 0x24, 0x04, 0x24, 0x04, 0x24, 0x04, 0x24, 0x04, 0x24, 0x04,
  0x24, 0x04, 0x24, 0x04, 0x24, 0x04, 0x24, 0x04, 0x24, 0x04, 0x24, 0x04,
  0x24, 0x04, 0x24, 0x04, 0x24, 0x04, 0x24, 0x04, 0x24, 0x04, 0x24, 0x04,
  0x24, 0x04, 0x24, 0x04, 0x24, 0x04, 0x24, 0x04, 0x24, 0x04, 0x24, 0x04,
  0x24, 0x04, 0x24, 0x04, 0x24, 0x04, 0x24, 0x04, 0x24, 0x04, 0x24, 0x04,
  0x24, 0x04, 0x24, 0x04, 0x24, 0x04, 0x24, 0x04, 0x24, 0x04, 0x24, 0x04,
  0x24, 0x04, 0x24, 0x04, 0x24, 0x04, 0x24, 0x04, 0x24, 0x04, 0x24, 0x04,
  0x24, 0x04, 0x24, 0x04, 0x24, 0x04, 0xad, 0x35, 0x24, 0x04, 0x24, 0x04,
  0x24, 0x04, 0x24, 0x04, 0x24, 0x04, 0x24, 0x04, 0x24, 0x04, 0x24, 0x04,
  0x24, 0x04, 0x24, 0x04, 0x24, 0x04, 0x24, 0x04, 0x24, 0x04, 0x24, 0x04,
  0x24, 0x04, 0x24, 0x04, 0x24, 0x04, 0x24, 0x04, 0x24, 0x04, 0x24, 0x04,
  0x24, 0x04, 0x24, 0x04, 0x24, 0x04, 0x24, 0x04, 0x24, 0x04, 0x24, 0x04,
  0x24, 0x04, 0x24, 0x04, 0x24, 0x04, 0x24, 0x04, 0x24, 0x04, 0x24, 0x04,
  0x24, 0x04, 0x24, 0x04, 0x24, 0x04, 0x24, 0x04, 0x24, 0x04, 0x24, 0x04,
  0x24, 0x04, 0x24, 0x04, 0x24, 0x04, 0x24, 0x04, 0x24, 0x04, 0x24, 0x04,
  0x24, 0x04, 0x24, 0x04, 0x24, 0x08, 0x86, 0x60, 0x32, 0x6e, 0xbd, 0x73,
  0x9d, 0x6f, 0x7c, 0x6f, 0x5b, 0x6b, 0x5b, 0x67, 0x3a, 0x67, 0x19, 0x63,
  0x18, 0x5f, 0xf8, 0x5e, 0xd7, 0x5a, 0xd6, 0x56, 0xb6, 0x56, 0x95, 0x52,
  0x74, 0x4e, 0x73, 0x4e, 0x53, 0x4a, 0x32, 0x46, 0x31, 0x42, 0x4b, 0x55,
  0x86, 0x60, 0x24, 0x08, 0x24, 0x04, 0x24, 0x04, 0x24, 0x04, 0x24, 0x04,
  0x24, 0x04, 0x24, 0x04, 0x24, 0x04, 0x24, 0x04, 0x24, 0x04, 0x24, 0x04,
  0x24, 0x04, 0x24, 0x04, 0x24, 0x04, 0x24, 0x04, 0x24, 0x04, 0x24, 0x04,
  0x24, 0x04, 0x24, 0x04, 0x24, 0x04, 0x24, 0x04, 0x24, 0x04, 0x24, 0x04,
  0x24, 0x04, 0x24, 0x04, 0x24, 0x04, 0x24, 0x04, 0x24, 0x04, 0x24, 0x04,
  0x24, 0x04, 0x24, 0x04, 0x24, 0x04, 0x24, 0x04, 0x24, 0x04, 0x24, 0x04,
  0x24, 0x04, 0x24, 0x04, 0x24, 0x04, 0x24, 0x04, 0x24, 0x04, 0x24, 0x04,
  0x24, 0x04, 0x24, 0x04, 0x24, 0x04, 0x24, 0x04, 0x24, 0x04, 0x24, 0x04,
  0x24, 0x04, 0x24, 0x04, 0x24, 0x04, 0x24, 0x04, 0x24, 0x04, 0x24, 0x04,
  0x24, 0x04, 0x24, 0x04, 0x24, 0x04, 0x24, 0x04, 0x24, 0x04, 0x24, 0x04,
  0x24, 0x04, 0x24, 0x04, 0x24, 0x04, 0x24, 0x04, 0x24, 0x04, 0x24, 0x04,
  0x24, 0x04, 0x24, 0x04, 0x24, 0x04, 0x24, 0x04, 0x24, 0x04, 0x24, 0x04,
  0x24, 0x04, 0x24, 0x04, 0x24, 0x04, 0x24, 0x04, 0x24, 0x04, 0x24, 0x04,
  0x24, 0x04, 0x24, 0x04, 0x24, 0x04, 0x24, 0x04, 0x24, 0x04, 0x24, 0x04,
  0x24, 0x04, 0x24, 0x04, 0x24, 0x04, 0x24, 0x04, 0x24, 0x04, 0x24, 0x04,
  0x24, 0x04, 0x24, 0x04, 0x24, 0x04, 0x24, 0x04, 0x24, 0x04, 0x24, 0x04,
  0x24, 0x04, 0x24, 0x04, 0x65, 0x40, 0xa6, 0x68, 0xa6, 0x68, 0xa6, 0x68,
  0xa6, 0x68, 0xa6, 0x68, 0xa6, 0x68, 0xa6, 0x68, 0xa6, 0x68, 0xa6, 0x68,
  0xa6, 0x68, 0xa6, 0x68, 0xa6, 0x68, 0xa6, 0x68, 0xa6, 0x68, 0xa6, 0x68,
  0xa6, 0x68, 0xa6, 0x68, 0xa6, 0x68, 0xa6, 0x68, 0xa6, 0x68, 0xa6, 0x68,
  0xa6, 0x68, 0x65, 0x40, 0x24, 0x04, 0x24, 0x04, 0x24, 0x04, 0x24, 0x04,
  0x24, 0x04, 0x24, 0x04, 0x24, 0x04, 0x24, 0x04, 0x24, 0x04, 0x24, 0x04,
  0x24, 0x04, 0x24, 0x04, 0x24, 0x04, 0x24, 0x04, 0x24, 0x04, 0x24, 0x04,
  0x24, 0x04, 0x24, 0x04, 0x24, 0x04, 0x24, 0x04, 0x24, 0x04, 0x24, 0x04,
  0x24, 0x04, 0x24, 0x04, 0x24, 0x04, 0x24, 0x04, 0x24, 0x04, 0x24, 0x04,
  0x24, 0x04, 0x24, 0x04, 0x24, 0x04, 0x24, 0x04, 0x24, 0x04, 0x24, 0x04,
  0x24, 0x04, 0x24, 0x04, 0x24, 0x04, 0x24, 0x04, 0x24, 0x04, 0x24, 0x04,
  0x24, 0x04, 0x24, 0x04, 0x24, 0x04, 0x24, 0x04, 0x24, 0x04, 0x24, 0x04,
  0x24, 0x04, 0x24, 0x04, 0x24, 0x04, 0x24, 0x04, 0x24, 0x04, 0x24, 0x04,
  0x24, 0x04, 0x24, 0x04, 0x24, 0x04, 0x24, 0x04, 0x24, 0x04, 0x24, 0x04,
  0x24, 0x04, 0x24, 0x04, 0x24, 0x04, 0x24, 0x04, 0x24, 0x04, 0x24, 0x04,
  0x24, 0x04, 0x24, 0x04, 0x24, 0x04, 0x24, 0x04, 0x24, 0x04, 0x24, 0x04,
  0x24, 0x04, 0x24, 0x04, 0x24, 0x04, 0x24, 0x04, 0x24, 0x04, 0x24, 0x04,
  0x24, 0x04, 0x24, 0x04, 0x24, 0x04, 0x24, 0x04, 0x24, 0x04, 0x24, 0x04,
  0x24, 0x04, 0x24, 0x04, 0x24, 0x04, 0x24, 0x04, 0x24, 0x04, 0x24, 0x04,
  0x24, 0x04, 0x24, 0x04, 0x24, 0x04, 0x24, 0x04, 0x24, 0x04, 0x24, 0x04,
  0x24, 0x04, 0x24, 0x10, 0xa6, 0x68, 0xa6, 0x68, 0xa6, 0x68, 0xa6, 0x68,
  0xa6, 0x68, 0xa6, 0x68, 0xa6, 0x68, 0xa6, 0x68, 0xa6, 0x68, 0xa6, 0x68,
  0xa6, 0x68, 0xa6, 0x68, 0xa6, 0x68, 0xa6, 0x68, 0xa6, 0x68, 0xa6, 0x68,
  0xa6, 0x68, 0xa6, 0x68, 0xa6, 0x68, 0xa6, 0x68, 0xa6, 0x68, 0xa6, 0x68,
  0xa6, 0x68, 0xa6, 0x68, 0x24, 0x10, 0x24, 0x04, 0x24, 0x04, 0x24, 0x04,
  0x24, 0x04, 0x24, 0x04, 0x24, 0x04, 0x24, 0x04, 0x24, 0x04, 0x24, 0x04,
  0x24, 0x04, 0x24, 0x04, 0x24, 0x04, 0x24, 0x04, 0x24, 0x04, 0x24, 0x04,
  0x24, 0x04, 0x24, 0x04, 0x24, 0x04, 0x24, 0x04, 0x24, 0x04, 0x24, 0x04,
  0x24, 0x04, 0x24, 0x04, 0x24, 0x04, 0x24, 0x04, 0x24, 0x04, 0x24, 0x04,
  0x24, 0x04, 0x24, 0x04, 0x24, 0x04, 0x24, 0x04, 0x24, 0x04, 0x24, 0x04,
  0x24, 0x04, 0x24, 0x04, 0x24, 0x04, 0x24, 0x04, 0x24, 0x04, 0x24, 0x04,
  0x24, 0x04, 0x24, 0x04, 0x24, 0x04, 0x24, 0x04, 0x24, 0x04, 0x24, 0x04,
  0x24, 0x04, 0x24, 0x04, 0x24, 0x04, 0x24, 0x04, 0x24, 0x04, 0x24, 0x04,
  0x24, 0x04, 0x24, 0x04, 0x24, 0x04, 0x24, 0x04, 0x24, 0x04, 0x24, 0x04,
  0x24, 0x04, 0x24, 0x04, 0x24, 0x04, 0x24, 0x04, 0x24, 0x04, 0x24, 0x04,
  0x24, 0x04, 0x24, 0x04, 0x24, 0x04, 0x24, 0x04, 0x24, 0x04, 0x24, 0x04,
  0x24, 0x04, 0x24, 0x04, 0x24, 0x04, 0x24, 0x04, 0x24, 0x04, 0x24, 0x04,
  0x24, 0x04, 0x24, 0x04, 0x24, 0x04, 0x24, 0x04, 0x24, 0x04, 0x24, 0x04,
  0x24, 0x04, 0x24, 0x04, 0x24, 0x04, 0x24, 0x04, 0x24, 0x04, 0x24, 0x04,
  0x24, 0x04, 0x24, 0x04, 0x24, 0x04, 0x24, 0x04, 0x24, 0x04, 0x24, 0x04,
  0xd6, 0x5a, 0x65, 0x48, 0xa6, 0x68, 0xa6, 0x68, 0x09, 0x69, 0x6c, 0x69,
  0x4c, 0x69, 0x4b, 0x69, 0x4b, 0x69, 0x4b, 0x69, 0x4b, 0x69, 0x4b, 0x65,
  0x2a, 0x65, 0x2a, 0x65, 0x2a, 0x65, 0x2a, 0x65, 0x2a, 0x65, 0x0a, 0x61,
  0x09, 0x61, 0x09, 0x61, 0x09, 0x61, 0x09, 0x61, 0x09, 0x5d, 0xc7, 0x64,
  0xa6, 0x68, 0xa6, 0x68, 0x65, 0x48, 0x24, 0x04, 0x24, 0x04, 0x24, 0x04,
  0x24, 0x04, 0x24, 0x04, 0x24, 0x04, 0x24, 0x04, 0x24, 0x04, 0x24, 0x04,
  0x24, 0x04, 0x24, 0x04, 0x24, 0x04, 0x24, 0x04, 0x24, 0x04, 0x24, 0x04,
  0x24, 0x04, 0x24, 0x04, 0x24, 0x04, 0x24, 0x04, 0x24, 0x04, 0x24, 0x04,
  0x24, 0x04, 0x24, 0x04, 0x24, 0x04, 0x24, 0x04, 0x24, 0x04, 0x24, 0x04,
  0x24, 0x04, 0x24, 0x04, 0x24, 0x04, 0x24, 0x04, 0x24, 0x04, 0x24, 0x04,
  0x24, 0x04, 0x24, 0x04, 0x24, 0x04, 0x24, 0x04, 0x24, 0x04, 0x24, 0x04,
  0x24, 0x04, 0x24, 0x04, 0x24, 0x04, 0x24, 0x04, 0x24, 0x04, 0x24, 0x04,
  0x24, 0x04, 0x24, 0x04, 0x24, 0x04, 0x24, 0x04, 0x24, 0x04, 0x24, 0x04,
  0x24, 0x04, 0x24, 0x04, 0x24, 0x04, 0x24, 0x04, 0x24, 0x04, 0x24, 0x04,
  0x24, 0x04, 0x24, 0x04, 0x24, 0x04, 0x24, 0x04, 0x24, 0x04, 0x24, 0x04,
  0x24, 0x04, 0x24, 0x04, 0x23, 0x04, 0x23, 0x04, 0x23, 0x04, 0x23, 0x04,
  0x23, 0x04, 0x23, 0x04, 0x23, 0x04, 0x23, 0x04, 0x23, 0x04, 0x23, 0x04,
  0x23, 0x04, 0x23, 0x04, 0x23, 0x04, 0x23, 0x04, 0x23, 0x04, 0x23, 0x04,
  0x23, 0x04, 0x23, 0x04, 0x23, 0x04, 0x23, 0x04, 0x23, 0x04, 0x23, 0x04,
  0x23, 0x04, 0x23, 0x04, 0x23, 0x04, 0x23, 0x04, 0x23, 0x04, 0x23, 0x04,
  0x44, 0x1c, 0xa6, 0x68, 0xa6, 0x68, 0xa6, 0x68, 0x32, 0x6e, 0xbd, 0x73,
  0x9d, 0x6f, 0x7c, 0x6f, 0x5b, 0x6b, 0x5b, 0x67, 0x3a, 0x67, 0x19, 0x63,
  0x18, 0x5f, 0xf8, 0x5e, 0xd7, 0x5a, 0xd6, 0x56, 0xb6, 0x56, 0x95, 0x52,
  0x74, 0x4e, 0x73, 0x4e, 0x53, 0x4a, 0x32, 0x46, 0x31, 0x42, 0x4b, 0x55,
  0xa6, 0x68, 0xa6, 0x68, 0xa6, 0x68, 0x44, 0x1c, 0x23, 0x04, 0x23, 0x04,
  0x23, 0x04, 0x23, 0x04, 0x23, 0x04, 0x23, 0x04, 0x23, 0x04, 0x23, 0x04,
  0x23, 0x04, 0x23, 0x04, 0x23, 0x04, 0x23, 0x04, 0x23, 0x04, 0x23, 0x04,
  0x23, 0x04, 0x23, 0x04, 0x23, 0x04, 0x23, 0x04, 0x23, 0x04, 0x23, 0x04,
  0x23, 0x04, 0x23, 0x04, 0x23, 0x04, 0x23, 0x04, 0x23, 0x04, 0x23, 0x04,
  0x23, 0x04, 0x23, 0x04, 0x23, 0x04, 0x23, 0x04, 0x23, 0x04, 0x23, 0x04,
  0x23, 0x04, 0x23, 0x04, 0x23, 0x04, 0x23, 0x04, 0x23, 0x04, 0x23, 0x04,
  0x23, 0x04, 0x23, 0x04, 0x23, 0x04, 0x23, 0x04, 0x23, 0x04, 0x23, 0x04,
  0x23, 0x04, 0x23, 0x04, 0x23, 0x04, 0x23, 0x04, 0x23, 0x04, 0x23, 0x04,
  0x23, 0x04, 0x23, 0x04, 0x23, 0x04, 0x23, 0x04, 0x23, 0x04, 0x23, 0x04,
  0x23, 0x04, 0x23, 0x04, 0x23, 0x04, 0x23, 0x04, 0x23, 0x04, 0x23, 0x04,
  0x23, 0x04, 0x23, 0x04, 0x23, 0x04, 0x23, 0x04, 0x23, 0x04, 0x23, 0x04,
  0x23, 0x04, 0x23, 0x04, 0x23, 0x04, 0x23, 0x04, 0x23, 0x04, 0x23, 0x04,
  0x23, 0x04, 0x23, 0x04, 0x23, 0x04, 0x23, 0x04, 0x23, 0x04, 0x23, 0x04,
  0x23, 0x04, 0x23, 0x04, 0x23, 0x04, 0x23, 0x04, 0x23, 0x04, 0x23, 0x04,
  0x23, 0x04, 0x23, 0x04, 0x23, 0x04, 0x23, 0x04, 0x23, 0x04, 0x23, 0x04,
  0x85, 0x4c, 0xa6, 0x68, 0xa6, 0x68, 0xa6, 0x68, 0x32, 0x6e, 0xbd, 0x73,
  0x9d, 0x6f, 0x7c, 0x6f, 0x5b, 0x6b, 0x5b, 0x67, 0x3a, 0x67, 0x19, 0x63,
  0x18, 0x5f, 0xf8, 0x5e, 0xd7, 0x5a, 0xd6, 0x56, 0xb6, 0x56, 0x95, 0x52,
  0x74, 0x4e, 0x73, 0x4e, 0x53, 0x4a, 0x32, 0x46, 0x31, 0x42, 0x4b, 0x55,
  0xa6, 0x68, 0xa6, 0x68, 0xa6, 0x68, 0x85, 0x4c, 0x23, 0x04, 0x23, 0x04,
  0x23, 0x04, 0x23, 0x04, 0x23, 0x04, 0x23, 0x04, 0x23, 0x04, 0x23, 0x04,
  0x23, 0x04, 0x23, 0x04, 0x23, 0x04, 0x23, 0x04, 0x23, 0x04, 0x23, 0x04,
  0x23, 0x04, 0x23, 0x04, 0x23, 0x04, 0x23, 0x04, 0x23, 0x04, 0x23, 0x04,
  0x23, 0x04, 0x23, 0x04, 0x23, 0x04, 0x23, 0x04, 0x23, 0x04, 0x23, 0x04,
  0x23, 0x04, 0x23, 0x04, 0x23, 0x04, 0x23, 0x04, 0x23, 0x04, 0x23, 0x04,
  0x23, 0x04, 0x23, 0x04, 0x23, 0x04, 0x23, 0x04, 0x23, 0x04, 0x23, 0x04,
  0x23, 0x04, 0x23, 0x04, 0x23, 0x04, 0x23, 0x04, 0x23, 0x04, 0x23, 0x04,
  0x23, 0x04, 0x23, 0x04, 0x23, 0x04, 0x23, 0x04, 0x23, 0x04, 0x23, 0x04,
  0x23, 0x04, 0x23, 0x04, 0x23, 0x04, 0x23, 0x04, 0x23, 0x04, 0x23, 0x04,
  0x23, 0x04, 0x23, 0x04, 0x23, 0x04, 0x23, 0x04, 0x23, 0x04, 0x23, 0x04,
  0x23, 0x04, 0x23, 0x04, 0x23, 0x04, 0x23, 0x04, 0x23, 0x04, 0x23, 0x04,
  0x23, 0x04, 0x23, 0x04, 0x23, 0x04, 0x23, 0x04, 0x23, 0x04, 0x23, 0x04,
  0x23, 0x04, 0x23, 0x04, 0x23, 0x04, 0x23, 0x04, 0x23, 0x04, 0x23, 0x04,
  0x23, 0x04, 0x23, 0x04, 0x23, 0x04, 0x23, 0x04, 0x23, 0x04, 0x23, 0x04,
  0x23, 0x04, 0x23, 0x04, 0x23, 0x04, 0x23, 0x04, 0x23, 0x04, 0x44, 0x28,
  0xa6, 0x68, 0xa6, 0x68, 0xa6, 0x68, 0xa6, 0x68, 0x32, 0x6e, 0xbd, 0x73,
  0x9d, 0x6f, 0x7c, 0x6f, 0x5b, 0x6b, 0x5b, 0x67, 0x3a, 0x67, 0x19, 0x63,
  0x18, 0x5f, 0xf8, 0x5e, 0xd7, 0x5a, 0xd6, 0x56, 0xb6, 0x56, 0x95, 0x52,
  0x74, 0x4e, 0x73, 0x4e, 0x53, 0x4a, 0x32, 0x46, 0x31, 0x42, 0x4b, 0x55,
  0xa6, 0x68, 0xa6, 0x68, 0xa6, 0x68, 0xa6, 0x68, 0x44, 0x28, 0x23, 0x04,
  0x23, 0x04, 0x23, 0x04, 0x23, 0x04, 0x23, 0x04, 0x23, 0x04, 0x23, 0x04,
  0x23, 0x04, 0x23, 0x04, 0x23, 0x04, 0x23, 0x04, 0x23, 0x04, 0x23, 0x04,
  0x23, 0x04, 0x23, 0x04, 0x23, 0x04, 0x23, 0x04, 0x23, 0x04, 0x23, 0x04,
  0x23, 0x04, 0x23, 0x04, 0x23, 0x04, 0x23, 0x04, 0x23, 0x04, 0x23, 0x04,
  0x23, 0x04, 0x23, 0x04, 0x23, 0x04, 0x23, 0x04, 0x23, 0x04, 0x23, 0x04,
  0x23, 0x04, 0x23, 0x04, 0x23, 0x04, 0x23, 0x04, 0x23, 0x04, 0x23, 0x04,
  0x23, 0x04, 0x23, 0x04, 0x23, 0x04, 0x23, 0x04, 0x23, 0x04, 0x23, 0x04,
  0x23, 0x04, 0x23, 0x04, 0x23, 0x04, 0x23, 0x04, 0x23, 0x04, 0x23, 0x04,
  0x23, 0x04, 0x23, 0x04, 0x23, 0x04, 0x23, 0x04, 0x23, 0x04, 0x23, 0x04,
  0x23, 0x04, 0x23, 0x04, 0x23, 0x04, 0x23, 0x04, 0x23, 0x04, 0x23, 0x04,
  0x23, 0x04, 0x23, 0x04, 0x23, 0x00, 0x23, 0x00, 0x23, 0x00, 0x23, 0x00,
  0x23, 0x00, 0x23, 0x00, 0x23, 0x00, 0x23, 0x00, 0x23, 0x00, 0x23, 0x00,
  0x23, 0x00, 0x23, 0x00, 0x23, 0x00, 0x23, 0x00, 0x23, 0x00, 0x23, 0x00,
  0x23, 0x00, 0x23, 0x00, 0x23, 0x00, 0x23, 0x00, 0x23, 0x00, 0x23, 0x00,
  0x23, 0x00, 0x23, 0x00, 0x23, 0x00, 0x23, 0x00, 0x23, 0x00, 0x86, 0x5c,
  0xa6, 0x68, 0xa6, 0x68, 0xa6, 0x68, 0xa6, 0x68, 0x32, 0x6e, 0xbd, 0x73,
  0x9d, 0x6f, 0x7c, 0x6f, 0x5b, 0x6b, 0x5b, 0x67, 0x3a, 0x67, 0x19, 0x63,
  0x18, 0x5f, 0xf8, 0x5e, 0xd7, 0x5a, 0xd6, 0x56, 0xb6, 0x56, 0x95, 0x52,
  0x74, 0x4e, 0x73, 0x4e, 0x53, 0x4a, 0x32, 0x46, 0x31, 0x42, 0x4b, 0x55,
  0xa6, 0x68, 0xa6, 0x68, 0xa6, 0x68, 0xa6, 0x68, 0x86, 0x5c, 0x23, 0x00,
  0x23, 0x00, 0x23, 0x00, 0x23, 0x00, 0x23, 0x00, 0x23, 0x00, 0x23, 0x00,
  0x23, 0x00, 0x23, 0x00, 0x23, 0x00, 0x23, 0x00, 0x23, 0x00, 0x23, 0x00,
  0x23, 0x00, 0x23, 0x00, 0x23, 0x00, 0x23, 0x00, 0x23, 0x00, 0x23, 0x00,
  0x23, 0x00, 0x23, 0x00, 0x23, 0x00, 0x23, 0x00, 0x23, 0x00, 0x23, 0x00,
  0x23, 0x00, 0x23, 0x00, 0x23, 0x00, 0x23, 0x00, 0x23, 0x00, 0x23, 0x00,
  0x23, 0x00, 0x23, 0x00, 0x23, 0x00, 0x23, 0x00, 0x23, 0x00, 0x23, 0x00,
  0x23, 0x00, 0x23, 0x00, 0x23, 0x00, 0x23, 0x00, 0x23, 0x00, 0x23, 0x00,
  0x23, 0x00, 0x23, 0x00, 0x23, 0x00, 0x23, 0x00, 0x23, 0x00, 0x23, 0x00,
  0x23, 0x00, 0x23, 0x00, 0x23, 0x00, 0x23, 0x00, 0x23, 0x00, 0x23, 0x00,
  0x23, 0x00, 0x23, 0x00, 0x23, 0x00, 0x23, 0x00, 0x23, 0x00, 0x23, 0x00,
  0x23, 0x00, 0x23, 0x00, 0x23, 0x00, 0x23, 0x00, 0x23, 0x00, 0x23, 0x00,
  0x23, 0x00, 0x23, 0x00, 0x23, 0x00, 0x23, 0x00, 0x23, 0x00, 0x23, 0x00,
  0x23, 0x00, 0x23, 0x00, 0x23, 0x00, 0x23, 0x00, 0x23, 0x00, 0x23, 0x00,
  0x23, 0x00, 0x23, 0x00, 0x23, 0x00, 0x23, 0x00, 0x23, 0x00, 0x23, 0x00,
  0x23, 0x00, 0x23, 0x00, 0x23, 0x00, 0x23, 0x00, 0x44, 0x30, 0xa6, 0x68,
  0xa6, 0x68, 0xa6, 0x68, 0xa6, 0x68, 0xa6, 0x68, 0x32, 0x6e, 0xbd, 0x73,
  0x9d, 0x6f, 0x7c, 0x6f, 0x5b, 0x6b, 0x5b, 0x67, 0x3a, 0x67, 0x19, 0x63,
  0x18, 0x5f, 0xf8, 0x5e, 0xd7, 0x5a, 0xd6, 0x56, 0xb6, 0x56, 0x95, 0x52,
  0x74, 0x4e, 0x73, 0x4e, 0x53, 0x4a, 0x32, 0x46, 0x31, 0x42, 0x4b, 0x55,
  0xa6, 0x68, 0xa6, 0x68, 0xa6, 0x68, 0xa6, 0x68, 0xa6, 0x68, 0x44, 0x30,
  0x23, 0x00, 0x23, 0x00, 0x23, 0x00, 0x23, 0x00, 0x23, 0x00, 0x23, 0x00,
  0x23, 0x00, 0x23, 0x00, 0x23, 0x00, 0x23, 0x00, 0x23, 0x00, 0x23, 0x00,
  0x23, 0x00, 0x23, 0x00, 0x23, 0x00, 0x23, 0x00, 0x23, 0x00, 0x23, 0x00,
  0x23, 0x00, 0x23, 0x00, 0x23, 0x00, 0x23, 0x00, 0x23, 0x00, 0x23, 0x00,
  0x23, 0x00, 0x23, 0x00, 0x23, 0x00, 0x23, 0x00, 0x23, 0x00, 0x23, 0x00,
  0x23, 0x00, 0x23, 0x00, 0x23, 0x00, 0x23, 0x00, 0x23, 0x00, 0x23, 0x00,
  0x23, 0x00, 0x23, 0x00, 0x23, 0x00, 0x23, 0x00, 0x23, 0x00, 0x23, 0x00,
  0x23, 0x00, 0x23, 0x00, 0x23, 0x00, 0x23, 0x00, 0x52, 0x4a, 0x23, 0x00,
  0x23, 0x00, 0x23, 0x00, 0x23, 0x00, 0x23, 0x00, 0x23, 0x00, 0x23, 0x00,
  0x23, 0x00, 0x23, 0x00, 0x23, 0x00, 0x23, 0x00, 0x23, 0x00, 0x23, 0x00,
  0x23, 0x00, 0x23, 0x00, 0x23, 0x00, 0x23, 0x00, 0x23, 0x00, 0x23, 0x00,
  0x23, 0x00, 0x23, 0x00, 0x23, 0x00, 0x23, 0x00, 0x23, 0x00, 0x23, 0x00,
  0x23, 0x00, 0x23, 0x00, 0x23, 0x00, 0x23, 0x00, 0x23, 0x00, 0x23, 0x00,
  0x23, 0x00, 0x23, 0x00, 0x23, 0x00, 0x23, 0x00, 0x23, 0x00, 0x23, 0x00,
  0x23, 0x00, 0x23, 0x00, 0x23, 0x00, 0x23, 0x08, 0x86, 0x60, 0xa6, 0x68,
  0xa6, 0x68, 0xa6, 0x68, 0xa6, 0x68, 0xa6, 0x68, 0x32, 0x6e, 0xbd, 0x73,
  0x9d, 0x6f, 0x7c, 0x6f, 0x5b, 0x6b, 0x5b, 0x67, 0x3a, 0x67, 0x19, 0x63,
  0x18, 0x5f, 0xf8, 0x5e, 0xd7, 0x5a, 0xd6, 0x56, 0xb6, 0x56, 0x95, 0x52,
  0x74, 0x4e, 0x73, 0x4e, 0x53, 0x4a, 0x32, 0x46, 0x31, 0x42, 0x4b, 0x55,
  0xa6, 0x68, 0xa6, 0x68, 0xa6, 0x68, 0xa6, 0x68, 0xa6, 0x68, 0x86, 0x60,
  0x23, 0x08, 0x23, 0x00, 0x23, 0x00, 0x23, 0x00, 0x23, 0x00, 0x23, 0x00,
  0x23, 0x00, 0x23, 0x00, 0x23, 0x00, 0x23, 0x00, 0x23, 0x00, 0x23, 0x00,
  0x23, 0x00, 0x23, 0x00, 0x23, 0x00, 0x23, 0x00, 0x23, 0x00, 0x23, 0x00,
  0x23, 0x00, 0x23, 0x00, 0x23, 0x00, 0x23, 0x00, 0x23, 0x00, 0x23, 0x00,
  0x23, 0x00, 0x23, 0x00, 0x23, 0x00, 0x23, 0x00, 0x23, 0x00, 0x23, 0x00,
  0x23, 0x00, 0x23, 0x00, 0x23, 0x00, 0x23, 0x00, 0x23, 0x00, 0x23, 0x00,
  0x23, 0x00, 0x23, 0x00, 0x23, 0x00, 0x23, 0x00, 0x23, 0x00, 0x23, 0x00,
  0x23, 0x00, 0x23, 0x00, 0x23, 0x00, 0x23, 0x00, 0x23, 0x00, 0x23, 0x00,
  0x23, 0x00, 0x23, 0x00, 0x23, 0x00, 0x23, 0x00, 0x23, 0x00, 0x23, 0x00,
  0x23, 0x00, 0x23, 0x00, 0x23, 0x00, 0x23, 0x00, 0x23, 0x00, 0x23, 0x00,
  0x23, 0x00, 0x23, 0x00, 0x23, 0x00, 0x23, 0x00, 0x23, 0x00, 0x23, 0x00,
  0x23, 0x00, 0x23, 0x00, 0x23, 0x00, 0x23, 0x00, 0x23, 0x00, 0x23, 0x00,
  0x23, 0x00, 0x23, 0x00, 0x23, 0x00, 0x23, 0x00, 0x23, 0x00, 0x23, 0x00,
  0x23, 0x00, 0x23, 0x00, 0x23, 0x00, 0x23, 0x00, 0x23, 0x00, 0x23, 0x00,
  0x23, 0x00, 0x23, 0x00, 0x23, 0x00, 0x65, 0x34, 0xa6, 0x68, 0xa6, 0x68,
  0xa6, 0x68, 0xa6, 0x68, 0xa6, 0x68, 0xa6, 0x68, 0x32, 0x6e, 0xbd, 0x73,
  0x9d, 0x6f, 0x7c, 0x6f, 0x5b, 0x6b, 0x5b, 0x67, 0x3a, 0x67, 0x19, 0x63,
  0x18, 0x5f, 0xf8, 0x5e, 0xd7, 0x5a, 0xd6, 0x56, 0xb6, 0x56, 0x95, 0x52,
  0x74, 0x4e, 0x73, 0x4e, 0x53, 0x4a, 0x32, 0x46, 0x31, 0x42, 0x4b, 0x55,
  0xa6, 0x68, 0xa6, 0x68, 0xa6, 0x68, 0xa6, 0x68, 0xa6, 0x68, 0xa6, 0x68,
  0x65, 0x34, 0x23, 0x00, 0x23, 0x00, 0x23, 0x00, 0x23, 0x00, 0x23, 0x00,
  0x23, 0x00, 0x23, 0x00, 0x0d, 0x32, 0x23, 0x00, 0x23, 0x00, 0x23, 0x00,
  0x23, 0x00, 0x23, 0x00, 0x23, 0x00, 0x23, 0x00, 0x23, 0x00, 0x23, 0x00,
  0x23, 0x00, 0x23, 0x00, 0x23, 0x00, 0x23, 0x00, 0x23, 0x00, 0x23, 0x00,
  0x23, 0x00, 0x23, 0x00, 0x23, 0x00, 0x23, 0x00, 0x23, 0x00, 0x23, 0x00,
  0x23, 0x00, 0x23, 0x00, 0x23, 0x00, 0x23, 0x00, 0x23, 0x00, 0x23, 0x00,
  0x23, 0x00, 0x23, 0x00, 0x23, 0x00, 0x23, 0x00, 0x23, 0x00, 0x23, 0x00,
  0x23, 0x00, 0x23, 0x00, 0x23, 0x00, 0x23, 0x00, 0x23, 0x00, 0x23, 0x00,
  0x23, 0x00, 0x23, 0x00, 0x23, 0x00, 0x23, 0x00, 0x23, 0x00, 0x23, 0x00,
  0x23, 0x00, 0x23, 0x00, 0x23, 0x00, 0x23, 0x00, 0x23, 0x00, 0x23, 0x00,
  0x23, 0x00, 0x23, 0x00, 0x23, 0x00, 0x23, 0x00, 0x23, 0x00, 0x23, 0x00,
  0x23, 0x00, 0x23, 0x00, 0x23, 0x00, 0x23, 0x00, 0x23, 0x00, 0x23, 0x00,
  0x23, 0x00, 0x23, 0x00, 0x23, 0x00, 0x23, 0x00, 0x23, 0x00, 0x23, 0x00,
  0x23, 0x00, 0x23, 0x00, 0x23, 0x00, 0x23, 0x00, 0x23, 0x00, 0x23, 0x00,
  0x23, 0x00, 0x23, 0x00, 0x24, 0x10, 0xa6, 0x68, 0xa6, 0x68, 0xa6, 0x68,
  0xa6, 0x68, 0xa6, 0x68, 0xa6, 0x68, 0xa6, 0x68, 0x32, 0x6e, 0xbd, 0x73,
  0x9d, 0x6f, 0x7c, 0x6f, 0x5b, 0x6b, 0x5b, 0x67, 0x3a, 0x67, 0x19, 0x63,
  0x18, 0x5f, 0xf8, 0x5e, 0xd7, 0x5a, 0xd6, 0x56, 0xb6, 0x56, 0x95, 0x52,
  0x74, 0x4e, 0x73, 0x4e, 0x53, 0x4a, 0x32, 0x46, 0x31, 0x42, 0x4b, 0x55,
  0xa6, 0x68, 0xa6, 0x68, 0xa6, 0x68, 0xa6, 0x68, 0xa6, 0x68, 0xa6, 0x68,
  0xa6, 0x68, 0x24, 0x10, 0x23, 0x00, 0x23, 0x00, 0x23, 0x00, 0x23, 0x00,
  0x23, 0x00, 0x23, 0x00, 0x23, 0x00, 0x23, 0x00, 0x23, 0x00, 0x23, 0x00,
  0x23, 0x00, 0x23, 0x00, 0x23, 0x00, 0x23, 0x00, 0x23, 0x00, 0x23, 0x00,
  0x23, 0x00, 0x23, 0x00, 0x23, 0x00, 0x23, 0x00, 0x23, 0x00, 0x23, 0x00,
  0x23, 0x00, 0x23, 0x00, 0x23, 0x00, 0x23, 0x00, 0x23, 0x00, 0x23, 0x00,
  0x23, 0x00, 0x23, 0x00, 0x23, 0x00, 0x23, 0x00, 0x23, 0x00, 0x23, 0x00,
  0x23, 0x00, 0x23, 0x00, 0x23, 0x00, 0x23, 0x00, 0x23, 0x00, 0x23, 0x00,
  0x23, 0x00, 0x23, 0x00, 0x23, 0x00, 0x23, 0x00, 0x23, 0x00, 0x23, 0x00,
  0x23, 0x00, 0x23, 0x00, 0x23, 0x00, 0x23, 0x00, 0x23, 0x00, 0x23, 0x00,
  0x23, 0x00, 0x23, 0x00, 0x23, 0x00, 0x23, 0x00, 0x23, 0x00, 0x23, 0x00,
  0x23, 0x00, 0x23, 0x00, 0x23, 0x00, 0x23, 0x00, 0x23, 0x00, 0x23, 0x00,
  0xce, 0x55, 0x23, 0x00, 0x23, 0x00, 0x23, 0x00, 0x23, 0x00, 0x23, 0x00,
  0x23, 0x00, 0x23, 0x00, 0x23, 0x00, 0x23, 0x00, 0x23, 0x00, 0x23, 0x00,
  0x23, 0x00, 0x23, 0x00, 0x23, 0x00, 0x23, 0x00, 0x23, 0x00, 0x23, 0x00,
  0x23, 0x00, 0x23, 0x00, 0x65, 0x40, 0xa6, 0x68, 0xa6, 0x68, 0xa6, 0x68,
  0xa6, 0x68, 0xa6, 0x68, 0xa6, 0x68, 0xa6, 0x68, 0xaf, 0x61, 0xd7, 0x56,
  0xd6, 0x5e, 0x15, 0x73, 0xf5, 0x6e, 0xf4, 0x6e, 0x36, 0x6b, 0x36, 0x6b,
  0x35, 0x67, 0x14, 0x67, 0x14, 0x63, 0xf3, 0x62, 0xf3, 0x5e, 0xb2, 0x5e,
  0x50, 0x5a, 0x4f, 0x5a, 0x2e, 0x56, 0xce, 0x3d, 0xae, 0x31, 0x0a, 0x4d,
  0xa6, 0x68, 0xa6, 0x68, 0xa6, 0x68, 0xa6, 0x68, 0xa6, 0x68, 0xa6, 0x68,
  0xa6, 0x68, 0x65, 0x40, 0x23, 0x00, 0x23, 0x00, 0x23, 0x00, 0x23, 0x00,
  0x23, 0x00, 0x23, 0x00, 0x23, 0x00, 0x23, 0x00, 0x23, 0x00, 0x23, 0x00,
  0x23, 0x00, 0x23, 0x00, 0x23, 0x00, 0x23, 0x00, 0x23, 0x00, 0x23, 0x00,
  0x23, 0x00, 0x23, 0x00, 0x23, 0x00, 0x23, 0x00, 0x23, 0x00, 0x23, 0x00,
  0x23, 0x00, 0x23, 0x00, 0x23, 0x00, 0x23, 0x00, 0x23, 0x00, 0x23, 0x00,
  0x23, 0x00, 0x23, 0x00, 0x23, 0x00, 0x23, 0x00, 0x23, 0x00, 0x23, 0x00,
  0x23, 0x00, 0x23, 0x00, 0x23, 0x00, 0x23, 0x00, 0x23, 0x00, 0x23, 0x00,
  0x23, 0x00, 0x23, 0x00, 0x23, 0x00, 0x23, 0x00, 0x23, 0x00, 0x23, 0x00,
  0x23, 0x00, 0x23, 0x00, 0x23, 0x00, 0x23, 0x00, 0x23, 0x00, 0x23, 0x00,
  0x23, 0x00, 0x23, 0x00, 0x23, 0x00, 0x23, 0x00, 0x23, 0x00, 0x23, 0x00,
  0x23, 0x00, 0x23, 0x00, 0x23, 0x00, 0x23, 0x00, 0x23, 0x00, 0x23, 0x00,
  0x23, 0x00, 0x23, 0x00, 0x23, 0x00, 0x23, 0x00, 0x23, 0x00, 0x23, 0x00,
  0x23, 0x00, 0x23, 0x00, 0x23, 0x00, 0x23, 0x00, 0x23, 0x00, 0x23, 0x00,
  0x23, 0x00, 0x23, 0x00, 0x23, 0x00, 0x23, 0x00, 0x23, 0x00, 0x23, 0x00,
  0x23, 0x00, 0x24, 0x14, 0xa6, 0x68, 0xa6, 0x68, 0xa6, 0x68, 0xa6, 0x68,
  0xa6, 0x68, 0xa6, 0x68, 0xa6, 0x68, 0xa6, 0x68, 0x64, 0x34, 0x23, 0x00,
  0x43, 0x08, 0xe2, 0x7d, 0xe2, 0x7d, 0xe2, 0x7d, 0xe8, 0x7e, 0x8b, 0x7f,
  0x8b, 0x7f, 0x8b, 0x7f, 0x8b, 0x7f, 0x8b, 0x7f, 0x8b, 0x7f, 0xe8, 0x7e,
  0xe2, 0x7d, 0xe2, 0x7d, 0xe2, 0x7d, 0x43, 0x08, 0x23, 0x00, 0x64, 0x34,
  0xa6, 0x68, 0xa6, 0x68, 0xa6, 0x68, 0xa6, 0x68, 0xa6, 0x68, 0xa6, 0x68,
  0xa6, 0x68, 0xa6, 0x68, 0x24, 0x14, 0x23, 0x00, 0x23, 0x00, 0x23, 0x00,
  0x23, 0x00, 0x23, 0x00, 0x23, 0x00, 0x23, 0x00, 0x23, 0x00, 0x23, 0x00,
  0x23, 0x00, 0x23, 0x00, 0x23, 0x00, 0x23, 0x00, 0x23, 0x00, 0x23, 0x00,
  0x23, 0x00, 0x23, 0x00, 0x23, 0x00, 0x23, 0x00, 0x23, 0x00, 0x23, 0x00,
  0x23, 0x00, 0x23, 0x00, 0x23, 0x00, 0x23, 0x00, 0x23, 0x00, 0x23, 0x00,
  0x23, 0x00, 0x23, 0x00, 0x23, 0x00, 0x23, 0x00, 0x23, 0x00, 0x23, 0x00,
  0x23, 0x00, 0x23, 0x00, 0x23, 0x00, 0x23, 0x00, 0x23, 0x00, 0x23, 0x00,
  0x23, 0x00, 0x23, 0x00, 0x23, 0x00, 0x23, 0x00, 0x23, 0x00, 0x23, 0x00,
  0x23, 0x00, 0x23, 0x00, 0x23, 0x00, 0x23, 0x00, 0x23, 0x00, 0x23, 0x00,
  0x23, 0x00, 0x23, 0x00, 0x23, 0x00, 0x23, 0x00, 0x23, 0x00, 0x23, 0x00,
  0x23, 0x00, 0x23, 0x00, 0x23, 0x00, 0x23, 0x00, 0x23, 0x00, 0x23, 0x00,
  0x23, 0x00, 0x23, 0x00, 0x23, 0x00, 0x23, 0x00, 0x23, 0x00, 0x23, 0x00,
  0x23, 0x00, 0x23, 0x00, 0x23, 0x00, 0x23, 0x00, 0x23, 0x00, 0x23, 0x00,
  0x23, 0x00, 0x23, 0x00, 0x23, 0x00, 0x23, 0x00, 0x23, 0x00, 0x23, 0x00,
  0x23, 0x00, 0x85, 0x4c, 0xa6, 0x68, 0xa6, 0x68, 0xa6, 0x68, 0xa6, 0x68,
  0xa6, 0x68, 0xa6, 0x68, 0xa6, 0x68, 0xa6, 0x68, 0x64, 0x34, 0x23, 0x00,
  0x23, 0x00, 0x42, 0x59, 0xe2, 0x7d, 0xe2, 0x7d, 0x65, 0x7e, 0x8b, 0x7f,
  0x8b, 0x7f, 0x8b, 0x7f, 0x8b, 0x7f, 0x8b, 0x7f, 0x8b, 0x7f, 0x65, 0x7e,
  0xe2, 0x7d, 0xe2, 0x7d, 0x42, 0x59, 0x23, 0x00, 0x23, 0x00, 0x64, 0x34,
  0xa6, 0x68, 0xa6, 0x68, 0xa6, 0x68, 0xa6, 0x68, 0xa6, 0x68, 0xa6, 0x68,
  0xa6, 0x68, 0xa6, 0x68, 0x85, 0x4c, 0x23, 0x00, 0x23, 0x00, 0x23, 0x00,
  0x23, 0x00, 0x23, 0x00, 0x23, 0x00, 0x23, 0x00, 0x23, 0x00, 0x23, 0x00,
  0x23, 0x00, 0x23, 0x00, 0x23, 0x00, 0x23, 0x00, 0x23, 0x00, 0x23, 0x00,
  0x23, 0x00, 0x23, 0x00, 0x23, 0x00, 0x23, 0x00, 0x23, 0x00, 0x23, 0x00,
  0x23, 0x00, 0x23, 0x00, 0x23, 0x00, 0x23, 0x00, 0x23, 0x00, 0x23, 0x00,
  0x23, 0x00, 0x23, 0x00, 0x23, 0x00, 0x23, 0x00, 0x23, 0x00, 0x23, 0x00,
  0x23, 0x00, 0x23, 0x00, 0x23, 0x00, 0x23, 0x00, 0x23, 0x00, 0x23, 0x00,
  0x23, 0x00, 0x23, 0x00, 0x23, 0x00, 0x23, 0x00, 0x23, 0x00, 0x23, 0x00,
  0x23, 0x00, 0x23, 0x00, 0x23, 0x00, 0x23, 0x00, 0x23, 0x00, 0x23, 0x00,
  0x23, 0x00, 0x23, 0x00, 0x23, 0x00, 0x23, 0x00, 0x23, 0x00, 0x23, 0x00,
  0x23, 0x00, 0x23, 0x00, 0x23, 0x00, 0x23, 0x00, 0x23, 0x00, 0x23, 0x00,
  0x23, 0x00, 0x23, 0x00, 0x23, 0x00, 0x23, 0x00, 0x23, 0x00, 0x23, 0x00,
  0x23, 0x00, 0x23, 0x00, 0x23, 0x00, 0x23, 0x00, 0x23, 0x00, 0x23, 0x00,
  0x23, 0x00, 0x23, 0x00, 0x23, 0x00, 0x23, 0x00, 0x23, 0x00, 0x23, 0x00,
  0x44, 0x1c, 0xa6, 0x68, 0xa6, 0x68, 0xa6, 0x68, 0xa6, 0x68, 0xa6, 0x68,
  0xa6, 0x68, 0xa6, 0x68, 0xa6, 0x68, 0x85, 0x4c, 0x44, 0x28, 0x23, 0x00,
  0x23, 0x00, 0xc3, 0x30, 0xe2, 0x7d, 0xe2, 0x7d, 0xe3, 0x7d, 0x8b, 0x7f,
  0x8b, 0x7f, 0x8b, 0x7f, 0x8b, 0x7f, 0x8b, 0x7f, 0x8b, 0x7f, 0xe3, 0x7d,
  0xe2, 0x7d, 0xe2, 0x7d, 0xc3, 0x30, 0x23, 0x00, 0x23, 0x00, 0x44, 0x28,
  0x85, 0x4c, 0xa6, 0x68, 0xa6, 0x68, 0xa6, 0x68, 0xa6, 0x68, 0xa6, 0x68,
  0xa6, 0x68, 0xa6, 0x68, 0xa6, 0x68, 0x44, 0x1c, 0x23, 0x00, 0x23, 0x00,
  0x23, 0x00, 0x23, 0x00, 0x23, 0x00, 0x23, 0x00, 0x23, 0x00, 0x23, 0x00,
  0x23, 0x00, 0x23, 0x00, 0x23, 0x00, 0x23, 0x00, 0x23, 0x00, 0x23, 0x00,
  0x23, 0x00, 0x23, 0x00, 0x23, 0x00, 0x23, 0x00, 0x23, 0x00, 0x23, 0x00,
  0x23, 0x00, 0x23, 0x00, 0x23, 0x00, 0x23, 0x00, 0x23, 0x00, 0x23, 0x00,
  0x23, 0x00, 0x23, 0x00, 0x23, 0x00, 0x23, 0x00, 0x23, 0x00, 0x23, 0x00,
  0x23, 0x00, 0x23, 0x00, 0x23, 0x00, 0x23, 0x00, 0x23, 0x00, 0x23, 0x00,
  0x23, 0x00, 0x23, 0x00, 0x23, 0x00, 0x23, 0x00, 0x23, 0x00, 0x23, 0x00,
  0x23, 0x00, 0x23, 0x00, 0x23, 0x00, 0x23, 0x00, 0x23, 0x00, 0x23, 0x00,
  0x23, 0x00, 0x23, 0x00, 0x23, 0x00, 0x23, 0x00, 0x23, 0x00, 0x23, 0x00,
  0x23, 0x00, 0x23, 0x00, 0x23, 0x00, 0x23, 0x00, 0x23, 0x00, 0x23, 0x00,
  0x23, 0x00, 0x23, 0x00, 0x23, 0x00, 0x23, 0x00, 0x23, 0x00, 0x23, 0x00,
  0x23, 0x00, 0x23, 0x00, 0x23, 0x00, 0x23, 0x00, 0x23, 0x00, 0x23, 0x00,
  0x23, 0x00, 0x23, 0x00, 0x23, 0x00, 0x23, 0x00, 0x23, 0x00, 0x23, 0x00,
  0x85, 0x5c, 0x86, 0x60, 0x85, 0x4c, 0x65, 0x40, 0x64, 0x34, 0x44, 0x28,
  0x44, 0x1c, 0x23, 0x08, 0x23, 0x00, 0x23, 0x00, 0x23, 0x00, 0x23, 0x00,
  0x23, 0x00, 0x43, 0x08, 0xe2, 0x7d, 0xe2, 0x7d, 0xe2, 0x7d, 0x29, 0x7f,
  0x8b, 0x7f, 0x8b, 0x7f, 0x8b, 0x7f, 0x8b, 0x7f, 0x29, 0x7f, 0xe2, 0x7d,
  0xe2, 0x7d, 0xe2, 0x7d, 0x43, 0x08, 0x23, 0x00, 0x23, 0x00, 0x23, 0x00,
  0x23, 0x00, 0x23, 0x00, 0x23, 0x08, 0x44, 0x1c, 0x44, 0x28, 0x64, 0x34,
  0x65, 0x40, 0x85, 0x4c, 0x86, 0x60, 0x85, 0x5c, 0x23, 0x00, 0x23, 0x00,
  0x23, 0x00, 0x23, 0x00, 0x23, 0x00, 0x23, 0x00, 0x23, 0x00, 0x23, 0x00,
  0x23, 0x00, 0x23, 0x00, 0x23, 0x00, 0x23, 0x00, 0x23, 0x00, 0x23, 0x00,
  0x23, 0x00, 0x23, 0x00, 0x23, 0x00, 0x23, 0x00, 0x23, 0x00, 0x23, 0x00,
  0x23, 0x00, 0x23, 0x00, 0x23, 0x00, 0x23, 0x00, 0x23, 0x00, 0x23, 0x00,
  0x23, 0x00, 0x23, 0x00, 0x23, 0x00, 0x23, 0x00, 0x23, 0x00, 0x23, 0x00,
  0x23, 0x00, 0x23, 0x00, 0x23, 0x00, 0x23, 0x00, 0x23, 0x00, 0x23, 0x00,
  0x23, 0x00, 0x23, 0x00, 0x23, 0x00, 0x23, 0x00, 0x23, 0x00, 0x23, 0x00,
  0x23, 0x00, 0x23, 0x00, 0x23, 0x00, 0x23, 0x00, 0x23, 0x00, 0x23, 0x00,
  0x23, 0x00, 0x23, 0x00, 0x23, 0x00, 0x23, 0x00, 0x23, 0x00, 0x23, 0x00,
  0x23, 0x00, 0x23, 0x00, 0x23, 0x00, 0x23, 0x00, 0x23, 0x00, 0x23, 0x00,
  0x23, 0x00, 0x23, 0x00, 0x23, 0x00, 0x23, 0x00, 0x23, 0x00, 0x23, 0x00,
  0x23, 0x00, 0x23, 0x00, 0x23, 0x00, 0x23, 0x00, 0x23, 0x00, 0x23, 0x00,
  0x23, 0x00, 0x23, 0x00, 0x23, 0x00, 0x23, 0x00, 0x23, 0x00, 0x23, 0x08,
  0x23, 0x00, 0x23, 0x00, 0x23, 0x00, 0x23, 0x00, 0x23, 0x00, 0x23, 0x00,
  0x23, 0x00, 0x23, 0x00, 0x23, 0x00, 0x23, 0x00, 0x23, 0x00, 0x23, 0x00,
  0x23, 0x00, 0x23, 0x00, 0x42, 0x59, 0xe2, 0x7d, 0xe2, 0x7d, 0xa6, 0x7e,
  0x8b, 0x7f, 0x8b, 0x7f, 0x8b, 0x7f, 0x8b, 0x7f, 0xa6, 0x7e, 0xe2, 0x7d,
  0xe2, 0x7d, 0x42, 0x59, 0x23, 0x00, 0x23, 0x00, 0x23, 0x00, 0x23, 0x00,
  0x23, 0x00, 0x23, 0x00, 0x23, 0x00, 0x23, 0x00, 0x23, 0x00, 0x23, 0x00,
  0x23, 0x00, 0x23, 0x00, 0x23, 0x00, 0x23, 0x00, 0x23, 0x08, 0x23, 0x00,
  0x23, 0x00, 0x23, 0x00, 0x23, 0x00, 0x23, 0x00, 0x23, 0x00, 0x23, 0x00,
  0x23, 0x00, 0x23, 0x00, 0x23, 0x00, 0x23, 0x00, 0x5a, 0x6b, 0x23, 0x00,
  0x23, 0x00, 0x23, 0x00, 0x23, 0x00, 0x23, 0x00, 0x23, 0x00, 0x23, 0x00,
  0x23, 0x00, 0x23, 0x00, 0x23, 0x00, 0x23, 0x00, 0x23, 0x00, 0x23, 0x00,
  0x23, 0x00, 0x23, 0x00, 0x23, 0x00, 0x23, 0x00, 0x23, 0x00, 0x23, 0x00,
  0x23, 0x00, 0x23, 0x00, 0x23, 0x00, 0x23, 0x00, 0x23, 0x00, 0x23, 0x00,
  0x23, 0x00, 0x23, 0x00, 0x23, 0x00, 0x23, 0x00, 0x23, 0x00, 0x23, 0x00,
  0x23, 0x00, 0x23, 0x00, 0x23, 0x00, 0x23, 0x00, 0x23, 0x00, 0x23, 0x00,
  0x23, 0x00, 0x23, 0x00, 0x23, 0x00, 0x23, 0x00, 0x23, 0x00, 0x23, 0x00,
  0x23, 0x00, 0x23, 0x00, 0x23, 0x00, 0x23, 0x00, 0x23, 0x00, 0x23, 0x00,
  0x23, 0x00, 0x23, 0x00, 0x23, 0x00, 0x23, 0x00, 0x23, 0x00, 0x23, 0x00,
  0x23, 0x00, 0x23, 0x00, 0x23, 0x00, 0x23, 0x00, 0x23, 0x00, 0x23, 0x00,
  0x23, 0x00, 0x23, 0x00, 0x23, 0x00, 0x23, 0x00, 0x23, 0x00, 0x23, 0x00,
  0x23, 0x00, 0x23, 0x00, 0x23, 0x00, 0x23, 0x00, 0x23, 0x00, 0x23, 0x00,
  0x78, 0x42, 0x23, 0x00, 0x23, 0x00, 0x23, 0x00, 0x23, 0x00, 0x23, 0x00,
  0x23, 0x00, 0x23, 0x00, 0xc3, 0x30, 0xe2, 0x7d, 0xe2, 0x7d, 0x24, 0x7e,
  0x8b, 0x7f, 0x8b, 0x7f, 0x8b, 0x7f, 0x8b, 0x7f, 0x24, 0x7e, 0xe2, 0x7d,
  0xe2, 0x7d, 0xc3, 0x30, 0x23, 0x00, 0x23, 0x00, 0x23, 0x00, 0x23, 0x00,
  0x23, 0x00, 0x23, 0x00, 0x23, 0x00, 0x23, 0x00, 0x23, 0x00, 0x23, 0x00,
  0x23, 0x00, 0x23, 0x00, 0x23, 0x00, 0x23, 0x00, 0x23, 0x00, 0x23, 0x00,
  0x23, 0x00, 0x23, 0x00, 0x23, 0x00, 0x23, 0x00, 0x23, 0x00, 0x23, 0x00,
  0x23, 0x00, 0x23, 0x00, 0x23, 0x00, 0x23, 0x00, 0x23, 0x00, 0x23, 0x00,
  0x23, 0x00, 0x23, 0x00, 0x23, 0x00, 0x23, 0x00, 0x23, 0x00, 0x23, 0x00,
  0x23, 0x00, 0x23, 0x00, 0x23, 0x00, 0x23, 0x00, 0x23, 0x00, 0x23, 0x00,
  0x23, 0x00, 0x23, 0x00, 0x23, 0x00, 0x23, 0x00, 0x23, 0x00, 0x23, 0x00,
  0x23, 0x00, 0x23, 0x00, 0x23, 0x00, 0x23, 0x00, 0x23, 0x00, 0x23, 0x00,
  0x23, 0x00, 0x23, 0x00, 0x23, 0x00, 0x23, 0x00, 0x23, 0x00, 0x23, 0x00,
  0x23, 0x00, 0x23, 0x00, 0x23, 0x00, 0x23, 0x00, 0x23, 0x00, 0x23, 0x00,
  0x23, 0x00, 0x23, 0x00, 0x23, 0x00, 0x23, 0x00, 0x23, 0x00, 0x23, 0x00,
  0x23, 0x00, 0x23, 0x00, 0x23, 0x00, 0x23, 0x00, 0x23, 0x00, 0x23, 0x00,
  0x23, 0x00, 0x23, 0x00, 0x23, 0x00, 0x23, 0x00, 0x23, 0x00, 0x23, 0x00,
  0x23, 0x00, 0x23, 0x00, 0x23, 0x00, 0x23, 0x00, 0x23, 0x00, 0x23, 0x00,
  0x23, 0x00, 0x23, 0x00, 0x23, 0x00, 0x23, 0x00, 0x23, 0x00, 0x23, 0x00,
  0x23, 0x00, 0x23, 0x00, 0x23, 0x00, 0x23, 0x00, 0x23, 0x00, 0x23, 0x00,
  0x23, 0x00, 0x23, 0x00, 0x23, 0x00, 0x23, 0x00, 0x23, 0x00, 0x23, 0x00,
  0x23, 0x00, 0x23, 0x00, 0x23, 0x08, 0xe2, 0x7d, 0xe2, 0x7d, 0xe2, 0x7d,
  0x6a, 0x7f, 0x8b, 0x7f, 0x8b, 0x7f, 0x6a, 0x7f, 0xe2, 0x7d, 0xe2, 0x7d,
  0xe2, 0x7d, 0x23, 0x08, 0x23, 0x00, 0x23, 0x00, 0x23, 0x00, 0x23, 0x00,
  0x23, 0x00, 0x23, 0x00, 0x23, 0x00, 0x23, 0x00, 0x23, 0x00, 0x23, 0x00,
  0x23, 0x00, 0x23, 0x00, 0x23, 0x00, 0x23, 0x00, 0x23, 0x00, 0x23, 0x00,
  0x23, 0x00, 0x23, 0x00, 0x23, 0x00, 0x23, 0x00, 0x23, 0x00, 0x23, 0x00,
  0x23, 0x00, 0x23, 0x00, 0x23, 0x00, 0x23, 0x00, 0x23, 0x00, 0x23, 0x00,
  0x23, 0x00, 0x23, 0x00, 0x23, 0x00, 0x23, 0x00, 0x23, 0x00, 0x23, 0x00,
  0x23, 0x00, 0x23, 0x00, 0x23, 0x00, 0x23, 0x00, 0x23, 0x00, 0x23, 0x00,
  0x23, 0x00, 0x23, 0x00, 0x23, 0x00, 0x23, 0x00, 0x23, 0x00, 0x23, 0x00,
  0x23, 0x00, 0x23, 0x00, 0x23, 0x00, 0x23, 0x00, 0x23, 0x00, 0x23, 0x00,
  0x23, 0x00, 0x23, 0x00, 0x23, 0x00, 0x23, 0x00, 0x23, 0x00, 0x23, 0x00,
  0x23, 0x00, 0x23, 0x00, 0x23, 0x00, 0x23, 0x00, 0x23, 0x00, 0x23, 0x00,
  0x23, 0x00, 0x23, 0x00, 0x23, 0x00, 0x23, 0x00, 0x23, 0x00, 0x23, 0x00,
  0x23, 0x00, 0x23, 0x00, 0x23, 0x00, 0x23, 0x00, 0x23, 0x00, 0x23, 0x00,
  0x23, 0x00, 0x23, 0x00, 0x23, 0x00, 0x23, 0x00, 0x23, 0x00, 0x23, 0x00,
  0x23, 0x00, 0x23, 0x00, 0x23, 0x00, 0x23, 0x00, 0x23, 0x00, 0x23, 0x00,
  0x23, 0x00, 0x23, 0x00, 0x23, 0x00, 0x23, 0x00, 0x23, 0x00, 0x23, 0x00,
  0x23, 0x00, 0x23, 0x00, 0x23, 0x00, 0x23, 0x00, 0x23, 0x00, 0x23, 0x00,
  0x23, 0x00, 0x23, 0x00, 0x23, 0x00, 0x23, 0x00, 0x23, 0x00, 0x23, 0x00,
  0x23, 0x00, 0x23, 0x00, 0x23, 0x00, 0x62, 0x61, 0xe2, 0x7d, 0xe2, 0x7d,
  0xe8, 0x7e, 0x8b, 0x7f, 0x8b, 0x7f, 0xe8, 0x7e, 0xe2, 0x7d, 0xe2, 0x7d,
  0x62, 0x61, 0x23, 0x00, 0x23, 0x00, 0x23, 0x00, 0x23, 0x00, 0x23, 0x00,
  0x23, 0x00, 0x23, 0x00, 0x23, 0x00, 0x23, 0x00, 0x23, 0x00, 0x23, 0x00,
  0x23, 0x00, 0x23, 0x00, 0x23, 0x00, 0x23, 0x00, 0x23, 0x00, 0x23, 0x00,
  0x23, 0x00, 0x23, 0x00, 0x23, 0x00, 0x23, 0x00, 0x23, 0x00, 0x23, 0x00,
  0x23, 0x00, 0x23, 0x00, 0x23, 0x00, 0x23, 0x00, 0x23, 0x00, 0x23, 0x00,
  0x23, 0x00, 0x23, 0x00, 0x23, 0x00, 0x23, 0x00, 0x23, 0x00, 0x23, 0x00,
  0x23, 0x00, 0x23, 0x00, 0x23, 0x00, 0x23, 0x00, 0x23, 0x00, 0x23, 0x00,
  0x23, 0x00, 0x23, 0x00, 0x23, 0x00, 0x23, 0x00, 0x23, 0x00, 0x23, 0x00,
  0x23, 0x00, 0x23, 0x00, 0x23, 0x00, 0x23, 0x00, 0x23, 0x00, 0x23, 0x00,
  0x23, 0x00, 0x23, 0x00, 0x23, 0x00, 0x23, 0x00, 0x23, 0x00, 0x23, 0x00,
  0x23, 0x00, 0x23, 0x00, 0x23, 0x00, 0x23, 0x00, 0x23, 0x00, 0x23, 0x00,
  0x23, 0x00, 0x23, 0x00, 0x23, 0x00, 0x23, 0x00, 0x23, 0x00, 0x23, 0x00,
  0x23, 0x00, 0x23, 0x00, 0x23, 0x00, 0x23, 0x00, 0x23, 0x00, 0x23, 0x00,
  0x23, 0x00, 0x23, 0x00, 0x23, 0x00, 0x23, 0x00, 0x23, 0x00, 0x23, 0x00,
  0x23, 0x00, 0x23, 0x00, 0x23, 0x00, 0x23, 0x00, 0x23, 0x00, 0x23, 0x00,
  0x23, 0x00, 0x23, 0x00, 0x23, 0x00, 0x23, 0x00, 0x23, 0x00, 0x23, 0x00,
  0x23, 0x00, 0x23, 0x00, 0x23, 0x00, 0x23, 0x00, 0x23, 0x00, 0x23, 0x00,
  0x23, 0x00, 0x23, 0x00, 0x23, 0x00, 0x23, 0x00, 0x23, 0x00, 0x23, 0x00,
  0x23, 0x00, 0x23, 0x00, 0x23, 0x00, 0xe3, 0x38, 0xe2, 0x7d, 0xe2, 0x7d,
  0x65, 0x7e, 0x8b, 0x7f, 0x8b, 0x7f, 0x65, 0x7e, 0xe2, 0x7d, 0xe2, 0x7d,
  0xe3, 0x38, 0x23, 0x00, 0x23, 0x00, 0x23, 0x00, 0x23, 0x00, 0x23, 0x00,
  0x23, 0x00, 0x23, 0x00, 0x23, 0x00, 0x23, 0x00, 0x23, 0x00, 0x23, 0x00,
  0x23, 0x00, 0x23, 0x00, 0x23, 0x00, 0x23, 0x00, 0x23, 0x00, 0x23, 0x00,
  0x23, 0x00, 0x23, 0x00, 0x23, 0x00, 0x23, 0x00, 0x23, 0x00, 0x23, 0x00,
  0x23, 0x00, 0x23, 0x00, 0x23, 0x00, 0x23, 0x00, 0x23, 0x00, 0x23, 0x00,
  0x23, 0x00, 0x23, 0x00, 0x23, 0x00, 0x23, 0x00, 0x23, 0x00, 0x23, 0x00,
  0x23, 0x00, 0x23, 0x00, 0x23, 0x00, 0x23, 0x00, 0x23, 0x00, 0x23, 0x00,
  0x23, 0x00, 0x23, 0x00, 0x23, 0x00, 0x23, 0x00, 0x23, 0x00, 0x23, 0x00,
  0x23, 0x00, 0x23, 0x00, 0x23, 0x00, 0x23, 0x00, 0x23, 0x00, 0x23, 0x00,
  0x23, 0x00, 0x23, 0x00, 0x23, 0x00, 0x23, 0x00, 0x23, 0x00, 0x23, 0x00,
  0x23, 0x00, 0x23, 0x00, 0x23, 0x00, 0x23, 0x00, 0x23, 0x00, 0x23, 0x00,
  0x23, 0x00, 0x23, 0x00, 0x23, 0x00, 0x23, 0x00, 0x23, 0x00, 0x23, 0x00,
  0x23, 0x00, 0x23, 0x00, 0x23, 0x00, 0x23, 0x00, 0x23, 0x00, 0x23, 0x00,
  0x23, 0x00, 0x23, 0x00, 0x23, 0x00, 0x23, 0x00, 0x23, 0x00, 0x23, 0x00,
  0x23, 0x00, 0x23, 0x00, 0x23, 0x00, 0x23, 0x00, 0x23, 0x00, 0x23, 0x00,
  0x23, 0x00, 0x23, 0x00, 0x23, 0x00, 0x23, 0x00, 0x23, 0x00, 0x23, 0x00,
  0x23, 0x00, 0x23, 0x00, 0x23, 0x00, 0x23, 0x00, 0x23, 0x00, 0x23, 0x00,
  0x23, 0x00, 0x23, 0x00, 0x23, 0x00, 0x23, 0x00, 0x23, 0x00, 0x23, 0x00,
  0x23, 0x00, 0x23, 0x00, 0x23, 0x00, 0x43, 0x10, 0xe2, 0x7d, 0xe2, 0x7d,
  0xe3, 0x7d, 0x8b, 0x7f, 0x8b, 0x7f, 0xe3, 0x7d, 0xe2, 0x7d, 0xe2, 0x7d,
  0x43, 0x10, 0x23, 0x00, 0x23, 0x00, 0x23, 0x00, 0x23, 0x00, 0x23, 0x00,
  0x23, 0x00, 0x23, 0x00, 0x23, 0x00, 0x23, 0x00, 0x23, 0x00, 0x23, 0x00,
  0x23, 0x00, 0x23, 0x00, 0x23, 0x00, 0x23, 0x00, 0xd0, 0x5e, 0x23, 0x00,
  0x23, 0x00, 0x23, 0x00, 0x23, 0x00, 0x23, 0x00, 0x23, 0x00, 0x23, 0x00,
  0x23, 0x00, 0x23, 0x00, 0x23, 0x00, 0x23, 0x00, 0x23, 0x00, 0x23, 0x00,
  0x23, 0x00, 0x23, 0x00, 0x23, 0x00, 0x23, 0x00, 0x23, 0x00, 0x23, 0x00,
  0x23, 0x00, 0x23, 0x00, 0x23, 0x00, 0x23, 0x00, 0x23, 0x00, 0x23, 0x00,
  0x23, 0x00, 0x23, 0x00, 0x23, 0x00, 0x23, 0x00, 0x23, 0x00, 0x23, 0x00,
  0x23, 0x00, 0x23, 0x00, 0x23, 0x00, 0x23, 0x00, 0x23, 0x00, 0x23, 0x00,
  0x23, 0x00, 0x23, 0x00, 0x23, 0x00, 0x23, 0x00, 0x23, 0x00, 0x23, 0x00,
  0x23, 0x00, 0x23, 0x00, 0x23, 0x00, 0x23, 0x00, 0x23, 0x00, 0x23, 0x00,
  0x23, 0x00, 0x23, 0x00, 0x23, 0x00, 0x23, 0x00, 0x23, 0x00, 0x23, 0x00,
  0x23, 0x00, 0x23, 0x00, 0x23, 0x00, 0x23, 0x00, 0x23, 0x00, 0x23, 0x00,
  0x23, 0x00, 0x23, 0x00, 0x23, 0x00, 0x23, 0x00, 0x23, 0x00, 0x23, 0x00,
  0x23, 0x00, 0x23, 0x00, 0x23, 0x00, 0x23, 0x00, 0x23, 0x00, 0x23, 0x00,
  0x23, 0x00, 0x23, 0x00, 0x23, 0x00, 0x23, 0x00, 0x23, 0x00, 0x23, 0x00,
  0x23, 0x00, 0x23, 0x00, 0x23, 0x00, 0x23, 0x00, 0x23, 0x00, 0x23, 0x00,
  0x23, 0x00, 0x23, 0x00, 0x23, 0x00, 0x23, 0x00, 0x23, 0x00, 0x23, 0x00,
  0x23, 0x00, 0x23, 0x00, 0x23, 0x00, 0x23, 0x00, 0x82, 0x69, 0xe2, 0x7d,
  0xe2, 0x7d, 0x29, 0x7f, 0x29, 0x7f, 0xe2, 0x7d, 0xe2, 0x7d, 0x82, 0x69,
  0x23, 0x00, 0x23, 0x00, 0x23, 0x00, 0x23, 0x00, 0x23, 0x00, 0x23, 0x00,
  0x23, 0x00, 0x23, 0x00, 0x23, 0x00, 0x23, 0x00, 0x23, 0x00, 0x23, 0x00,
  0x23, 0x00, 0x23, 0x00, 0x23, 0x00, 0x23, 0x00, 0x23, 0x00, 0x23, 0x00,
  0x23, 0x00, 0x23, 0x00, 0x23, 0x00, 0x23, 0x00, 0x23, 0x00, 0x23, 0x00,
  0x23, 0x00, 0x23, 0x00, 0x23, 0x00, 0x23, 0x00, 0x23, 0x00, 0x23, 0x00,
  0x23, 0x00, 0x23, 0x00, 0x23, 0x00, 0x23, 0x00, 0x23, 0x00, 0x23, 0x00,
  0x23, 0x00, 0x23, 0x00, 0x23, 0x00, 0x23, 0x00, 0x23, 0x00, 0x23, 0x00,
  0x23, 0x00, 0x23, 0x00, 0x23, 0x00, 0x23, 0x00, 0x23, 0x00, 0x23, 0x00,
  0x23, 0x00, 0x23, 0x00, 0x23, 0x00, 0x23, 0x00, 0x23, 0x00, 0x23, 0x00,
  0x23, 0x00, 0x23, 0x00, 0x23, 0x00, 0x23, 0x00, 0x23, 0x00, 0x23, 0x00,
  0x23, 0x00, 0x23, 0x00, 0x23, 0x00, 0x23, 0x00, 0x23, 0x00, 0x23, 0x00,
  0x23, 0x00, 0x23, 0x00, 0x23, 0x00, 0x23, 0x00, 0x23, 0x00, 0x23, 0x00,
  0x23, 0x00, 0x23, 0x00, 0x23, 0x00, 0x23, 0x00, 0x23, 0x00, 0x23, 0x00,
  0x23, 0x00, 0x23, 0x00, 0x23, 0x00, 0x23, 0x00, 0x23, 0x00, 0x23, 0x00,
  0x23, 0x00, 0x23, 0x00, 0x23, 0x00, 0x23, 0x00, 0x23, 0x00, 0x23, 0x00,
  0x23, 0x00, 0x23, 0x00, 0x23, 0x00, 0x23, 0x00, 0x23, 0x00, 0x23, 0x00,
  0x23, 0x00, 0x23, 0x00, 0x23, 0x00, 0x23, 0x00, 0x23, 0x00, 0x23, 0x00,
  0x23, 0x00, 0x23, 0x00, 0x23, 0x00, 0x23, 0x00, 0x23, 0x00, 0x23, 0x00,
  0x23, 0x00, 0x23, 0x00, 0x23, 0x00, 0x23, 0x00, 0xe2, 0x38, 0xe2, 0x7d,
  0xe2, 0x7d, 0xa6, 0x7e, 0xa6, 0x7e, 0xe2, 0x7d, 0xe2, 0x7d, 0xe2, 0x38,
  0x23, 0x00, 0x23, 0x00, 0x23, 0x00, 0x23, 0x00, 0x23, 0x00, 0x23, 0x00,
  0x23, 0x00, 0x23, 0x00, 0x23, 0x00, 0x23, 0x00, 0x23, 0x00, 0x23, 0x00,
  0x23, 0x00, 0x23, 0x00, 0x23, 0x00, 0x23, 0x00, 0x23, 0x00, 0x23, 0x00,
  0x23, 0x00, 0x23, 0x00, 0x23, 0x00, 0x23, 0x00, 0x23, 0x00, 0x23, 0x00,
  0x23, 0x00, 0x23, 0x00, 0x23, 0x00, 0x23, 0x00, 0x23, 0x00, 0x23, 0x00,
  0x23, 0x00, 0x23, 0x00, 0x23, 0x00, 0x23, 0x00, 0x23, 0x00, 0x23, 0x00,
  0x23, 0x00, 0x23, 0x00, 0x23, 0x00, 0x23, 0x00, 0x23, 0x00, 0x23, 0x00,
  0x23, 0x00, 0x23, 0x00, 0x23, 0x00, 0x23, 0x00, 0x23, 0x00, 0x23, 0x00,
  0x23, 0x00, 0x23, 0x00, 0x23, 0x00, 0x23, 0x00, 0x23, 0x00, 0x23, 0x00,
  0x23, 0x00, 0x23, 0x00, 0x23, 0x00, 0x23, 0x00, 0x23, 0x00, 0x23, 0x00,
  0x23, 0x00, 0x23, 0x00, 0x23, 0x00, 0x23, 0x00, 0x23, 0x00, 0x23, 0x00,
  0x23, 0x00, 0x23, 0x00, 0x23, 0x00, 0x23, 0x00, 0x23, 0x00, 0x23, 0x00,
  0x23, 0x00, 0x23, 0x00, 0x23, 0x00, 0x36, 0x3e, 0x23, 0x00, 0x23, 0x00,
  0x23, 0x00, 0x23, 0x00, 0x23, 0x00, 0x23, 0x00, 0x23, 0x00, 0x23, 0x00,
  0x23, 0x00, 0x23, 0x00, 0x23, 0x00, 0x23, 0x00, 0x23, 0x00, 0x23, 0x00,
  0x23, 0x00, 0x23, 0x00, 0x23, 0x00, 0x23, 0x00, 0x23, 0x00, 0x23, 0x00,
  0x23, 0x00, 0x23, 0x00, 0x23, 0x00, 0x23, 0x00, 0x23, 0x00, 0x23, 0x00,
  0x23, 0x00, 0x23, 0x00, 0x23, 0x00, 0x23, 0x00, 0x23, 0x00, 0x23, 0x00,
  0x23, 0x00, 0x23, 0x00, 0x23, 0x00, 0x23, 0x00, 0x43, 0x10, 0xe2, 0x7d,
  0xe2, 0x7d, 0x03, 0x7e, 0x03, 0x7e, 0xe2, 0x7d, 0xe2, 0x7d, 0x43, 0x10,
  0x23, 0x00, 0x23, 0x00, 0x23, 0x00, 0x23, 0x00, 0x23, 0x00, 0x23, 0x00,
  0x23, 0x00, 0x23, 0x00, 0x23, 0x00, 0x23, 0x00, 0x23, 0x00, 0x23, 0x00,
  0x23, 0x00, 0x23, 0x00, 0x23, 0x00, 0x23, 0x00, 0x23, 0x00, 0x23, 0x00,
  0x23, 0x00, 0x23, 0x00, 0x23, 0x00, 0x23, 0x00, 0x23, 0x00, 0x23, 0x00,
  0x23, 0x00, 0x23, 0x00, 0x23, 0x00, 0x23, 0x00, 0x23, 0x00, 0x23, 0x00,
  0x23, 0x00, 0x23, 0x00, 0x23, 0x00, 0x23, 0x00, 0x23, 0x00, 0x23, 0x00,
  0x23, 0x00, 0x23, 0x00, 0x23, 0x00, 0x23, 0x00, 0x23, 0x00, 0x23, 0x00,
  0x23, 0x00, 0x23, 0x00, 0x23, 0x00, 0x23, 0x00, 0x23, 0x00, 0x23, 0x00,
  0x23, 0x00, 0x23, 0x00, 0x23, 0x00, 0x23, 0x00, 0x23, 0x00, 0x23, 0x00,
  0x23, 0x00, 0x23, 0x00, 0x23, 0x00, 0x23, 0x00, 0x23, 0x00, 0x23, 0x00,
  0x23, 0x00, 0x23, 0x00, 0x23, 0x00, 0x23, 0x00, 0x23, 0x00, 0x23, 0x00,
  0x23, 0x00, 0x23, 0x00, 0x23, 0x00, 0x23, 0x00, 0x23, 0x00, 0x23, 0x00,
  0x23, 0x00, 0x23, 0x00, 0x03, 0x00, 0x03, 0x00, 0x03, 0x00, 0x03, 0x00,
  0x03, 0x00, 0x03, 0x00, 0x03, 0x00, 0x03, 0x00, 0x03, 0x00, 0x03, 0x00,
  0x03, 0x00, 0x03, 0x00, 0x03, 0x00, 0x03, 0x00, 0x03, 0x00, 0x03, 0x00,
  0x03, 0x00, 0x03, 0x00, 0x03, 0x00, 0x03, 0x00, 0x03, 0x00, 0x03, 0x00,
  0x03, 0x00, 0x03, 0x00, 0x03, 0x00, 0x03, 0x00, 0x03, 0x00, 0x03, 0x00,
  0x03, 0x00, 0x03, 0x00, 0x03, 0x00, 0x03, 0x00, 0x03, 0x00, 0x03, 0x00,
  0x03, 0x00, 0x03, 0x00, 0x03, 0x00, 0x03, 0x00, 0x03, 0x00, 0x82, 0x69,
  0xe2, 0x7d, 0xe2, 0x7d, 0xe2, 0x7d, 0xe2, 0x7d, 0x82, 0x69, 0x03, 0x00,
  0x03, 0x00, 0x03, 0x00, 0x03, 0x00, 0x03, 0x00, 0x03, 0x00, 0x03, 0x00,
  0x03, 0x00, 0x03, 0x00, 0x03, 0x00, 0x03, 0x00, 0x03, 0x00, 0x03, 0x00,
  0x03, 0x00, 0x03, 0x00, 0x03, 0x00, 0x03, 0x00, 0x03, 0x00, 0x03, 0x00,
  0x03, 0x00, 0x03, 0x00, 0x03, 0x00, 0x03, 0x00, 0x03, 0x00, 0x03, 0x00,
  0x03, 0x00, 0x03, 0x00, 0x03, 0x00, 0x03, 0x00, 0x03, 0x00, 0x03, 0x00,
  0x03, 0x00, 0x03, 0x00, 0x03, 0x00, 0x03, 0x00, 0x03, 0x00, 0x03, 0x00,
  0x03, 0x00, 0x03, 0x00, 0x03, 0x00, 0x03, 0x00, 0x03, 0x00, 0x03, 0x00,
  0x03, 0x00, 0x03, 0x00, 0x03, 0x00, 0x03, 0x00, 0x03, 0x00, 0x03, 0x00,
  0x03, 0x00, 0x03, 0x00, 0x03, 0x00, 0x03, 0x00, 0x03, 0x00, 0x03, 0x00,
  0x03, 0x00, 0x03, 0x00, 0x03, 0x00, 0x03, 0x00, 0x03, 0x00, 0x03, 0x00,
  0x03, 0x00, 0x03, 0x00, 0x03, 0x00, 0x03, 0x00, 0x03, 0x00, 0x03, 0x00,
  0x03, 0x00, 0x03, 0x00, 0x03, 0x00, 0x03, 0x00, 0x03, 0x00, 0x03, 0x00,
  0x03, 0x00, 0x03, 0x00, 0x03, 0x00, 0x03, 0x00, 0x03, 0x00, 0x03, 0x00,
  0x03, 0x00, 0x03, 0x00, 0x03, 0x00, 0x03, 0x00, 0x03, 0x00, 0x03, 0x00,
  0x03, 0x00, 0x03, 0x00, 0x03, 0x00, 0x03, 0x00, 0x03, 0x00, 0x03, 0x00,
  0x03, 0x00, 0x03, 0x00, 0x03, 0x00, 0x03, 0x00, 0x03, 0x00, 0x03, 0x00,
  0x03, 0x00, 0x03, 0x00, 0x03, 0x00, 0x03, 0x00, 0x03, 0x00, 0x03, 0x00,
  0x03, 0x00, 0x03, 0x00, 0x03, 0x00, 0x03, 0x00, 0x03, 0x00, 0x03, 0x00,
  0x03, 0x00, 0x03, 0x00, 0x03, 0x00, 0x03, 0x00, 0x03, 0x00, 0xe2, 0x38,
  0xe2, 0x7d, 0xe2, 0x7d, 0xe2, 0x7d, 0xe2, 0x7d, 0xe2, 0x38, 0x03, 0x00,
  0x03, 0x00, 0x03, 0x00, 0x03, 0x00, 0x03, 0x00, 0x03, 0x00, 0x03, 0x00,
  0x03, 0x00, 0x03, 0x00, 0x03, 0x00, 0x03, 0x00, 0x03, 0x00, 0x03, 0x00,
  0x03, 0x00, 0x03, 0x00, 0x03, 0x00, 0x03, 0x00, 0x03, 0x00, 0x03, 0x00,
  0x03, 0x00, 0x03, 0x00, 0x03, 0x00, 0x03, 0x00, 0x03, 0x00, 0x03, 0x00,
  0x03, 0x00, 0x03, 0x00, 0x03, 0x00, 0x03, 0x00, 0x03, 0x00, 0x03, 0x00,
  0x03, 0x00, 0x03, 0x00, 0x03, 0x00, 0x03, 0x00, 0x03, 0x00, 0x03, 0x00,
  0x03, 0x00, 0x03, 0x00, 0x03, 0x00, 0x03, 0x00, 0x03, 0x00, 0x03, 0x00,
  0x03, 0x00, 0x03, 0x00, 0x03, 0x00, 0x03, 0x00, 0x03, 0x00, 0x03, 0x00,
  0x03, 0x00, 0x03, 0x00, 0x03, 0x00, 0x03, 0x00, 0x03, 0x00, 0x03, 0x00,
  0x03, 0x00, 0x03, 0x00, 0x03, 0x00, 0x7b, 0x6f, 0x03, 0x00, 0x03, 0x00,
  0x03, 0x00, 0x03, 0x00, 0x03, 0x00, 0x03, 0x00, 0xff, 0x7f, 0x03, 0x00,
  0x03, 0x00, 0x03, 0x00, 0x03, 0x00, 0x03, 0x00, 0x03, 0x00, 0x03, 0x00,
  0x03, 0x00, 0x03, 0x00, 0x03, 0x00, 0x03, 0x00, 0x03, 0x00, 0x03, 0x00,
  0x03, 0x00, 0x03, 0x00, 0x03, 0x00, 0x03, 0x00, 0x03, 0x00, 0x03, 0x00,
  0x03, 0x00, 0x03, 0x00, 0x03, 0x00, 0x03, 0x00, 0x03, 0x00, 0x03, 0x00,
  0x03, 0x00, 0x03, 0x00, 0x03, 0x00, 0x03, 0x00, 0x03, 0x00, 0x03, 0x00,
  0x03, 0x00, 0x03, 0x00, 0x03, 0x00, 0x03, 0x00, 0x03, 0x00, 0x03, 0x00,
  0x03, 0x00, 0x03, 0x00, 0x03, 0x00, 0x03, 0x00, 0x03, 0x00, 0x03, 0x00,
  0x03, 0x00, 0x03, 0x00, 0x03, 0x00, 0x03, 0x00, 0x03, 0x00, 0x43, 0x10,
  0xe2, 0x7d, 0xe2, 0x7d, 0xe2, 0x7d, 0xe2, 0x7d, 0x43, 0x10, 0x03, 0x00,
  0x03, 0x00, 0x03, 0x00, 0x03, 0x00, 0x03, 0x00, 0x03, 0x00, 0x03, 0x00,
  0x03, 0x00, 0x03, 0x00, 0x03, 0x00, 0x03, 0x00, 0x03, 0x00, 0x03, 0x00,
  0x03, 0x00, 0x03, 0x00, 0x03, 0x00, 0x03, 0x00, 0x03, 0x00, 0x03, 0x00,
  0x03, 0x00, 0x03, 0x00, 0x03, 0x00, 0x03, 0x00, 0x03, 0x00, 0x03, 0x00,
  0x03, 0x00, 0x03, 0x00, 0x03, 0x00, 0x03, 0x00, 0x03, 0x00, 0x03, 0x00,
  0x03, 0x00, 0x03, 0x00, 0x03, 0x00, 0x03, 0x00, 0x03, 0x00, 0x03, 0x00,
  0x03, 0x00, 0x03, 0x00, 0x03, 0x00, 0x03, 0x00, 0x03, 0x00, 0x03, 0x00,
  0x03, 0x00, 0x03, 0x00, 0x03, 0x00, 0x03, 0x00, 0x03, 0x00, 0x03, 0x00,
  0x03, 0x00, 0x03, 0x00, 0x03, 0x00, 0x03, 0x00, 0x03, 0x00, 0x03, 0x00,
  0x03, 0x00, 0x03, 0x00, 0x03, 0x00, 0x03, 0x00, 0x03, 0x00, 0x03, 0x00,
  0x03, 0x00, 0x03, 0x00, 0x03, 0x00, 0x03, 0x00, 0x03, 0x00, 0x03, 0x00,
  0x03, 0x00, 0x03, 0x00, 0x03, 0x00, 0x03, 0x00, 0x03, 0x00, 0x03, 0x00,
  0x03, 0x00, 0x03, 0x00, 0x03, 0x00, 0x03, 0x00, 0x03, 0x00, 0x03, 0x00,
  0x03, 0x00, 0x03, 0x00, 0x03, 0x00, 0x03, 0x00, 0x03, 0x00, 0x03, 0x00,
  0x03, 0x00, 0x03, 0x00, 0x03, 0x00, 0x03, 0x00, 0x03, 0x00, 0x03, 0x00,
  0x03, 0x00, 0x03, 0x00, 0x03, 0x00, 0x03, 0x00, 0x03, 0x00, 0x03, 0x00,
  0x03, 0x00, 0x03, 0x00, 0x03, 0x00, 0x03, 0x00, 0x03, 0x00, 0x03, 0x00,
  0x03, 0x00, 0x03, 0x00, 0x03, 0x00, 0x03, 0x00, 0x03, 0x00, 0x03, 0x00,
  0x03, 0x00, 0x03, 0x00, 0x03, 0x00, 0x03, 0x00, 0x03, 0x00, 0x03, 0x00,
  0x82, 0x69, 0xe2, 0x7d, 0xe2, 0x7d, 0x82, 0x69, 0x03, 0x00, 0x03, 0x00,
  0x03, 0x00, 0x03, 0x00, 0x03, 0x00, 0x03, 0x00, 0x03, 0x00, 0x03, 0x00,
  0x03, 0x00, 0x03, 0x00, 0x03, 0x00, 0x03, 0x00, 0x03, 0x00, 0x03, 0x00,
  0x03, 0x00, 0x03, 0x00, 0x03, 0x00, 0x03, 0x00, 0x03, 0x00, 0x03, 0x00,
  0x03, 0x00, 0x03, 0x00, 0x03, 0x00, 0x03, 0x00, 0x03, 0x00, 0x03, 0x00,
  0x03, 0x00, 0x03, 0x00, 0x03, 0x00, 0x03, 0x00, 0x03, 0x00, 0x03, 0x00,
  0x03, 0x00, 0x03, 0x00, 0x03, 0x00, 0x03, 0x00, 0x03, 0x00, 0x03, 0x00,
  0x03, 0x00, 0x03, 0x00, 0x03, 0x00, 0x03, 0x00, 0x03, 0x00, 0x03, 0x00,
  0x03, 0x00, 0x03, 0x00, 0x03, 0x00, 0x03, 0x00, 0x03, 0x00, 0x03, 0x00,
  0x03, 0x00, 0x03, 0x00, 0x03, 0x00, 0x03, 0x00, 0x03, 0x00, 0x03, 0x00,
  0x03, 0x00, 0x03, 0x00, 0x03, 0x00, 0x03, 0x00, 0x03, 0x00, 0x03, 0x00,
  0x03, 0x00, 0x03, 0x00, 0x03, 0x00, 0x03, 0x00, 0x03, 0x00, 0x03, 0x00,
  0x03, 0x00, 0x03, 0x00, 0x03, 0x00, 0x03, 0x00, 0x03, 0x00, 0x03, 0x00,
  0x03, 0x00, 0x03, 0x00, 0x03, 0x00, 0x03, 0x00, 0x03, 0x00, 0x03, 0x00,
  0x03, 0x00, 0x03, 0x00, 0x03, 0x00, 0x03, 0x00, 0x03, 0x00, 0x03, 0x00,
  0x03, 0x00, 0x03, 0x00, 0x03, 0x00, 0x03, 0x00, 0x03, 0x00, 0x03, 0x00,
  0x03, 0x00, 0x03, 0x00, 0x03, 0x00, 0x03, 0x00, 0x03, 0x00, 0x03, 0x00,
  0x03, 0x00, 0x03, 0x00, 0x03, 0x00, 0x03, 0x00, 0x03, 0x00, 0x03, 0x00,
  0x03, 0x00, 0x03, 0x00, 0x03, 0x00, 0x03, 0x00, 0x03, 0x00, 0x03, 0x00,
  0x03, 0x00, 0x03, 0x00, 0x03, 0x00, 0x03, 0x00, 0x03, 0x00, 0x03, 0x00,
  0xe2, 0x38, 0xe2, 0x7d, 0xe2, 0x7d, 0xe2, 0x38, 0x03, 0x00, 0x03, 0x00,
  0x03, 0x00, 0x03, 0x00, 0x03, 0x00, 0x03, 0x00, 0x03, 0x00, 0x03, 0x00,
  0x03, 0x00, 0x03, 0x00, 0x03, 0x00, 0x03, 0x00, 0x03, 0x00, 0x03, 0x00,
  0x03, 0x00, 0x03, 0x00, 0x03, 0x00, 0x03, 0x00, 0x03, 0x00, 0x03, 0x00,
  0x03, 0x00, 0x03, 0x00, 0x03, 0x00, 0x03, 0x00, 0x03, 0x00, 0x03, 0x00,
  0x03, 0x00, 0x03, 0x00, 0x03, 0x00, 0x03, 0x00, 0x03, 0x00, 0x03, 0x00,
  0x03, 0x00, 0x03, 0x00, 0x03, 0x00, 0x03, 0x00, 0x03, 0x00, 0x03, 0x00,
  0x03, 0x00, 0x03, 0x00, 0x94, 0x7a, 0x03, 0x00, 0x03, 0x00, 0x03, 0x00,
  0x03, 0x00, 0x03, 0x00, 0x03, 0x00, 0x03, 0x00, 0x03, 0x00, 0x03, 0x00,
  0x03, 0x00, 0x03, 0x00, 0x03, 0x00, 0x03, 0x00, 0x03, 0x00, 0x03, 0x00,
  0x03, 0x00, 0x03, 0x00, 0x03, 0x00, 0x03, 0x00, 0x03, 0x00, 0x03, 0x00,
  0x03, 0x00, 0x03, 0x00, 0x03, 0x00, 0x03, 0x00, 0x03, 0x00, 0x03, 0x00,
  0x03, 0x00, 0x03, 0x00, 0x03, 0x00, 0x03, 0x00, 0x03, 0x00, 0xbb, 0x4a,
  0x03, 0x00, 0x03, 0x00, 0x03, 0x00, 0x03, 0x00, 0x03, 0x00, 0x03, 0x00,
  0x03, 0x00, 0x03, 0x00, 0x03, 0x00, 0x03, 0x00, 0x03, 0x00, 0x03, 0x00,
  0x03, 0x00, 0x03, 0x00, 0x03, 0x00, 0x03, 0x00, 0x03, 0x00, 0x03, 0x00,
  0x03, 0x00, 0x03, 0x00, 0x03, 0x00, 0x03, 0x00, 0x03, 0x00, 0x03, 0x00,
  0x03, 0x00, 0x03, 0x00, 0x03, 0x00, 0x03, 0x00, 0x03, 0x00, 0x03, 0x00,
  0x03, 0x00, 0x03, 0x00, 0x03, 0x00, 0x03, 0x00, 0x03, 0x00, 0x03, 0x00,
  0x03, 0x00, 0x03, 0x00, 0x03, 0x00, 0x03, 0x00, 0x03, 0x00, 0x03, 0x00,
  0x42, 0x10, 0xe2, 0x7d, 0xe2, 0x7d, 0x42, 0x10, 0x03, 0x00, 0x03, 0x00,
  0x03, 0x00, 0x03, 0x00, 0x03, 0x00, 0x03, 0x00, 0x03, 0x00, 0x03, 0x00,
  0x03, 0x00, 0x03, 0x00, 0x03, 0x00, 0x03, 0x00, 0x03, 0x00, 0x03, 0x00,
  0x03, 0x00, 0x03, 0x00, 0x03, 0x00, 0x03, 0x00, 0x03, 0x00, 0x03, 0x00,
  0x03, 0x00, 0x03, 0x00, 0x03, 0x00, 0x03, 0x00, 0x03, 0x00, 0x03, 0x00,
  0x03, 0x00, 0x03, 0x00, 0x03, 0x00, 0x03, 0x00, 0x03, 0x00, 0x03, 0x00,
  0x03, 0x00, 0x03, 0x00, 0x03, 0x00, 0x03, 0x00, 0x03, 0x00, 0x03, 0x00,
  0x03, 0x00, 0x03, 0x00, 0x03, 0x00, 0x03, 0x00, 0x03, 0x00, 0x03, 0x00,
  0x03, 0x00, 0x03, 0x00, 0x03, 0x00, 0x03, 0x00, 0x03, 0x00, 0x03, 0x00,
  0x03, 0x00, 0x03, 0x00, 0x03, 0x00, 0x03, 0x00, 0x03, 0x00, 0x03, 0x00,
  0x03, 0x00, 0x03, 0x00, 0x03, 0x00, 0x03, 0x00, 0x03, 0x00, 0x03, 0x00,
  0x03, 0x00, 0x03, 0x00, 0x03, 0x00, 0x03, 0x00, 0x03, 0x00, 0x03, 0x00,
  0x03, 0x00, 0x03, 0x00, 0x03, 0x00, 0x03, 0x00, 0x03, 0x00, 0x03, 0x00,
  0x03, 0x00, 0x03, 0x00, 0x02, 0x00, 0x02, 0x00, 0x02, 0x00, 0x02, 0x00,
  0x02, 0x00, 0x02, 0x00, 0x02, 0x00, 0x02, 0x00, 0x02, 0x00, 0x02, 0x00,
  0x02, 0x00, 0x02, 0x00, 0x02, 0x00, 0x02, 0x00, 0x02, 0x00, 0x02, 0x00,
  0x02, 0x00, 0x02, 0x00, 0x02, 0x00, 0x02, 0x00, 0x02, 0x00, 0x02, 0x00,
  0x02, 0x00, 0x02, 0x00, 0x02, 0x00, 0x02, 0x00, 0x02, 0x00, 0x02, 0x00,
  0x02, 0x00, 0x02, 0x00, 0x02, 0x00, 0x02, 0x00, 0x02, 0x00, 0x02, 0x00,
  0x02, 0x00, 0x02, 0x00, 0x02, 0x00, 0x02, 0x00, 0x02, 0x00, 0x02, 0x00,
  0x02, 0x00, 0x82, 0x69, 0x82, 0x69, 0x02, 0x00, 0x02, 0x00, 0x02, 0x00,
  0x02, 0x00, 0x02, 0x00, 0x02, 0x00, 0x02, 0x00, 0x02, 0x00, 0x02, 0x00,
  0x02, 0x00, 0x02, 0x00, 0x02, 0x00, 0x02, 0x00, 0x02, 0x00, 0x02, 0x00,
  0x02, 0x00, 0x02, 0x00, 0x02, 0x00, 0x02, 0x00, 0x02, 0x00, 0x02, 0x00,
  0x02, 0x00, 0x02, 0x00, 0x02, 0x00, 0x02, 0x00, 0x02, 0x00, 0x02, 0x00,
  0x02, 0x00, 0x02, 0x00, 0x02, 0x00, 0x02, 0x00, 0x02, 0x00, 0x02, 0x00,
  0x02, 0x00, 0x02, 0x00, 0x02, 0x00, 0x02, 0x00, 0x02, 0x00, 0x02, 0x00,
  0x02, 0x00, 0x02, 0x00, 0x02, 0x00, 0x02, 0x00, 0x02, 0x00, 0x02, 0x00,
  0x02, 0x00, 0x02, 0x00, 0x02, 0x00, 0x02, 0x00, 0x02, 0x00, 0x02, 0x00,
  0x02, 0x00, 0x02, 0x00, 0x02, 0x00, 0x02, 0x00, 0x02, 0x00, 0x02, 0x00,
  0x02, 0x00, 0x02, 0x00, 0x02, 0x00, 0x02, 0x00, 0x02, 0x00, 0x02, 0x00,
  0x02, 0x00, 0x02, 0x00, 0x02, 0x00, 0x02, 0x00, 0x02, 0x00, 0x02, 0x00,
  0x02, 0x00, 0x02, 0x00, 0x02, 0x00, 0x02, 0x00, 0x02, 0x00, 0x02, 0x00,
  0x02, 0x00, 0x02, 0x00, 0x02, 0x00, 0x02, 0x00, 0x02, 0x00, 0x02, 0x00,
  0x02, 0x00, 0x02, 0x00, 0x02, 0x00, 0x02, 0x00, 0x02, 0x00, 0x02, 0x00,
  0x02, 0x00, 0x02, 0x00, 0x02, 0x00, 0x02, 0x00, 0x02, 0x00, 0x02, 0x00,
  0x02, 0x00, 0x02, 0x00, 0x02, 0x00, 0x02, 0x00, 0x02, 0x00, 0x02, 0x00,
  0x02, 0x00, 0x02, 0x00, 0x02, 0x00, 0x02, 0x00, 0x02, 0x00, 0x02, 0x00,
  0x02, 0x00, 0x02, 0x00, 0x02, 0x00, 0x02, 0x00, 0x02, 0x00, 0x02, 0x00,
  0x02, 0x00, 0x02, 0x00, 0x02, 0x00, 0x02, 0x00, 0x02, 0x00, 0x02, 0x00,
  0x02, 0x00, 0xe2, 0x38, 0xe2, 0x38, 0x02, 0x00, 0x02, 0x00, 0x02, 0x00,
  0x02, 0x00, 0x02, 0x00, 0x02, 0x00, 0x02, 0x00, 0x02, 0x00, 0x02, 0x00,
  0x02, 0x00, 0x02, 0x00, 0x02, 0x00, 0x02, 0x00, 0x02, 0x00, 0x02, 0x00,
  0x02, 0x00, 0x02, 0x00, 0x02, 0x00, 0x02, 0x00, 0x02, 0x00, 0x02, 0x00,
  0x02, 0x00, 0x02, 0x00, 0x02, 0x00, 0x02, 0x00, 0x02, 0x00, 0x02, 0x00,
  0x02, 0x00, 0x02, 0x00, 0x32, 0x6b, 0x02, 0x00, 0x02, 0x00, 0x02, 0x00,
  0x02, 0x00, 0x02, 0x00, 0x02, 0x00, 0x02, 0x00, 0x02, 0x00, 0x02, 0x00,
  0x02, 0x00, 0x02, 0x00, 0x02, 0x00, 0x02, 0x00, 0x02, 0x00, 0x02, 0x00,
  0x02, 0x00, 0x02, 0x00, 0x02, 0x00, 0x02, 0x00, 0x02, 0x00, 0x02, 0x00,
  0x02, 0x00, 0x02, 0x00, 0x02, 0x00, 0x02, 0x00, 0x02, 0x00, 0x02, 0x00,
  0x02, 0x00, 0x02, 0x00, 0x02, 0x00, 0x02, 0x00, 0x02, 0x00, 0x02, 0x00,
  0xfd, 0x4e, 0x02, 0x00, 0x02, 0x00, 0x02, 0x00, 0x02, 0x00, 0x02, 0x00,
  0x02, 0x00, 0x02, 0x00, 0x02, 0x00, 0x02, 0x00, 0x02, 0x00, 0x02, 0x00,
  0x02, 0x00, 0x02, 0x00, 0x02, 0x00, 0x02, 0x00, 0x02, 0x00, 0x02, 0x00,
  0x02, 0x00, 0x02, 0x00, 0x02, 0x00, 0x02, 0x00, 0x02, 0x00, 0x02, 0x00,
  0x02, 0x00, 0x02, 0x00, 0x02, 0x00, 0x02, 0x00, 0x02, 0x00, 0x02, 0x00,
  0x02, 0x00, 0x02, 0x00, 0x02, 0x00, 0x02, 0x00, 0x02, 0x00, 0x02, 0x00,
  0x02, 0x00, 0x02, 0x00, 0x02, 0x00, 0x02, 0x00, 0x02, 0x00, 0x02, 0x00,
  0x02, 0x00, 0x02, 0x00, 0x02, 0x00, 0x02, 0x00, 0x02, 0x00, 0x02, 0x00,
  0x02, 0x00, 0x02, 0x00, 0x02, 0x00, 0x02, 0x00, 0x02, 0x00, 0x02, 0x00,
  0x02, 0x00, 0x42, 0x10, 0x42, 0x10, 0x02, 0x00, 0x02, 0x00, 0x02, 0x00,
  0x02, 0x00, 0x02, 0x00, 0x02, 0x00, 0x02, 0x00, 0x02, 0x00, 0x02, 0x00,
  0x02, 0x00, 0x02, 0x00, 0x02, 0x00, 0x02, 0x00, 0x02, 0x00, 0x02, 0x00,
  0x02, 0x00, 0x02, 0x00, 0x02, 0x00, 0x02, 0x00, 0x02, 0x00, 0x02, 0x00,
  0x02, 0x00, 0x02, 0x00, 0x02, 0x00, 0x02, 0x00, 0x02, 0x00, 0x02, 0x00,
  0x02, 0x00, 0x02, 0x00, 0x02, 0x00, 0x02, 0x00, 0x02, 0x00, 0x02, 0x00,
  0x02, 0x00, 0x02, 0x00, 0x02, 0x00, 0x02, 0x00, 0x02, 0x00, 0x02, 0x00,
  0x02, 0x00, 0x02, 0x00, 0x02, 0x00, 0x02, 0x00, 0x02, 0x00, 0x02, 0x00,
  0x02, 0x00, 0x02, 0x00, 0x02, 0x00, 0x02, 0x00, 0x02, 0x00, 0x02, 0x00,
  0x02, 0x00, 0x02, 0x00, 0x02, 0x00, 0x02, 0x00, 0x02, 0x00, 0x02, 0x00,
  0x02, 0x00, 0x02, 0x00, 0x02, 0x00, 0x02, 0x00, 0x02, 0x00, 0x02, 0x00,
  0x02, 0x00, 0x02, 0x00, 0x02, 0x00, 0x02, 0x00, 0x02, 0x00, 0x02, 0x00,
  0x02, 0x00, 0x02, 0x00, 0x02, 0x00, 0x02, 0x00, 0x02, 0x00, 0x02, 0x00,
  0x02, 0x00, 0x02, 0x00, 0x02, 0x00, 0x02, 0x00, 0x02, 0x00, 0x02, 0x00,
  0x02, 0x00, 0x02, 0x00, 0x02, 0x00, 0x02, 0x00, 0x02, 0x00, 0x02, 0x00,
  0x02, 0x00, 0x02, 0x00, 0x02, 0x00, 0x02, 0x00, 0x02, 0x00, 0x02, 0x00,
  0x02, 0x00, 0x02, 0x00, 0x02, 0x00, 0x02, 0x00, 0x02, 0x00, 0x02, 0x00,
  0x02, 0x00, 0x02, 0x00, 0x02, 0x00, 0x02, 0x00, 0x02, 0x00, 0x02, 0x00,
  0x02, 0x00, 0x02, 0x00, 0x02, 0x00, 0x02, 0x00, 0x02, 0x00, 0x02, 0x00,
  0x02, 0x00, 0x02, 0x00, 0x02, 0x00, 0x02, 0x00, 0x02, 0x00, 0x02, 0x00,
  0x02, 0x00, 0x02, 0x00, 0x02, 0x00, 0x02, 0x00, 0x02, 0x00, 0x02, 0x00,
  0x02, 0x00, 0x02, 0x00, 0x02, 0x00, 0x02, 0x00, 0x02, 0x00, 0x02, 0x00,
  0x02, 0x00, 0x02, 0x00, 0x02, 0x00, 0x02, 0x00, 0x02, 0x00, 0x02, 0x00,
  0x02, 0x00, 0x02, 0x00, 0x02, 0x00, 0x02, 0x00, 0x02, 0x00, 0x02, 0x00,
  0x02, 0x00, 0x02, 0x00, 0x02, 0x00, 0x02, 0x00, 0x02, 0x00, 0x02, 0x00,
  0x02, 0x00, 0x02, 0x00, 0x02, 0x00, 0x02, 0x00, 0x02, 0x00, 0x02, 0x00,
  0x02, 0x00, 0x02, 0x00, 0x02, 0x00, 0x02, 0x00, 0x02, 0x00, 0x02, 0x00,
  0x02, 0x00, 0x02, 0x00, 0x02, 0x00, 0x02, 0x00, 0x02, 0x00, 0x02, 0x00,
  0x02, 0x00, 0x02, 0x00, 0x02, 0x00, 0x02, 0x00, 0x02, 0x00, 0x02, 0x00,
  0x02, 0x00, 0x02, 0x00, 0x02, 0x00, 0x02, 0x00, 0x02, 0x00, 0x02, 0x00,
  0x02, 0x00, 0x02, 0x00, 0x02, 0x00, 0x02, 0x00, 0x02, 0x00, 0x02, 0x00,
  0x02, 0x00, 0x02, 0x00, 0x02, 0x00, 0x02, 0x00, 0x02, 0x00, 0x02, 0x00,
  0x02, 0x00, 0x02, 0x00, 0x02, 0x00, 0x02, 0x00, 0x02, 0x00, 0x02, 0x00,
  0x02, 0x00, 0x02, 0x00, 0x02, 0x00, 0x02, 0x00, 0x02, 0x00, 0x02, 0x00,
  0x02, 0x00, 0x02, 0x00, 0x02, 0x00, 0x02, 0x00, 0x02, 0x00, 0x02, 0x00,
  0x02, 0x00, 0x02, 0x00, 0x02, 0x00, 0x02, 0x00, 0x02, 0x00, 0x02, 0x00,
  0x02, 0x00, 0x02, 0x00, 0x02, 0x00, 0x02, 0x00, 0x02, 0x00, 0x02, 0x00,
  0x02, 0x00, 0x02, 0x00, 0x02, 0x00, 0x02, 0x00, 0x02, 0x00, 0x02, 0x00,
  0x02, 0x00, 0x02, 0x00, 0x02, 0x00, 0x02, 0x00, 0x02, 0x00, 0x02, 0x00,
  0x02, 0x00, 0x02, 0x00, 0x02, 0x00, 0x02, 0x00, 0x02, 0x00, 0x02, 0x00,
  0x02, 0x00, 0x02, 0x00, 0x02, 0x00, 0x02, 0x00, 0x02, 0x00, 0x02, 0x00,
  0x02, 0x00, 0x02, 0x00, 0x02, 0x00, 0x02, 0x00, 0x02, 0x00, 0x02, 0x00,
  0x02, 0x00, 0x02, 0x00, 0x02, 0x00, 0x02, 0x00, 0x02, 0x00, 0x02, 0x00,
  0x02, 0x00, 0x02, 0x00, 0x02, 0x00, 0x02, 0x00, 0x02, 0x00, 0x02, 0x00,
  0x02, 0x00, 0x02, 0x00, 0x02, 0x00, 0x02, 0x00, 0x02, 0x00, 0x02, 0x00,
  0x02, 0x00, 0x02, 0x00, 0x02, 0x00, 0x02, 0x00, 0x99, 0x46, 0x02, 0x00,
  0x02, 0x00, 0x02, 0x00, 0x02, 0x00, 0x02, 0x00, 0x02, 0x00, 0x02, 0x00,
  0x02, 0x00, 0x02, 0x00, 0x02, 0x00, 0x02, 0x00, 0x02, 0x00, 0x02, 0x00,
  0x02, 0x00, 0x02, 0x00, 0x02, 0x00, 0x02, 0x00, 0x02, 0x00, 0x02, 0x00,
  0x02, 0x00, 0x02, 0x00, 0x02, 0x00, 0x02, 0x00, 0x02, 0x00, 0x02, 0x00,
  0x02, 0x00, 0x02, 0x00, 0x02, 0x00, 0x02, 0x00, 0x02, 0x00, 0x02, 0x00,
  0x02, 0x00, 0x02, 0x00, 0x02, 0x00, 0x02, 0x00, 0x02, 0x00, 0x02, 0x00,
  0x02, 0x00, 0x02, 0x00, 0x02, 0x00, 0x02, 0x00, 0x02, 0x00, 0x02, 0x00,
  0x02, 0x00, 0x02, 0x00, 0x02, 0x00, 0x02, 0x00, 0x02, 0x00, 0x02, 0x00,
  0x02, 0x00, 0x02, 0x00, 0x02, 0x00, 0x02, 0x00, 0x02, 0x00, 0x02, 0x00,
  0x02, 0x00, 0x02, 0x00, 0x02, 0x00, 0x02, 0x00, 0x02, 0x00, 0x02, 0x00,
  0x02, 0x00, 0x02, 0x00, 0x02, 0x00, 0x02, 0x00, 0x02, 0x00, 0x02, 0x00,
  0x02, 0x00, 0x02, 0x00, 0x02, 0x00, 0x02, 0x00, 0x02, 0x00, 0x02, 0x00,
  0x02, 0x00, 0x02, 0x00, 0x02, 0x00, 0x02, 0x00, 0x02, 0x00, 0x02, 0x00,
  0x02, 0x00, 0x54, 0x73, 0x02, 0x00, 0x02, 0x00, 0x02, 0x00, 0x02, 0x00,
  0x02, 0x00, 0x02, 0x00, 0x02, 0x00, 0x02, 0x00, 0x02, 0x00, 0x02, 0x00,
  0x02, 0x00, 0x02, 0x00, 0x02, 0x00, 0x02, 0x00, 0x02, 0x00, 0x02, 0x00,
  0x02, 0x00, 0x02, 0x00, 0x02, 0x00, 0x02, 0x00, 0x02, 0x00, 0x02, 0x00,
  0x02, 0x00, 0x02, 0x00, 0x02, 0x00, 0x02, 0x00, 0x02, 0x00, 0x02, 0x00,
  0x02, 0x00, 0x02, 0x00, 0x02, 0x00, 0x02, 0x00, 0x02, 0x00, 0x02, 0x00,
  0x02, 0x00, 0x02, 0x00, 0x02, 0x00, 0x02, 0x00, 0x02, 0x00, 0x02, 0x00,
  0x02, 0x00, 0x02, 0x00, 0x02, 0x00, 0x02, 0x00, 0x02, 0x00, 0x02, 0x00,
  0x02, 0x00, 0x02, 0x00, 0x02, 0x00, 0x02, 0x00, 0x02, 0x00, 0x02, 0x00,
  0x02, 0x00, 0x02, 0x00, 0x02, 0x00, 0x02, 0x00, 0x02, 0x00, 0x02, 0x00,
  0x02, 0x00, 0x02, 0x00, 0x02, 0x00, 0x02, 0x00, 0x02, 0x00, 0x02, 0x00,
  0x02, 0x00, 0x02, 0x00, 0x02, 0x00, 0x02, 0x00, 0x02, 0x00, 0x02, 0x00,
  0x02, 0x00, 0x02, 0x00, 0x02, 0x00, 0x02, 0x00, 0x02, 0x00, 0x02, 0x00,
  0x02, 0x00, 0x02, 0x00, 0x6b, 0x45, 0x02, 0x00, 0x02, 0x00, 0x02, 0x00,
  0x02, 0x00, 0x02, 0x00, 0x02, 0x00, 0x02, 0x00, 0x02, 0x00, 0x02, 0x00,
  0x02, 0x00, 0x02, 0x00, 0x02, 0x00, 0x02, 0x00, 0x02, 0x00, 0x02, 0x00,
  0x02, 0x00, 0x02, 0x00, 0x02, 0x00, 0x02, 0x00, 0x02, 0x00, 0x02, 0x00,
  0x02, 0x00, 0x02, 0x00, 0x02, 0x00, 0x02, 0x00, 0x02, 0x00, 0x02, 0x00,
  0x02, 0x00, 0x02, 0x00, 0x02, 0x00, 0x02, 0x00, 0x02, 0x00, 0x02, 0x00,
  0x02, 0x00, 0x02, 0x00, 0x02, 0x00, 0x02, 0x00, 0x02, 0x00, 0x02, 0x00,
  0x02, 0x00, 0x02, 0x00, 0x02, 0x00, 0x02, 0x00, 0x02, 0x00, 0x02, 0x00,
  0xab, 0x29, 0x02, 0x00, 0x02, 0x00, 0x02, 0x00, 0x02, 0x00, 0x02, 0x00,
  0x02, 0x00, 0x02, 0x00, 0x02, 0x00, 0x02, 0x00, 0x02, 0x00, 0x02, 0x00,
  0x02, 0x00, 0x02, 0x00, 0x02, 0x00, 0x02, 0x00, 0x02, 0x00, 0x02, 0x00,
  0x02, 0x00, 0x02, 0x00, 0x02, 0x00, 0x02, 0x00, 0x02, 0x00, 0x02, 0x00,
  0x02, 0x00, 0x02, 0x00, 0x02, 0x00, 0x02, 0x00, 0x02, 0x00, 0x02, 0x00,
  0x02, 0x00, 0x02, 0x00, 0x02, 0x00, 0x02, 0x00, 0x02, 0x00, 0x02, 0x00,
  0x02, 0x00, 0x02, 0x00, 0x02, 0x00, 0x02, 0x00, 0x02, 0x00, 0x02, 0x00,
  0x02, 0x00, 0x02, 0x00, 0x02, 0x00, 0x02, 0x00, 0x02, 0x00, 0x02, 0x00,
  0x02, 0x00, 0x02, 0x00, 0x02, 0x00, 0x02, 0x00, 0x02, 0x00, 0x02, 0x00,
  0x02, 0x00, 0x02, 0x00, 0x02, 0x00, 0x02, 0x00, 0x02, 0x00, 0x02, 0x00,
  0x02, 0x00, 0x02, 0x00, 0x02, 0x00, 0x02, 0x00, 0x02, 0x00, 0x02, 0x00,
  0x02, 0x00, 0x02, 0x00, 0x02, 0x00, 0x02, 0x00, 0x02, 0x00, 0x02, 0x00,
  0x02, 0x00, 0x02, 0x00, 0x02, 0x00, 0x02, 0x00, 0x02, 0x00, 0x02, 0x00,
  0x02, 0x00, 0x02, 0x00, 0x02, 0x00, 0x02, 0x00, 0x02, 0x00, 0x02, 0x00,
  0x02, 0x00, 0x02, 0x00, 0x02, 0x00, 0x02, 0x00, 0x02, 0x00, 0x02, 0x00,
  0x02, 0x00, 0x02, 0x00, 0x02, 0x00, 0x02, 0x00, 0x02, 0x00, 0x02, 0x00,
  0x02, 0x00, 0x02, 0x00, 0x02, 0x00, 0x02, 0x00, 0x02, 0x00, 0x02, 0x00,
  0x02, 0x00, 0x02, 0x00, 0x02, 0x00, 0x02, 0x00, 0x02, 0x00, 0x02, 0x00,
  0x02, 0x00, 0x02, 0x00, 0x02, 0x00, 0x02, 0x00, 0x02, 0x00, 0x02, 0x00,
  0x02, 0x00, 0x14, 0x3a, 0x02, 0x00, 0x02, 0x00, 0x02, 0x00, 0x02, 0x00,
  0x02, 0x00, 0x02, 0x00, 0x02, 0x00, 0x02, 0x00, 0x02, 0x00, 0x02, 0x00,
  0x02, 0x00, 0x02, 0x00, 0x02, 0x00, 0x02, 0x00, 0x02, 0x00, 0x02, 0x00,
  0x02, 0x00, 0x02, 0x00, 0x02, 0x00, 0x02, 0x00, 0x02, 0x00, 0x02, 0x00,
  0x02, 0x00, 0x02, 0x00, 0x02, 0x00, 0x79, 0x42, 0x02, 0x00, 0x02, 0x00,
  0x02, 0x00, 0x02, 0x00, 0x02, 0x00, 0x02, 0x00, 0x02, 0x00, 0x02, 0x00,
  0x02, 0x00, 0x02, 0x00, 0x02, 0x00, 0x02, 0x00, 0x02, 0x00, 0x02, 0x00,
  0x02, 0x00, 0x02, 0x00, 0x02, 0x00, 0x02, 0x00, 0x02, 0x00, 0x02, 0x00,
  0x02, 0x00, 0x02, 0x00, 0x02, 0x00, 0x02, 0x00, 0x02, 0x00, 0x02, 0x00,
  0x02, 0x00, 0x02, 0x00, 0x02, 0x00, 0x02, 0x00, 0x02, 0x00, 0x02, 0x00,
  0x02, 0x00, 0x02, 0x00, 0x02, 0x00, 0x02, 0x00, 0xff, 0x7f, 0x02, 0x00,
  0x02, 0x00, 0x02, 0x00, 0x02, 0x00, 0x02, 0x00, 0x02, 0x00, 0x02, 0x00,
  0x02, 0x00, 0x02, 0x00, 0x02, 0x00, 0x02, 0x00, 0x02, 0x00, 0x02, 0x00,
  0x02, 0x00, 0x02, 0x00, 0x02, 0x00, 0x02, 0x00, 0x02, 0x00, 0x02, 0x00,
  0x02, 0x00, 0x02, 0x00, 0x02, 0x00, 0x02, 0x00, 0x02, 0x00, 0x02, 0x00,
  0x02, 0x00, 0x02, 0x00, 0x02, 0x00, 0x02, 0x00, 0x02, 0x00, 0x02, 0x00,
  0x02, 0x00, 0x02, 0x00, 0x02, 0x00, 0x02, 0x00, 0x02, 0x00, 0x02, 0x00,
  0x02, 0x00, 0x02, 0x00, 0x02, 0x00, 0x02, 0x00, 0x02, 0x00, 0x02, 0x00,
  0x02, 0x00, 0x02, 0x00, 0x02, 0x00, 0x02, 0x00, 0x02, 0x00, 0x02, 0x00,
  0x02, 0x00, 0x02, 0x00, 0x02, 0x00, 0x02, 0x00, 0x02, 0x00, 0x02, 0x00,
  0x02, 0x00, 0x02, 0x00, 0x02, 0x00, 0x02, 0x00, 0x02, 0x00, 0x02, 0x00,
  0x02, 0x00, 0x02, 0x00, 0x02, 0x00, 0x02, 0x00, 0x02, 0x00, 0x02, 0x00,
  0x02, 0x00, 0x02, 0x00, 0x02, 0x00, 0x02, 0x00, 0x02, 0x00, 0x02, 0x00,
  0x02, 0x00, 0x02, 0x00, 0x02, 0x00, 0x02, 0x00, 0x02, 0x00, 0x02, 0x00,
  0x02, 0x00, 0x02, 0x00, 0x02, 0x00, 0x02, 0x00, 0x02, 0x00, 0x02, 0x00,
  0x02, 0x00, 0x02, 0x00, 0x02, 0x00, 0x02, 0x00, 0x02, 0x00, 0x02, 0x00,
  0x02, 0x00, 0x02, 0x00, 0x02, 0x00, 0x02, 0x00, 0x02, 0x00, 0x02, 0x00,
  0x02, 0x00, 0x02, 0x00, 0x02, 0x00, 0x02, 0x00, 0x02, 0x00, 0x02, 0x00,
  0x02, 0x00, 0x02, 0x00, 0x02, 0x00, 0x02, 0x00, 0x02, 0x00, 0x02, 0x00,
  0x02, 0x00, 0x02, 0x00, 0x02, 0x00, 0x02, 0x00, 0x02, 0x00, 0x02, 0x00,
  0x02, 0x00, 0x02, 0x00, 0x02, 0x00, 0x02, 0x00, 0x02, 0x00, 0x02, 0x00,
  0x02, 0x00, 0x02, 0x00, 0x02, 0x00, 0x02, 0x00, 0x02, 0x00, 0x02, 0x00,
  0x02, 0x00, 0x02, 0x00, 0x02, 0x00, 0x02, 0x00, 0x02, 0x00, 0x02, 0x00,
  0x02, 0x00, 0x02, 0x00, 0x02, 0x00, 0x02, 0x00, 0x02, 0x00, 0x02, 0x00,
  0x02, 0x00, 0x02, 0x00, 0x02, 0x00, 0x02, 0x00, 0x02, 0x00, 0x02, 0x00,
  0x02, 0x00, 0x02, 0x00, 0x02, 0x00, 0x02, 0x00, 0x02, 0x00, 0x02, 0x00,
  0x02, 0x00, 0x02, 0x00, 0x02, 0x00, 0x02, 0x00, 0x02, 0x00, 0x02, 0x00,
  0x02, 0x00, 0x02, 0x00, 0x02, 0x00, 0x02, 0x00, 0x02, 0x00, 0x02, 0x00,
  0x02, 0x00, 0x02, 0x00, 0x02, 0x00, 0xab, 0x7f, 0xab, 0x7f, 0xab, 0x7f,
  0x02, 0x00, 0x02, 0x00, 0x02, 0x00, 0x02, 0x00, 0x02, 0x00, 0x02, 0x00,
  0x02, 0x00, 0x02, 0x00, 0x02, 0x00, 0xab, 0x7f, 0xab, 0x7f, 0xab, 0x7f,
  0x02, 0x00, 0x02, 0x00, 0x02, 0x00, 0x02, 0x00, 0x02, 0x00, 0x02, 0x00,
  0xab, 0x7f, 0xab, 0x7f, 0xab, 0x7f, 0xab, 0x7f, 0xab, 0x7f, 0xab, 0x7f,
  0xab, 0x7f, 0xab, 0x7f, 0xab, 0x7f, 0x02, 0x00, 0x02, 0x00, 0x02, 0x00,
  0x02, 0x00, 0x02, 0x00, 0x02, 0x00, 0x02, 0x00, 0x02, 0x00, 0x02, 0x00,
  0xab, 0x7f, 0xab, 0x7f, 0xab, 0x7f, 0xab, 0x7f, 0xab, 0x7f, 0xab, 0x7f,
  0xab, 0x7f, 0xab, 0x7f, 0xab, 0x7f, 0x02, 0x00, 0x02, 0x00, 0x02, 0x00,
  0x02, 0x00, 0x02, 0x00, 0x02, 0x00, 0xab, 0x7f, 0xab, 0x7f, 0xab, 0x7f,
  0x02, 0x00, 0x02, 0x00, 0x02, 0x00, 0x02, 0x00, 0x02, 0x00, 0x02, 0x00,
  0x02, 0x00, 0x02, 0x00, 0x02, 0x00, 0xab, 0x7f, 0xab, 0x7f, 0xab, 0x7f,
  0x02, 0x00, 0x02, 0x00, 0x02, 0x00, 0x02, 0x00, 0x02, 0x00, 0x02, 0x00,
  0x02, 0x00, 0x02, 0x00, 0x02, 0x00, 0x02, 0x00, 0x02, 0x00, 0x02, 0x00,
  0x02, 0x00, 0x02, 0x00, 0x02, 0x00, 0x02, 0x00, 0x02, 0x00, 0x02, 0x00,
  0x02, 0x00, 0x02, 0x00, 0x02, 0x00, 0x02, 0x00, 0x02, 0x00, 0x02, 0x00,
  0x02, 0x00, 0x02, 0x00, 0x4e, 0x52, 0x02, 0x00, 0x02, 0x00, 0x02, 0x00,
  0x02, 0x00, 0x02, 0x00, 0x02, 0x00, 0x02, 0x00, 0x02, 0x00, 0x02, 0x00,
  0x02, 0x00, 0x02, 0x00, 0x02, 0x00, 0x02, 0x00, 0x02, 0x00, 0x02, 0x00,
  0x02, 0x00, 0x02, 0x00, 0x02, 0x00, 0x02, 0x00, 0x02, 0x00, 0x02, 0x00,
  0x02, 0x00, 0x02, 0x00, 0x02, 0x00, 0xab, 0x7f, 0xab, 0x7f, 0xab, 0x7f,
  0x23, 0x14, 0x02, 0x00, 0x02, 0x00, 0x02, 0x00, 0x02, 0x00, 0x02, 0x00,
  0x02, 0x00, 0x02, 0x00, 0x02, 0x00, 0xab, 0x7f, 0xab, 0x7f, 0xab, 0x7f,
  0x23, 0x14, 0x02, 0x00, 0x02, 0x00, 0x02, 0x00, 0x02, 0x00, 0x02, 0x00,
  0xab, 0x7f, 0xab, 0x7f, 0xab, 0x7f, 0xab, 0x7f, 0xab, 0x7f, 0xab, 0x7f,
  0xab, 0x7f, 0xab, 0x7f, 0xab, 0x7f, 0x23, 0x14, 0x02, 0x00, 0x02, 0x00,
  0x02, 0x00, 0x02, 0x00, 0x02, 0x00, 0x02, 0x00, 0x02, 0x00, 0x02, 0x00,
  0xab, 0x7f, 0xab, 0x7f, 0xab, 0x7f, 0xab, 0x7f, 0xab, 0x7f, 0xab, 0x7f,
  0xab, 0x7f, 0xab, 0x7f, 0xab, 0x7f, 0x23, 0x14, 0x02, 0x00, 0x02, 0x00,
  0x02, 0x00, 0x02, 0x00, 0x02, 0x00, 0xab, 0x7f, 0xab, 0x7f, 0xab, 0x7f,
  0x23, 0x14, 0x02, 0x00, 0x02, 0x00, 0x02, 0x00, 0x02, 0x00, 0x02, 0x00,
  0x02, 0x00, 0x02, 0x00, 0x02, 0x00, 0xab, 0x7f, 0xab, 0x7f, 0xab, 0x7f,
  0x23, 0x14, 0x02, 0x00, 0x02, 0x00, 0x02, 0x00, 0x02, 0x00, 0x02, 0x00,
  0x02, 0x00, 0x02, 0x00, 0x02, 0x00, 0x02, 0x00, 0x02, 0x00, 0x02, 0x00,
  0x02, 0x00, 0x02, 0x00, 0x02, 0x00, 0x02, 0x00, 0x02, 0x00, 0x02, 0x00,
  0x02, 0x00, 0x02, 0x00, 0x02, 0x00, 0x02, 0x00, 0x02, 0x00, 0x18, 0x63,
  0x02, 0x00, 0x02, 0x00, 0x02, 0x00, 0x02, 0x00, 0x02, 0x00, 0x02, 0x00,
  0x02, 0x00, 0x02, 0x00, 0x02, 0x00, 0x02, 0x00, 0x02, 0x00, 0x02, 0x00,
  0x02, 0x00, 0x02, 0x00, 0x02, 0x00, 0x02, 0x00, 0x02, 0x00, 0x02, 0x00,
  0x02, 0x00, 0x02, 0x00, 0x02, 0x00, 0x02, 0x00, 0x02, 0x00, 0x02, 0x00,
  0x02, 0x00, 0x02, 0x00, 0x02, 0x00, 0xab, 0x7f, 0xab, 0x7f, 0xab, 0x7f,
  0x23, 0x14, 0x02, 0x00, 0x02, 0x00, 0x02, 0x00, 0x02, 0x00, 0x02, 0x00,
  0x02, 0x00, 0x02, 0x00, 0x02, 0x00, 0xab, 0x7f, 0xab, 0x7f, 0xab, 0x7f,
  0x23, 0x14, 0x02, 0x00, 0x02, 0x00, 0x02, 0x00, 0x02, 0x00, 0x02, 0x00,
  0xab, 0x7f, 0xab, 0x7f, 0xab, 0x7f, 0xab, 0x7f, 0xab, 0x7f, 0xab, 0x7f,
  0xab, 0x7f, 0xab, 0x7f, 0xab, 0x7f, 0x23, 0x14, 0x02, 0x00, 0x02, 0x00,
  0x02, 0x00, 0x02, 0x00, 0x02, 0x00, 0x02, 0x00, 0x02, 0x00, 0x02, 0x00,
  0xab, 0x7f, 0xab, 0x7f, 0xab, 0x7f, 0xab, 0x7f, 0xab, 0x7f, 0xab, 0x7f,
  0xab, 0x7f, 0xab, 0x7f, 0xab, 0x7f, 0x23, 0x14, 0x02, 0x00, 0x02, 0x00,
  0x02, 0x00, 0x02, 0x00, 0x02, 0x00, 0xab, 0x7f, 0xab, 0x7f, 0xab, 0x7f,
  0x23, 0x14, 0x02, 0x00, 0x02, 0x00, 0x02, 0x00, 0x02, 0x00, 0x02, 0x00,
  0x02, 0x00, 0x02, 0x00, 0x02, 0x00, 0xab, 0x7f, 0xab, 0x7f, 0xab, 0x7f,
  0x23, 0x14, 0x02, 0x00, 0x02, 0x00, 0x02, 0x00, 0x02, 0x00, 0x02, 0x00,
  0x02, 0x00, 0x02, 0x00, 0x02, 0x00, 0x02, 0x00, 0x02, 0x00, 0x02, 0x00,
  0x02, 0x00, 0x02, 0x00, 0x02, 0x00, 0x02, 0x00, 0x02, 0x00, 0x02, 0x00,
  0x02, 0x00, 0x02, 0x00, 0x02, 0x00, 0x02, 0x00, 0x02, 0x00, 0x02, 0x00,
  0x02, 0x00, 0x02, 0x00, 0x02, 0x00, 0x02, 0x00, 0x02, 0x00, 0x02, 0x00,
  0x02, 0x00, 0x02, 0x00, 0x02, 0x00, 0x02, 0x00, 0x02, 0x00, 0x02, 0x00,
  0x02, 0x00, 0x02, 0x00, 0x02, 0x00, 0x02, 0x00, 0x02, 0x00, 0x02, 0x00,
  0x02, 0x00, 0x02, 0x00, 0x02, 0x00, 0x02, 0x00, 0x02, 0x00, 0x02, 0x00,
  0x02, 0x00, 0x02, 0x00, 0x02, 0x00, 0x6a, 0x7f, 0x6a, 0x7f, 0x6a, 0x7f,
  0x6a, 0x7f, 0x6a, 0x7f, 0x6a, 0x7f, 0x02, 0x00, 0x02, 0x00, 0x02, 0x00,
  0x6a, 0x7f, 0x6a, 0x7f, 0x6a, 0x7f, 0x6a, 0x7f, 0x6a, 0x7f, 0x6a, 0x7f,
  0x23, 0x14, 0x02, 0x00, 0x02, 0x00, 0x6a, 0x7f, 0x6a, 0x7f, 0x6a, 0x7f,
  0x02, 0x00, 0x23, 0x14, 0x23, 0x14, 0x23, 0x14, 0x23, 0x14, 0x23, 0x14,
  0x23, 0x14, 0x23, 0x14, 0x23, 0x14, 0x6a, 0x7f, 0x6a, 0x7f, 0x6a, 0x7f,
  0x02, 0x00, 0x02, 0x00, 0x02, 0x00, 0x6a, 0x7f, 0x6a, 0x7f, 0x6a, 0x7f,
  0x02, 0x00, 0x23, 0x14, 0x23, 0x14, 0x23, 0x14, 0x23, 0x14, 0x23, 0x14,
  0x23, 0x14, 0x23, 0x14, 0x23, 0x14, 0x6a, 0x7f, 0x6a, 0x7f, 0x6a, 0x7f,
  0x02, 0x00, 0x02, 0x00, 0x02, 0x00, 0x6a, 0x7f, 0x6a, 0x7f, 0x6a, 0x7f,
  0x6a, 0x7f, 0x6a, 0x7f, 0x6a, 0x7f, 0x02, 0x00, 0x02, 0x00, 0x02, 0x00,
  0x02, 0x00, 0x02, 0x00, 0x02, 0x00, 0x6a, 0x7f, 0x6a, 0x7f, 0x6a, 0x7f,
  0x23, 0x14, 0x02, 0x00, 0x02, 0x00, 0x02, 0x00, 0x02, 0x00, 0x02, 0x00,
  0x02, 0x00, 0x02, 0x00, 0x02, 0x00, 0x02, 0x00, 0x02, 0x00, 0x02, 0x00,
  0x02, 0x00, 0x02, 0x00, 0x02, 0x00, 0x02, 0x00, 0x02, 0x00, 0x02, 0x00,
  0x02, 0x00, 0x02, 0x00, 0x02, 0x00, 0x02, 0x00, 0x02, 0x00, 0x02, 0x00,
  0x02, 0x00, 0x02, 0x00, 0x02, 0x00, 0x02, 0x00, 0x02, 0x00, 0x02, 0x00,
  0x02, 0x00, 0x02, 0x00, 0x02, 0x00, 0x02, 0x00, 0x02, 0x00, 0x02, 0x00,
  0x02, 0x00, 0x02, 0x00, 0x02, 0x00, 0x02, 0x00, 0x02, 0x00, 0x02, 0x00,
  0x02, 0x00, 0x02, 0x00, 0x02, 0x00, 0x02, 0x00, 0x02, 0x00, 0x02, 0x00,
  0x02, 0x00, 0x02, 0x00, 0x02, 0x00, 0x6a, 0x7f, 0x6a, 0x7f, 0x6a, 0x7f,
  0x6a, 0x7f, 0x6a, 0x7f, 0x6a, 0x7f, 0x23, 0x14, 0x02, 0x00, 0x02, 0x00,
  0x6a, 0x7f, 0x6a, 0x7f, 0x6a, 0x7f, 0x6a, 0x7f, 0x6a, 0x7f, 0x6a, 0x7f,
  0x23, 0x14, 0x02, 0x00, 0x02, 0x00, 0x6a, 0x7f, 0x6a, 0x7f, 0x6a, 0x7f,
  0x23, 0x14, 0x02, 0x00, 0x02, 0x00, 0x02, 0x00, 0x02, 0x00, 0x02, 0x00,
  0x02, 0x00, 0x02, 0x00, 0x02, 0x00, 0x6a, 0x7f, 0x6a, 0x7f, 0x6a, 0x7f,
  0x23, 0x14, 0x02, 0x00, 0x02, 0x00, 0x6a, 0x7f, 0x6a, 0x7f, 0x6a, 0x7f,
  0x23, 0x14, 0x02, 0x00, 0x02, 0x00, 0x02, 0x00, 0x02, 0x00, 0x02, 0x00,
  0x02, 0x00, 0x02, 0x00, 0x02, 0x00, 0x6a, 0x7f, 0x6a, 0x7f, 0x6a, 0x7f,
  0x23, 0x14, 0x02, 0x00, 0x02, 0x00, 0x6a, 0x7f, 0x6a, 0x7f, 0x6a, 0x7f,
  0x6a, 0x7f, 0x6a, 0x7f, 0x6a, 0x7f, 0x23, 0x14, 0x02, 0x00, 0x02, 0x00,
  0x02, 0x00, 0x02, 0x00, 0x02, 0x00, 0x6a, 0x7f, 0x6a, 0x7f, 0x6a, 0x7f,
  0x23, 0x14, 0x02, 0x00, 0x02, 0x00, 0x02, 0x00, 0x02, 0x00, 0x02, 0x00,
  0x02, 0x00, 0x02, 0x00, 0x02, 0x00, 0x02, 0x00, 0x02, 0x00, 0x02, 0x00,
  0x02, 0x00, 0x02, 0x00, 0x02, 0x00, 0x02, 0x00, 0x02, 0x00, 0x02, 0x00,
  0x02, 0x00, 0x02, 0x00, 0x02, 0x00, 0x02, 0x00, 0x02, 0x00, 0x02, 0x00,
  0x02, 0x00, 0x02, 0x00, 0x02, 0x00, 0x02, 0x00, 0x02, 0x00, 0x02, 0x00,
  0x02, 0x00, 0x02, 0x00, 0x02, 0x00, 0x02, 0x00, 0x02, 0x00, 0x02, 0x00,
  0x02, 0x00, 0x02, 0x00, 0x02, 0x00, 0x02, 0x00, 0x02, 0x00, 0x02, 0x00,
  0x02, 0x00, 0x02, 0x00, 0x02, 0x00, 0x02, 0x00, 0x02, 0x00, 0x02, 0x00,
  0x02, 0x00, 0x02, 0x00, 0x02, 0x00, 0x6a, 0x7f, 0x6a, 0x7f, 0x6a, 0x7f,
  0x6a, 0x7f, 0x6a, 0x7f, 0x6a, 0x7f, 0x23, 0x14, 0x02, 0x00, 0x02, 0x00,
  0x6a, 0x7f, 0x6a, 0x7f, 0x6a, 0x7f, 0x6a, 0x7f, 0x6a, 0x7f, 0x6a, 0x7f,
  0x23, 0x14, 0x02, 0x00, 0x02, 0x00, 0x6a, 0x7f, 0x6a, 0x7f, 0x6a, 0x7f,
  0x23, 0x14, 0x02, 0x00, 0x02, 0x00, 0x02, 0x00, 0x02, 0x00, 0x02, 0x00,
  0x02, 0x00, 0x02, 0x00, 0x02, 0x00, 0x6a, 0x7f, 0x6a, 0x7f, 0x6a, 0x7f,
  0x23, 0x14, 0x02, 0x00, 0x02, 0x00, 0x6a, 0x7f, 0x6a, 0x7f, 0x6a, 0x7f,
  0x23, 0x14, 0x02, 0x00, 0x02, 0x00, 0x02, 0x00, 0x02, 0x00, 0x02, 0x00,
  0x02, 0x00, 0x02, 0x00, 0x02, 0x00, 0x6a, 0x7f, 0x6a, 0x7f, 0x6a, 0x7f,
  0x23, 0x14, 0x02, 0x00, 0x02, 0x00, 0x6a, 0x7f, 0x6a, 0x7f, 0x6a, 0x7f,
  0x6a, 0x7f, 0x6a, 0x7f, 0x6a, 0x7f, 0x23, 0x14, 0x02, 0x00, 0x02, 0x00,
  0x02, 0x00, 0x02, 0x00, 0x02, 0x00, 0x6a, 0x7f, 0x6a, 0x7f, 0x6a, 0x7f,
  0x23, 0x14, 0x02, 0x00, 0x02, 0x00, 0x02, 0x00, 0x02, 0x00, 0x02, 0x00,
  0x02, 0x00, 0x02, 0x00, 0x02, 0x00, 0x02, 0x00, 0x02, 0x00, 0x02, 0x00,
  0x02, 0x00, 0x02, 0x00, 0x02, 0x00, 0x02, 0x00, 0x02, 0x00, 0x02, 0x00,
  0x02, 0x00, 0x02, 0x00, 0x02, 0x00, 0x02, 0x00, 0x02, 0x00, 0x02, 0x00,
  0x02, 0x00, 0x02, 0x00, 0x02, 0x00, 0x02, 0x00, 0x02, 0x00, 0x02, 0x00,
  0x02, 0x00, 0x02, 0x00, 0x02, 0x00, 0x02, 0x00, 0x02, 0x00, 0x02, 0x00,
  0x02, 0x00, 0x02, 0x00, 0x02, 0x00, 0x02, 0x00, 0x02, 0x00, 0x02, 0x00,
  0x02, 0x00, 0x02, 0x00, 0x02, 0x00, 0x02, 0x00, 0x02, 0x00, 0x02, 0x00,
  0x02, 0x00, 0x02, 0x00, 0x02, 0x00, 0x08, 0x7f, 0x08, 0x7f, 0x08, 0x7f,
  0x23, 0x14, 0x23, 0x14, 0x23, 0x14, 0x08, 0x7f, 0x08, 0x7f, 0x08, 0x7f,
  0x02, 0x00, 0x23, 0x14, 0x23, 0x14, 0x08, 0x7f, 0x08, 0x7f, 0x08, 0x7f,
  0x23, 0x14, 0x02, 0x00, 0x02, 0x00, 0x08, 0x7f, 0x08, 0x7f, 0x08, 0x7f,
  0x23, 0x14, 0x02, 0x00, 0x02, 0x00, 0x02, 0x00, 0x02, 0x00, 0x02, 0x00,
  0x02, 0x00, 0x02, 0x00, 0x02, 0x00, 0x08, 0x7f, 0x08, 0x7f, 0x08, 0x7f,
  0x23, 0x14, 0x02, 0x00, 0x02, 0x00, 0x08, 0x7f, 0x08, 0x7f, 0x08, 0x7f,
  0x23, 0x14, 0x02, 0x00, 0x02, 0x00, 0x02, 0x00, 0x02, 0x00, 0x02, 0x00,
  0x02, 0x00, 0x02, 0x00, 0x02, 0x00, 0x08, 0x7f, 0x08, 0x7f, 0x08, 0x7f,
  0x23, 0x14, 0x02, 0x00, 0x02, 0x00, 0x08, 0x7f, 0x08, 0x7f, 0x08, 0x7f,
  0x23, 0x14, 0x23, 0x14, 0x23, 0x14, 0x08, 0x7f, 0x08, 0x7f, 0x08, 0x7f,
  0x02, 0x00, 0x02, 0x00, 0x02, 0x00, 0x08, 0x7f, 0x08, 0x7f, 0x08, 0x7f,
  0x23, 0x14, 0x02, 0x00, 0x02, 0x00, 0x02, 0x00, 0x02, 0x00, 0x02, 0x00,
  0x02, 0x00, 0x02, 0x00, 0x02, 0x00, 0x02, 0x00, 0x02, 0x00, 0x02, 0x00,
  0x02, 0x00, 0x02, 0x00, 0x02, 0x00, 0x02, 0x00, 0x02, 0x00, 0x02, 0x00,
  0x02, 0x00, 0x02, 0x00, 0x02, 0x00, 0x02, 0x00, 0x02, 0x00, 0x02, 0x00,
  0x02, 0x00, 0x02, 0x00, 0x02, 0x00, 0x02, 0x00, 0x02, 0x00, 0x02, 0x00,
  0x02, 0x00, 0x02, 0x00, 0x02, 0x00, 0x02, 0x00, 0x02, 0x00, 0x02, 0x00,
  0x02, 0x00, 0x02, 0x00, 0xbc, 0x4a, 0x02, 0x00, 0x02, 0x00, 0x02, 0x00,
  0x02, 0x00, 0x02, 0x00, 0x02, 0x00, 0x02, 0x00, 0x02, 0x00, 0x02, 0x00,
  0x02, 0x00, 0x02, 0x00, 0x02, 0x00, 0x08, 0x7f, 0x08, 0x7f, 0x08, 0x7f,
  0x23, 0x14, 0x02, 0x00, 0x02, 0x00, 0x08, 0x7f, 0x08, 0x7f, 0x08, 0x7f,
  0x23, 0x14, 0x02, 0x00, 0x02, 0x00, 0x08, 0x7f, 0x08, 0x7f, 0x08, 0x7f,
  0x23, 0x14, 0x02, 0x00, 0x02, 0x00, 0x08, 0x7f, 0x08, 0x7f, 0x08, 0x7f,
  0x23, 0x14, 0x02, 0x00, 0x02, 0x00, 0x02, 0x00, 0x02, 0x00, 0x02, 0x00,
  0x02, 0x00, 0x02, 0x00, 0x02, 0x00, 0x08, 0x7f, 0x08, 0x7f, 0x08, 0x7f,
  0x23, 0x14, 0x02, 0x00, 0x02, 0x00, 0x08, 0x7f, 0x08, 0x7f, 0x08, 0x7f,
  0x23, 0x14, 0x02, 0x00, 0x02, 0x00, 0x02, 0x00, 0x02, 0x00, 0x02, 0x00,
  0x02, 0x00, 0x02, 0x00, 0x02, 0x00, 0x08, 0x7f, 0x08, 0x7f, 0x08, 0x7f,
  0x23, 0x14, 0x02, 0x00, 0x02, 0x00, 0x08, 0x7f, 0x08, 0x7f, 0x08, 0x7f,
  0x23, 0x14, 0x02, 0x00, 0x02, 0x00, 0x08, 0x7f, 0x08, 0x7f, 0x08, 0x7f,
  0x23, 0x14, 0x02, 0x00, 0x02, 0x00, 0x08, 0x7f, 0x08, 0x7f, 0x08, 0x7f,
  0x23, 0x14, 0x02, 0x00, 0x02, 0x00, 0x02, 0x00, 0x02, 0x00, 0x02, 0x00,
  0x02, 0x00, 0x02, 0x00, 0x02, 0x00, 0x02, 0x00, 0x02, 0x00, 0x02, 0x00,
  0x02, 0x00, 0x02, 0x00, 0x02, 0x00, 0x02, 0x00, 0x02, 0x00, 0x02, 0x00,
  0x02, 0x00, 0x02, 0x00, 0x02, 0x00, 0x02, 0x00, 0x02, 0x00, 0x02, 0x00,
  0x02, 0x00, 0x02, 0x00, 0x02, 0x00, 0x02, 0x00, 0x02, 0x00, 0x02, 0x00,
  0x02, 0x00, 0x02, 0x00, 0x02, 0x00, 0x02, 0x00, 0x02, 0x00, 0x02, 0x00,
  0x02, 0x00, 0x02, 0x00, 0x02, 0x00, 0x02, 0x00, 0x02, 0x00, 0x8c, 0x4d,
  0x02, 0x00, 0x02, 0x00, 0x02, 0x00, 0x02, 0x00, 0x02, 0x00, 0x02, 0x00,
  0x02, 0x00, 0x02, 0x00, 0x02, 0x00, 0x08, 0x7f, 0x08, 0x7f, 0x08, 0x7f,
  0x23, 0x14, 0x02, 0x00, 0x02, 0x00, 0x08, 0x7f, 0x08, 0x7f, 0x08, 0x7f,
  0x23, 0x14, 0x02, 0x00, 0x02, 0x00, 0x08, 0x7f, 0x08, 0x7f, 0x08, 0x7f,
  0x23, 0x14, 0x02, 0x00, 0x02, 0x00, 0x08, 0x7f, 0x08, 0x7f, 0x08, 0x7f,
  0x23, 0x14, 0x02, 0x00, 0x02, 0x00, 0x02, 0x00, 0x02, 0x00, 0x02, 0x00,
  0x02, 0x00, 0x02, 0x00, 0x02, 0x00, 0x08, 0x7f, 0x08, 0x7f, 0x08, 0x7f,
  0x23, 0x14, 0x02, 0x00, 0x02, 0x00, 0x08, 0x7f, 0x08, 0x7f, 0x08, 0x7f,
  0x23, 0x14, 0x02, 0x00, 0x02, 0x00, 0x02, 0x00, 0x02, 0x00, 0x02, 0x00,
  0x02, 0x00, 0x02, 0x00, 0x02, 0x00, 0x08, 0x7f, 0x08, 0x7f, 0x08, 0x7f,
  0x23, 0x14, 0x02, 0x00, 0x02, 0x00, 0x08, 0x7f, 0x08, 0x7f, 0x08, 0x7f,
  0x23, 0x14, 0x02, 0x00, 0x02, 0x00, 0x08, 0x7f, 0x08, 0x7f, 0x08, 0x7f,
  0x23, 0x14, 0x02, 0x00, 0x02, 0x00, 0x08, 0x7f, 0x08, 0x7f, 0x08, 0x7f,
  0x23, 0x14, 0x02, 0x00, 0x02, 0x00, 0x02, 0x00, 0x02, 0x00, 0x02, 0x00,
  0x02, 0x00, 0x02, 0x00, 0x02, 0x00, 0x02, 0x00, 0x02, 0x00, 0x02, 0x00,
  0x02, 0x00, 0x02, 0x00, 0x02, 0x00, 0x02, 0x00, 0x02, 0x00, 0x02, 0x00,
  0x02, 0x00, 0x02, 0x00, 0x02, 0x00, 0x02, 0x00, 0x02, 0x00, 0x02, 0x00,
  0x02, 0x00, 0x02, 0x00, 0x02, 0x00, 0x02, 0x00, 0x02, 0x00, 0x02, 0x00,
  0x02, 0x00, 0x02, 0x00, 0x02, 0x00, 0x02, 0x00, 0x02, 0x00, 0x02, 0x00,
  0x02, 0x00, 0x02, 0x00, 0x02, 0x00, 0x02, 0x00, 0x02, 0x00, 0x02, 0x00,
  0x02, 0x00, 0x02, 0x00, 0x02, 0x00, 0x02, 0x00, 0x02, 0x00, 0x02, 0x00,
  0x02, 0x00, 0x02, 0x00, 0x02, 0x00, 0xc7, 0x7e, 0xc7, 0x7e, 0xc7, 0x7e,
  0x23, 0x14, 0x02, 0x00, 0x02, 0x00, 0xc7, 0x7e, 0xc7, 0x7e, 0xc7, 0x7e,
  0x23, 0x14, 0x02, 0x00, 0x02, 0x00, 0xc7, 0x7e, 0xc7, 0x7e, 0xc7, 0x7e,
  0x23, 0x14, 0x02, 0x00, 0x02, 0x00, 0xc7, 0x7e, 0xc7, 0x7e, 0xc7, 0x7e,
  0x23, 0x14, 0x02, 0x00, 0x02, 0x00, 0x02, 0x00, 0x02, 0x00, 0x02, 0x00,
  0x02, 0x00, 0x02, 0x00, 0x02, 0x00, 0xc7, 0x7e, 0xc7, 0x7e, 0xc7, 0x7e,
  0x23, 0x14, 0x02, 0x00, 0x02, 0x00, 0xc7, 0x7e, 0xc7, 0x7e, 0xc7, 0x7e,
  0x23, 0x14, 0x02, 0x00, 0x02, 0x00, 0x02, 0x00, 0x02, 0x00, 0x02, 0x00,
  0x02, 0x00, 0x02, 0x00, 0x02, 0x00, 0xc7, 0x7e, 0xc7, 0x7e, 0xc7, 0x7e,
  0x23, 0x14, 0x02, 0x00, 0x02, 0x00, 0xc7, 0x7e, 0xc7, 0x7e, 0xc7, 0x7e,
  0x23, 0x14, 0x02, 0x00, 0x02, 0x00, 0x02, 0x00, 0x23, 0x14, 0x23, 0x14,
  0xc7, 0x7e, 0xc7, 0x7e, 0xc7, 0x7e, 0xc7, 0x7e, 0xc7, 0x7e, 0xc7, 0x7e,
  0x23, 0x14, 0x02, 0x00, 0x02, 0x00, 0x02, 0x00, 0x02, 0x00, 0x02, 0x00,
  0x02, 0x00, 0xb0, 0x2d, 0x02, 0x00, 0x02, 0x00, 0x02, 0x00, 0x02, 0x00,
  0x02, 0x00, 0x02, 0x00, 0x02, 0x00, 0x02, 0x00, 0x02, 0x00, 0x02, 0x00,
  0x02, 0x00, 0x02, 0x00, 0x02, 0x00, 0x02, 0x00, 0x02, 0x00, 0x02, 0x00,
  0x02, 0x00, 0x02, 0x00, 0x02, 0x00, 0x02, 0x00, 0x02, 0x00, 0x02, 0x00,
  0x02, 0x00, 0x02, 0x00, 0x02, 0x00, 0x02, 0x00, 0x02, 0x00, 0x02, 0x00,
  0x02, 0x00, 0x02, 0x00, 0x02, 0x00, 0x02, 0x00, 0x02, 0x00, 0x02, 0x00,
  0x02, 0x00, 0x02, 0x00, 0x02, 0x00, 0x02, 0x00, 0x6b, 0x45, 0x02, 0x00,
  0x02, 0x00, 0x02, 0x00, 0x02, 0x00, 0xc7, 0x7e, 0xc7, 0x7e, 0xc7, 0x7e,
  0x23, 0x14, 0x02, 0x00, 0x02, 0x00, 0xc7, 0x7e, 0xc7, 0x7e, 0xc7, 0x7e,
  0x23, 0x14, 0x02, 0x00, 0x02, 0x00, 0xc7, 0x7e, 0xc7, 0x7e, 0xc7, 0x7e,
  0x23, 0x14, 0x02, 0x00, 0x02, 0x00, 0xc7, 0x7e, 0xc7, 0x7e, 0xc7, 0x7e,
  0x23, 0x14, 0x02, 0x00, 0x02, 0x00, 0x02, 0x00, 0x02, 0x00, 0x02, 0x00,
  0x02, 0x00, 0x02, 0x00, 0x02, 0x00, 0xc7, 0x7e, 0xc7, 0x7e, 0xc7, 0x7e,
  0x23, 0x14, 0x02, 0x00, 0x02, 0x00, 0xc7, 0x7e, 0xc7, 0x7e, 0xc7, 0x7e,
  0x23, 0x14, 0x02, 0x00, 0x02, 0x00, 0x02, 0x00, 0x02, 0x00, 0x02, 0x00,
  0x02, 0x00, 0x02, 0x00, 0x02, 0x00, 0xc7, 0x7e, 0xc7, 0x7e, 0xc7, 0x7e,
  0x23, 0x14, 0x02, 0x00, 0x02, 0x00, 0xc7, 0x7e, 0xc7, 0x7e, 0xc7, 0x7e,
  0x23, 0x14, 0x02, 0x00, 0x02, 0x00, 0x02, 0x00, 0x02, 0x00, 0x02, 0x00,
  0xc7, 0x7e, 0xc7, 0x7e, 0xc7, 0x7e, 0xc7, 0x7e, 0xc7, 0x7e, 0xc7, 0x7e,
  0x23, 0x14, 0x02, 0x00, 0x02, 0x00, 0x02, 0x00, 0x02, 0x00, 0x02, 0x00,
  0x02, 0x00, 0x02, 0x00, 0x02, 0x00, 0x02, 0x00, 0x02, 0x00, 0x02, 0x00,
  0x02, 0x00, 0x02, 0x00, 0x02, 0x00, 0x02, 0x00, 0x02, 0x00, 0x02, 0x00,
  0x02, 0x00, 0x02, 0x00, 0x02, 0x00, 0x02, 0x00, 0x02, 0x00, 0x02, 0x00,
  0x02, 0x00, 0x02, 0x00, 0x02, 0x00, 0x02, 0x00, 0x02, 0x00, 0x02, 0x00,
  0x02, 0x00, 0x02, 0x00, 0x02, 0x00, 0x02, 0x00, 0x02, 0x00, 0x02, 0x00,
  0x02, 0x00, 0x02, 0x00, 0x02, 0x00, 0x02, 0x00, 0x02, 0x00, 0x02, 0x00,
  0x02, 0x00, 0x02, 0x00, 0x02, 0x00, 0x02, 0x00, 0x02, 0x00, 0x02, 0x00,
  0x02, 0x00, 0x02, 0x00, 0x02, 0x00, 0xc7, 0x7e, 0xc7, 0x7e, 0xc7, 0x7e,
  0x23, 0x14, 0x02, 0x00, 0x02, 0x00, 0xc7, 0x7e, 0xc7, 0x7e, 0xc7, 0x7e,
  0x23, 0x14, 0x02, 0x00, 0x02, 0x00, 0xc7, 0x7e, 0xc7, 0x7e, 0xc7, 0x7e,
  0x23, 0x14, 0x02, 0x00, 0x02, 0x00, 0xc7, 0x7e, 0xc7, 0x7e, 0xc7, 0x7e,
  0x23, 0x14, 0x02, 0x00, 0x02, 0x00, 0x02, 0x00, 0x02, 0x00, 0x02, 0x00,
  0x02, 0x00, 0x02, 0x00, 0x02, 0x00, 0xc7, 0x7e, 0xc7, 0x7e, 0xc7, 0x7e,
  0x23, 0x14, 0x02, 0x00, 0x02, 0x00, 0xc7, 0x7e, 0xc7, 0x7e, 0xc7, 0x7e,
  0x23, 0x14, 0x02, 0x00, 0x02, 0x00, 0x02, 0x00, 0x02, 0x00, 0x02, 0x00,
  0x02, 0x00, 0x02, 0x00, 0x02, 0x00, 0xc7, 0x7e, 0xc7, 0x7e, 0xc7, 0x7e,
  0x23, 0x14, 0x02, 0x00, 0x02, 0x00, 0xc7, 0x7e, 0xc7, 0x7e, 0xc7, 0x7e,
  0x23, 0x14, 0x02, 0x00, 0x02, 0x00, 0x02, 0x00, 0x02, 0x00, 0x9c, 0x73,
  0xc7, 0x7e, 0xc7, 0x7e, 0xc7, 0x7e, 0xc7, 0x7e, 0xc7, 0x7e, 0xc7, 0x7e,
  0x23, 0x14, 0x02, 0x00, 0x02, 0x00, 0x02, 0x00, 0x02, 0x00, 0x02, 0x00,
  0x02, 0x00, 0x02, 0x00, 0x02, 0x00, 0x02, 0x00, 0x02, 0x00, 0x02, 0x00,
  0x02, 0x00, 0x02, 0x00, 0x02, 0x00, 0x02, 0x00, 0x02, 0x00, 0x02, 0x00,
  0x02, 0x00, 0x02, 0x00, 0x02, 0x00, 0x02, 0x00, 0x02, 0x00, 0x02, 0x00,
  0x02, 0x00, 0x02, 0x00, 0x02, 0x00, 0x02, 0x00, 0x02, 0x00, 0x02, 0x00,
  0x02, 0x00, 0x02, 0x00, 0x02, 0x00, 0x02, 0x00, 0x02, 0x00, 0x02, 0x00,
  0x02, 0x00, 0x02, 0x00, 0x02, 0x00, 0x02, 0x00, 0x02, 0x00, 0x02, 0x00,
  0x02, 0x00, 0x02, 0x00, 0x02, 0x00, 0x02, 0x00, 0x02, 0x00, 0x02, 0x00,
  0x02, 0x00, 0x02, 0x00, 0x02, 0x00, 0x66, 0x7e, 0x66, 0x7e, 0x66, 0x7e,
  0x23, 0x14, 0x02, 0x00, 0x02, 0x00, 0x02, 0x00, 0x23, 0x14, 0x23, 0x14,
  0x23, 0x14, 0x02, 0x00, 0x02, 0x00, 0x66, 0x7e, 0x66, 0x7e, 0x66, 0x7e,
  0x23, 0x14, 0x02, 0x00, 0x02, 0x00, 0x66, 0x7e, 0x66, 0x7e, 0x66, 0x7e,
  0x23, 0x14, 0x02, 0x00, 0x02, 0x00, 0x02, 0x00, 0x02, 0x00, 0x02, 0x00,
  0x02, 0x00, 0x02, 0x00, 0x02, 0x00, 0x66, 0x7e, 0x66, 0x7e, 0x66, 0x7e,
  0x23, 0x14, 0x02, 0x00, 0x02, 0x00, 0x66, 0x7e, 0x66, 0x7e, 0x66, 0x7e,
  0x23, 0x14, 0x02, 0x00, 0x02, 0x00, 0x02, 0x00, 0x02, 0x00, 0x02, 0x00,
  0x02, 0x00, 0x02, 0x00, 0x02, 0x00, 0x66, 0x7e, 0x66, 0x7e, 0x66, 0x7e,
  0x23, 0x14, 0x02, 0x00, 0x02, 0x00, 0x66, 0x7e, 0x66, 0x7e, 0x66, 0x7e,
  0x23, 0x14, 0x02, 0x00, 0x02, 0x00, 0x02, 0x00, 0x02, 0x00, 0x02, 0x00,
  0x02, 0x00, 0x23, 0x14, 0x23, 0x14, 0x66, 0x7e, 0x66, 0x7e, 0x66, 0x7e,
  0x23, 0x14, 0x02, 0x00, 0x02, 0x00, 0x02, 0x00, 0x02, 0x00, 0x02, 0x00,
  0x02, 0x00, 0x02, 0x00, 0x02, 0x00, 0x02, 0x00, 0x02, 0x00, 0x02, 0x00,
  0x02, 0x00, 0x02, 0x00, 0x02, 0x00, 0x02, 0x00, 0x02, 0x00, 0x02, 0x00,
  0x02, 0x00, 0x02, 0x00, 0x02, 0x00, 0x02, 0x00, 0x02, 0x00, 0x02, 0x00,
  0x02, 0x00, 0x02, 0x00, 0x02, 0x00, 0x02, 0x00, 0x02, 0x00, 0x02, 0x00,
  0x02, 0x00, 0x02, 0x00, 0x02, 0x00, 0x02, 0x00, 0x02, 0x00, 0x02, 0x00,
  0x02, 0x00, 0x02, 0x00, 0x02, 0x00, 0x02, 0x00, 0x02, 0x00, 0x02, 0x00,
  0x02, 0x00, 0x02, 0x00, 0x02, 0x00, 0x02, 0x00, 0x02, 0x00, 0x02, 0x00,
  0x02, 0x00, 0x02, 0x00, 0x02, 0x00, 0x66, 0x7e, 0x66, 0x7e, 0x66, 0x7e,
  0x23, 0x14, 0x02, 0x00, 0x02, 0x00, 0x02, 0x00, 0x02, 0x00, 0x02, 0x00,
  0x02, 0x00, 0x02, 0x00, 0x02, 0x00, 0x66, 0x7e, 0x66, 0x7e, 0x66, 0x7e,
  0x23, 0x14, 0x02, 0x00, 0x02, 0x00, 0x66, 0x7e, 0x66, 0x7e, 0x66, 0x7e,
  0x23, 0x14, 0x02, 0x00, 0x02, 0x00, 0x02, 0x00, 0x02, 0x00, 0x02, 0x00,
  0x02, 0x00, 0x02, 0x00, 0x02, 0x00, 0x66, 0x7e, 0x66, 0x7e, 0x66, 0x7e,
  0x23, 0x14, 0x02, 0x00, 0x02, 0x00, 0x66, 0x7e, 0x66, 0x7e, 0x66, 0x7e,
  0x23, 0x14, 0x02, 0x00, 0x02, 0x00, 0x02, 0x00, 0x02, 0x00, 0x02, 0x00,
  0x02, 0x00, 0x02, 0x00, 0x02, 0x00, 0x66, 0x7e, 0x66, 0x7e, 0x66, 0x7e,
  0x23, 0x14, 0x02, 0x00, 0x02, 0x00, 0x66, 0x7e, 0x66, 0x7e, 0x66, 0x7e,
  0x23, 0x14, 0x02, 0x00, 0x02, 0x00, 0x02, 0x00, 0x02, 0x00, 0x02, 0x00,
  0x02, 0x00, 0x02, 0x00, 0x02, 0x00, 0x66, 0x7e, 0x66, 0x7e, 0x66, 0x7e,
  0x23, 0x14, 0x02, 0x00, 0x02, 0x00, 0x02, 0x00, 0x02, 0x00, 0x02, 0x00,
  0x02, 0x00, 0x02, 0x00, 0x02, 0x00, 0x02, 0x00, 0x02, 0x00, 0x02, 0x00,
  0x02, 0x00, 0x02, 0x00, 0x02, 0x00, 0x02, 0x00, 0x02, 0x00, 0x02, 0x00,
  0x02, 0x00, 0x02, 0x00, 0x02, 0x00, 0x02, 0x00, 0x02, 0x00, 0x02, 0x00,
  0x02, 0x00, 0x02, 0x00, 0x02, 0x00, 0x02, 0x00, 0x02, 0x00, 0x02, 0x00,
  0x02, 0x00, 0x02, 0x00, 0x02, 0x00, 0x02, 0x00, 0x02, 0x00, 0x02, 0x00,
  0x02, 0x00, 0x02, 0x00, 0x02, 0x00, 0x02, 0x00, 0x02, 0x00, 0x02, 0x00,
  0x02, 0x00, 0x02, 0x00, 0x02, 0x00, 0x02, 0x00, 0x02, 0x00, 0x02, 0x00,
  0x02, 0x00, 0x02, 0x00, 0x02, 0x00, 0x66, 0x7e, 0x66, 0x7e, 0x66, 0x7e,
  0x23, 0x14, 0x02, 0x00, 0x02, 0x00, 0x02, 0x00, 0x02, 0x00, 0x02, 0x00,
  0x02, 0x00, 0x02, 0x00, 0x02, 0x00, 0x66, 0x7e, 0x66, 0x7e, 0x66, 0x7e,
  0x23, 0x14, 0x02, 0x00, 0x02, 0x00, 0x66, 0x7e, 0x66, 0x7e, 0x66, 0x7e,
  0x23, 0x14, 0x02, 0x00, 0x02, 0x00, 0x02, 0x00, 0x02, 0x00, 0x02, 0x00,
  0x02, 0x00, 0x02, 0x00, 0x02, 0x00, 0x66, 0x7e, 0x66, 0x7e, 0x66, 0x7e,
  0x23, 0x14, 0x02, 0x00, 0x02, 0x00, 0x66, 0x7e, 0x66, 0x7e, 0x66, 0x7e,
  0x23, 0x14, 0x02, 0x00, 0x02, 0x00, 0x02, 0x00, 0x02, 0x00, 0x02, 0x00,
  0x02, 0x00, 0x02, 0x00, 0x02, 0x00, 0x66, 0x7e, 0x66, 0x7e, 0x66, 0x7e,
  0x23, 0x14, 0x02, 0x00, 0x02, 0x00, 0x66, 0x7e, 0x66, 0x7e, 0x66, 0x7e,
  0x23, 0x14, 0x02, 0x00, 0x02, 0x00, 0x02, 0x00, 0x02, 0x00, 0x02, 0x00,
  0x02, 0x00, 0x02, 0x00, 0x02, 0x00, 0x66, 0x7e, 0x66, 0x7e, 0x66, 0x7e,
  0x23, 0x14, 0x02, 0x00, 0x02, 0x00, 0x02, 0x00, 0x02, 0x00, 0x02, 0x00,
  0x02, 0x00, 0x02, 0x00, 0x02, 0x00, 0x02, 0x00, 0x02, 0x00, 0x02, 0x00,
  0x02, 0x00, 0x02, 0x00, 0x02, 0x00, 0x02, 0x00, 0x02, 0x00, 0x02, 0x00,
  0x02, 0x00, 0x02, 0x00, 0x02, 0x00, 0x02, 0x00, 0x02, 0x00, 0x02, 0x00,
  0x02, 0x00, 0x02, 0x00, 0x02, 0x00, 0x02, 0x00, 0x02, 0x00, 0x02, 0x00,
  0x02, 0x00, 0x02, 0x00, 0x02, 0x00, 0x02, 0x00, 0x02, 0x00, 0x02, 0x00,
  0x02, 0x00, 0x02, 0x00, 0x02, 0x00, 0x02, 0x00, 0x02, 0x00, 0x02, 0x00,
  0x02, 0x00, 0x02, 0x00, 0x02, 0x00, 0x02, 0x00, 0x02, 0x00, 0x02, 0x00,
  0x02, 0x00, 0x02, 0x00, 0x02, 0x00, 0x25, 0x7e, 0x25, 0x7e, 0x25, 0x7e,
  0x23, 0x14, 0x02, 0x00, 0x02, 0x00, 0x02, 0x00, 0x02, 0x00, 0x02, 0x00,
  0x02, 0x00, 0x02, 0x00, 0x02, 0x00, 0x25, 0x7e, 0x25, 0x7e, 0x25, 0x7e,
  0x23, 0x14, 0x02, 0x00, 0x02, 0x00, 0x25, 0x7e, 0x25, 0x7e, 0x25, 0x7e,
  0x23, 0x14, 0x02, 0x00, 0x02, 0x00, 0x02, 0x00, 0x02, 0x00, 0x02, 0x00,
  0x02, 0x00, 0x02, 0x00, 0x02, 0x00, 0x25, 0x7e, 0x25, 0x7e, 0x25, 0x7e,
  0x23, 0x14, 0x02, 0x00, 0x02, 0x00, 0x25, 0x7e, 0x25, 0x7e, 0x25, 0x7e,
  0x23, 0x14, 0x02, 0x00, 0x02, 0x00, 0x02, 0x00, 0x02, 0x00, 0x02, 0x00,
  0x02, 0x00, 0x02, 0x00, 0x02, 0x00, 0x25, 0x7e, 0x25, 0x7e, 0x25, 0x7e,
  0x23, 0x14, 0x02, 0x00, 0x02, 0x00, 0x25, 0x7e, 0x25, 0x7e, 0x25, 0x7e,
  0x23, 0x14, 0x02, 0x00, 0x02, 0x00, 0x02, 0x00, 0x02, 0x00, 0x02, 0x00,
  0x02, 0x00, 0x02, 0x00, 0x02, 0x00, 0x25, 0x7e, 0x25, 0x7e, 0x25, 0x7e,
  0x23, 0x14, 0x02, 0x00, 0x02, 0x00, 0x02, 0x00, 0x02, 0x00, 0x02, 0x00,
  0x02, 0x00, 0x02, 0x00, 0x02, 0x00, 0x02, 0x00, 0x02, 0x00, 0x02, 0x00,
  0x02, 0x00, 0x02, 0x00, 0x02, 0x00, 0x02, 0x00, 0x02, 0x00, 0x02, 0x00,
  0x02, 0x00, 0x02, 0x00, 0x02, 0x00, 0x02, 0x00, 0x02, 0x00, 0x02, 0x00,
  0x02, 0x00, 0x02, 0x00, 0x02, 0x00, 0x02, 0x00, 0x02, 0x00, 0x02, 0x00,
  0x02, 0x00, 0x02, 0x00, 0x02, 0x00, 0x02, 0x00, 0x02, 0x00, 0x02, 0x00,
  0x02, 0x00, 0x02, 0x00, 0x02, 0x00, 0x02, 0x00, 0x02, 0x00, 0x02, 0x00,
  0x02, 0x00, 0x02, 0x00, 0x02, 0x00, 0x02, 0x00, 0x02, 0x00, 0x02, 0x00,
  0x02, 0x00, 0x02, 0x00, 0x02, 0x00, 0x25, 0x7e, 0x25, 0x7e, 0x25, 0x7e,
  0x23, 0x14, 0x02, 0x00, 0x02, 0x00, 0x02, 0x00, 0x02, 0x00, 0x02, 0x00,
  0x02, 0x00, 0x02, 0x00, 0x02, 0x00, 0x25, 0x7e, 0x25, 0x7e, 0x25, 0x7e,
  0x23, 0x14, 0x02, 0x00, 0x02, 0x00, 0x25, 0x7e, 0x25, 0x7e, 0x25, 0x7e,
  0x23, 0x14, 0x02, 0x00, 0x02, 0x00, 0x02, 0x00, 0x02, 0x00, 0x02, 0x00,
  0x02, 0x00, 0x02, 0x00, 0x02, 0x00, 0x25, 0x7e, 0x25, 0x7e, 0x25, 0x7e,
  0x23, 0x14, 0x02, 0x00, 0x02, 0x00, 0x25, 0x7e, 0x25, 0x7e, 0x25, 0x7e,
  0x23, 0x14, 0x02, 0x00, 0x02, 0x00, 0x02, 0x00, 0x02, 0x00, 0x02, 0x00,
  0x02, 0x00, 0x02, 0x00, 0x02, 0x00, 0x25, 0x7e, 0x25, 0x7e, 0x25, 0x7e,
  0x23, 0x14, 0x02, 0x00, 0x02, 0x00, 0x25, 0x7e, 0x25, 0x7e, 0x25, 0x7e,
  0x23, 0x14, 0x02, 0x00, 0x02, 0x00, 0x02, 0x00, 0x02, 0x00, 0x02, 0x00,
  0x02, 0x00, 0x02, 0x00, 0x02, 0x00, 0x25, 0x7e, 0x25, 0x7e, 0x25, 0x7e,
  0x23, 0x14, 0x02, 0x00, 0x02, 0x00, 0x02, 0x00, 0x02, 0x00, 0x02, 0x00,
  0x02, 0x00, 0x02, 0x00, 0x02, 0x00, 0x02, 0x00, 0x02, 0x00, 0x02, 0x00,
  0x02, 0x00, 0x02, 0x00, 0x02, 0x00, 0x02, 0x00, 0x02, 0x00, 0x02, 0x00,
  0x02, 0x00, 0x02, 0x00, 0x02, 0x00, 0x02, 0x00, 0x02, 0x00, 0x02, 0x00,
  0x02, 0x00, 0x02, 0x00, 0x02, 0x00, 0x02, 0x00, 0x02, 0x00, 0x02, 0x00,
  0x02, 0x00, 0x02, 0x00, 0x02, 0x00, 0x02, 0x00, 0x02, 0x00, 0x02, 0x00,
  0x02, 0x00, 0x02, 0x00, 0x02, 0x00, 0x02, 0x00, 0x02, 0x00, 0x02, 0x00,
  0x02, 0x00, 0x02, 0x00, 0x02, 0x00, 0x02, 0x00, 0x02, 0x00, 0x02, 0x00,
  0x02, 0x00, 0x02, 0x00, 0x02, 0x00, 0x25, 0x7e, 0x25, 0x7e, 0x25, 0x7e,
  0x23, 0x14, 0x02, 0x00, 0x02, 0x00, 0x02, 0x00, 0x02, 0x00, 0x02, 0x00,
  0x02, 0x00, 0x02, 0x00, 0x02, 0x00, 0x25, 0x7e, 0x25, 0x7e, 0x25, 0x7e,
  0x23, 0x14, 0x02, 0x00, 0x02, 0x00, 0x25, 0x7e, 0x25, 0x7e, 0x25, 0x7e,
  0x23, 0x14, 0x02, 0x00, 0x02, 0x00, 0x02, 0x00, 0x02, 0x00, 0x02, 0x00,
  0x02, 0x00, 0x02, 0x00, 0x02, 0x00, 0x25, 0x7e, 0x25, 0x7e, 0x25, 0x7e,
  0x23, 0x14, 0x02, 0x00, 0x02, 0x00, 0x25, 0x7e, 0x25, 0x7e, 0x25, 0x7e,
  0x23, 0x14, 0x02, 0x00, 0x02, 0x00, 0x02, 0x00, 0x02, 0x00, 0x02, 0x00,
  0x02, 0x00, 0x02, 0x00, 0x02, 0x00, 0x25, 0x7e, 0x25, 0x7e, 0x25, 0x7e,
  0x23, 0x14, 0x02, 0x00, 0x02, 0x00, 0x25, 0x7e, 0x25, 0x7e, 0x25, 0x7e,
  0x23, 0x14, 0x02, 0x00, 0x02, 0x00, 0x02, 0x00, 0x02, 0x00, 0x02, 0x00,
  0x02, 0x00, 0x02, 0x00, 0x02, 0x00, 0x25, 0x7e, 0x25, 0x7e, 0x25, 0x7e,
  0x23, 0x14, 0x02, 0x00, 0x02, 0x00, 0x02, 0x00, 0x02, 0x00, 0x02, 0x00,
  0x02, 0x00, 0x02, 0x00, 0x02, 0x00, 0x02, 0x00, 0x02, 0x00, 0x02, 0x00,
  0x02, 0x00, 0x02, 0x00, 0x02, 0x00, 0x02, 0x00, 0x02, 0x00, 0x02, 0x00,
  0x02, 0x00, 0x02, 0x00, 0x02, 0x00, 0x02, 0x00, 0x02, 0x00, 0x02, 0x00,
  0x02, 0x00, 0x02, 0x00, 0x02, 0x00, 0x02, 0x00, 0x02, 0x00, 0x02, 0x00,
  0x02, 0x00, 0x02, 0x00, 0x02, 0x00, 0x02, 0x00, 0x02, 0x00, 0x02, 0x00,
  0x02, 0x00, 0x02, 0x00, 0x02, 0x00, 0x02, 0x00, 0x02, 0x00, 0x02, 0x00,
  0x02, 0x00, 0x02, 0x00, 0x02, 0x00, 0x02, 0x00, 0x02, 0x00, 0x02, 0x00,
  0x02, 0x00, 0x02, 0x00, 0x02, 0x00, 0xe3, 0x7d, 0xe3, 0x7d, 0xe3, 0x7d,
  0x23, 0x14, 0x02, 0x00, 0x02, 0x00, 0x02, 0x00, 0x02, 0x00, 0x02, 0x00,
  0x02, 0x00, 0x02, 0x00, 0x02, 0x00, 0xe3, 0x7d, 0xe3, 0x7d, 0xe3, 0x7d,
  0x23, 0x14, 0x02, 0x00, 0x02, 0x00, 0x02, 0x00, 0x23, 0x14, 0x23, 0x14,
  0xe3, 0x7d, 0xe3, 0x7d, 0xe3, 0x7d, 0xe3, 0x7d, 0xe3, 0x7d, 0xe3, 0x7d,
  0xe3, 0x7d, 0xe3, 0x7d, 0xe3, 0x7d, 0x02, 0x00, 0x23, 0x14, 0x23, 0x14,
  0x23, 0x14, 0x02, 0x00, 0x02, 0x00, 0x02, 0x00, 0x23, 0x14, 0x23, 0x14,
  0xe3, 0x7d, 0xe3, 0x7d, 0xe3, 0x7d, 0xe3, 0x7d, 0xe3, 0x7d, 0xe3, 0x7d,
  0xe3, 0x7d, 0xe3, 0x7d, 0xe3, 0x7d, 0x02, 0x00, 0x23, 0x14, 0x23, 0x14,
  0x23, 0x14, 0x02, 0x00, 0x02, 0x00, 0xe3, 0x7d, 0xe3, 0x7d, 0xe3, 0x7d,
  0x23, 0x14, 0x02, 0x00, 0x02, 0x00, 0x02, 0x00, 0x02, 0x00, 0x02, 0x00,
  0x02, 0x00, 0x02, 0x00, 0x02, 0x00, 0xe3, 0x7d, 0xe3, 0x7d, 0xe3, 0x7d,
  0x23, 0x14, 0x02, 0x00, 0x02, 0x00, 0x02, 0x00, 0x02, 0x00, 0x02, 0x00,
  0x02, 0x00, 0x02, 0x00, 0x02, 0x00, 0x02, 0x00, 0x02, 0x00, 0x02, 0x00,
  0x02, 0x00, 0x02, 0x00, 0x02, 0x00, 0x02, 0x00, 0x02, 0x00, 0x02, 0x00,
  0x02, 0x00, 0x02, 0x00, 0x02, 0x00, 0x02, 0x00, 0x02, 0x00, 0x02, 0x00,
  0x02, 0x00, 0x02, 0x00, 0x01, 0x00, 0x01, 0x00, 0x01, 0x00, 0x01, 0x00,
  0x01, 0x00, 0x01, 0x00, 0x01, 0x00, 0x01, 0x00, 0x01, 0x00, 0x01, 0x00,
  0x01, 0x00, 0x01, 0x00, 0x01, 0x00, 0x01, 0x00, 0x01, 0x00, 0x01, 0x00,
  0x01, 0x00, 0x01, 0x00, 0x01, 0x00, 0x01, 0x00, 0x01, 0x00, 0x01, 0x00,
  0x01, 0x00, 0x01, 0x00, 0x01, 0x00, 0xe3, 0x7d, 0xe3, 0x7d, 0xe3, 0x7d,
  0x23, 0x14, 0x01, 0x00, 0x01, 0x00, 0x01, 0x00, 0x01, 0x00, 0x01, 0x00,
  0x01, 0x00, 0x01, 0x00, 0x01, 0x00, 0xe3, 0x7d, 0xe3, 0x7d, 0xe3, 0x7d,
  0x23, 0x14, 0x01, 0x00, 0x01, 0x00, 0x01, 0x00, 0x01, 0x00, 0x01, 0x00,
  0xe3, 0x7d, 0xe3, 0x7d, 0xe3, 0x7d, 0xe3, 0x7d, 0xe3, 0x7d, 0xe3, 0x7d,
  0xe3, 0x7d, 0xe3, 0x7d, 0xe3, 0x7d, 0x23, 0x14, 0x01, 0x00, 0x74, 0x77,
  0x01, 0x00, 0x01, 0x00, 0x01, 0x00, 0x01, 0x00, 0x01, 0x00, 0x01, 0x00,
  0xe3, 0x7d, 0xe3, 0x7d, 0xe3, 0x7d, 0xe3, 0x7d, 0xe3, 0x7d, 0xe3, 0x7d,
  0xe3, 0x7d, 0xe3, 0x7d, 0xe3, 0x7d, 0x23, 0x14, 0x01, 0x00, 0x01, 0x00,
  0x01, 0x00, 0x01, 0x00, 0x01, 0x00, 0xe3, 0x7d, 0xe3, 0x7d, 0xe3, 0x7d,
  0x23, 0x14, 0x01, 0x00, 0x01, 0x00, 0x01, 0x00, 0x01, 0x00, 0x01, 0x00,
  0x01, 0x00, 0x01, 0x00, 0x01, 0x00, 0xe3, 0x7d, 0xe3, 0x7d, 0xe3, 0x7d,
  0x23, 0x14, 0x01, 0x00, 0x01, 0x00, 0x01, 0x00, 0x01, 0x00, 0x01, 0x00,
  0x01, 0x00, 0x01, 0x00, 0x01, 0x00, 0x01, 0x00, 0x01, 0x00, 0x01, 0x00,
  0x01, 0x00, 0x01, 0x00, 0x01, 0x00, 0x01, 0x00, 0x01, 0x00, 0x01, 0x00,
  0x01, 0x00, 0x01, 0x00, 0x01, 0x00, 0x01, 0x00, 0x01, 0x00, 0x01, 0x00,
  0x01, 0x00, 0x01, 0x00, 0x01, 0x00, 0x01, 0x00, 0x01, 0x00, 0x01, 0x00,
  0x01, 0x00, 0x01, 0x00, 0x01, 0x00, 0x01, 0x00, 0x01, 0x00, 0x01, 0x00,
  0x01, 0x00, 0x01, 0x00, 0x01, 0x00, 0x01, 0x00, 0x01, 0x00, 0x01, 0x00,
  0x01, 0x00, 0x01, 0x00, 0x01, 0x00, 0x01, 0x00, 0x01, 0x00, 0x01, 0x00,
  0x01, 0x00, 0x01, 0x00, 0x01, 0x00, 0xe3, 0x7d, 0xe3, 0x7d, 0xe3, 0x7d,
  0x23, 0x14, 0x01, 0x00, 0x01, 0x00, 0x01, 0x00, 0x01, 0x00, 0x01, 0x00,
  0x01, 0x00, 0x01, 0x00, 0x01, 0x00, 0xe3, 0x7d, 0xe3, 0x7d, 0xe3, 0x7d,
  0x23, 0x14, 0x01, 0x00, 0x01, 0x00, 0x01, 0x00, 0x01, 0x00, 0x01, 0x00,
  0xe3, 0x7d, 0xe3, 0x7d, 0xe3, 0x7d, 0xe3, 0x7d, 0xe3, 0x7d, 0xe3, 0x7d,
  0xe3, 0x7d, 0xe3, 0x7d, 0xe3, 0x7d, 0x23, 0x14, 0x01, 0x00, 0x01, 0x00,
  0x01, 0x00, 0x01, 0x00, 0x01, 0x00, 0x01, 0x00, 0x01, 0x00, 0x01, 0x00,
  0xe3, 0x7d, 0xe3, 0x7d, 0xe3, 0x7d, 0xe3, 0x7d, 0xe3, 0x7d, 0xe3, 0x7d,
  0xe3, 0x7d, 0xe3, 0x7d, 0xe3, 0x7d, 0x23, 0x14, 0x01, 0x00, 0x01, 0x00,
  0x01, 0x00, 0x01, 0x00, 0x01, 0x00, 0xe3, 0x7d, 0xe3, 0x7d, 0xe3, 0x7d,
  0x23, 0x14, 0x01, 0x00, 0x01, 0x00, 0x01, 0x00, 0x01, 0x00, 0x01, 0x00,
  0x01, 0x00, 0x01, 0x00, 0x01, 0x00, 0xe3, 0x7d, 0xe3, 0x7d, 0xe3, 0x7d,
  0x23, 0x14, 0x01, 0x00, 0x01, 0x00, 0x01, 0x00, 0x01, 0x00, 0x01, 0x00,
  0x01, 0x00, 0x01, 0x00, 0x01, 0x00, 0x01, 0x00, 0x01, 0x00, 0x01, 0x00,
  0x01, 0x00, 0x01, 0x00, 0x01, 0x00, 0x01, 0x00, 0x01, 0x00, 0x01, 0x00,
  0x01, 0x00, 0x01, 0x00, 0x01, 0x00, 0x01, 0x00, 0x01, 0x00, 0x01, 0x00,
  0x01, 0x00, 0x01, 0x00, 0x01, 0x00, 0x01, 0x00, 0x01, 0x00, 0x01, 0x00,
  0x01, 0x00, 0x01, 0x00, 0x01, 0x00, 0x01, 0x00, 0x01, 0x00, 0x01, 0x00,
  0x01, 0x00, 0x01, 0x00, 0x01, 0x00, 0x01, 0x00, 0x01, 0x00, 0x01, 0x00,
  0x01, 0x00, 0x01, 0x00, 0x01, 0x00, 0x01, 0x00, 0x01, 0x00, 0x01, 0x00,
  0x01, 0x00, 0x01, 0x00, 0x01, 0x00, 0x01, 0x00, 0x23, 0x14, 0x23, 0x14,
  0x23, 0x14, 0x01, 0x00, 0x01, 0x00, 0x01, 0x00, 0x01, 0x00, 0x01, 0x00,
  0x01, 0x00, 0x01, 0x00, 0x01, 0x00, 0x01, 0x00, 0x23, 0x14, 0x23, 0x14,
  0x23, 0x14, 0x01, 0x00, 0x01, 0x00, 0x01, 0x00, 0x01, 0x00, 0x01, 0x00,
  0x01, 0x00, 0x23, 0x14, 0x23, 0x14, 0x23, 0x14, 0x23, 0x14, 0x23, 0x14,
  0x23, 0x14, 0x23, 0x14, 0x23, 0x14, 0x23, 0x14, 0x01, 0x00, 0x01, 0x00,
  0x01, 0x00, 0x01, 0x00, 0x01, 0x00, 0x01, 0x00, 0x01, 0x00, 0x01, 0x00,
  0x01, 0x00, 0x23, 0x14, 0x23, 0x14, 0x23, 0x14, 0x23, 0x14, 0x23, 0x14,
  0x23, 0x14, 0x23, 0x14, 0x23, 0x14, 0x23, 0x14, 0x01, 0x00, 0x01, 0x00,
  0x01, 0x00, 0x01, 0x00, 0x01, 0x00, 0x01, 0x00, 0x23, 0x14, 0x23, 0x14,
  0x23, 0x14, 0x01, 0x00, 0x01, 0x00, 0x01, 0x00, 0x01, 0x00, 0x01, 0x00,
  0x01, 0x00, 0x01, 0x00, 0x01, 0x00, 0x01, 0x00, 0x23, 0x14, 0x23, 0x14,
  0x23, 0x14, 0x01, 0x00, 0x01, 0x00, 0x01, 0x00, 0x01, 0x00, 0x01, 0x00,
  0x01, 0x00, 0x01, 0x00, 0x01, 0x00, 0x01, 0x00, 0x01, 0x00, 0x01, 0x00,
  0x01, 0x00, 0x01, 0x00, 0x01, 0x00, 0x01, 0x00, 0x01, 0x00, 0x01, 0x00,
  0x01, 0x00, 0x01, 0x00, 0x01, 0x00, 0x01, 0x00, 0x01, 0x00, 0x01, 0x00,
  0x01, 0x00, 0x01, 0x00, 0x01, 0x00, 0x01, 0x00, 0x01, 0x00, 0x01, 0x00,
  0x01, 0x00, 0x01, 0x00, 0x01, 0x00, 0x01, 0x00, 0x01, 0x00, 0x01, 0x00,
  0x01, 0x00, 0x01, 0x00, 0x01, 0x00, 0x01, 0x00, 0x01, 0x00, 0x01, 0x00,
  0x01, 0x00, 0x01, 0x00, 0x01, 0x00, 0x01, 0x00, 0x01, 0x00, 0x01, 0x00,
  0x01, 0x00, 0x01, 0x00, 0x01, 0x00, 0x01, 0x00, 0x01, 0x00, 0x01, 0x00,
  0x01, 0x00, 0x01, 0x00, 0x01, 0x00, 0x01, 0x00, 0x01, 0x00, 0x01, 0x00,
  0x01, 0x00, 0x01, 0x00, 0x01, 0x00, 0x01, 0x00, 0x01, 0x00, 0x01, 0x00,
  0x01, 0x00, 0x01, 0x00, 0x01, 0x00, 0x01, 0x00, 0x01, 0x00, 0x01, 0x00,
  0x01, 0x00, 0x01, 0x00, 0x01, 0x00, 0x01, 0x00, 0x01, 0x00, 0x01, 0x00,
  0x01, 0x00, 0x01, 0x00, 0x01, 0x00, 0x01, 0x00, 0x01, 0x00, 0x01, 0x00,
  0x01, 0x00, 0x01, 0x00, 0x01, 0x00, 0x01, 0x00, 0x01, 0x00, 0x01, 0x00,
  0x01, 0x00, 0x01, 0x00, 0x01, 0x00, 0x01, 0x00, 0x01, 0x00, 0x01, 0x00,
  0x01, 0x00, 0x01, 0x00, 0x01, 0x00, 0x01, 0x00, 0x01, 0x00, 0x01, 0x00,
  0x01, 0x00, 0x01, 0x00, 0x01, 0x00, 0x01, 0x00, 0x01, 0x00, 0x01, 0x00,
  0x01, 0x00, 0x01, 0x00, 0x01, 0x00, 0x01, 0x00, 0x01, 0x00, 0x01, 0x00,
  0x01, 0x00, 0x01, 0x00, 0x01, 0x00, 0x01, 0x00, 0x01, 0x00, 0x01, 0x00,
  0x01, 0x00, 0x01, 0x00, 0x01, 0x00, 0x01, 0x00, 0x01, 0x00, 0x01, 0x00,
  0x01, 0x00, 0x01, 0x00, 0x01, 0x00, 0x01, 0x00, 0x01, 0x00, 0x01, 0x00,
  0x01, 0x00, 0x01, 0x00, 0x01, 0x00, 0x01, 0x00, 0x01, 0x00, 0x01, 0x00,
  0x01, 0x00, 0x01, 0x00, 0x01, 0x00, 0x01, 0x00, 0x01, 0x00, 0x01, 0x00,
  0x01, 0x00, 0x01, 0x00, 0x01, 0x00, 0x01, 0x00, 0x01, 0x00, 0x01, 0x00,
  0x01, 0x00, 0x01, 0x00, 0x01, 0x00, 0x01, 0x00, 0x01, 0x00, 0x01, 0x00,
  0x01, 0x00, 0x01, 0x00, 0x01, 0x00, 0x01, 0x00, 0x01, 0x00, 0x01, 0x00,
  0x01, 0x00, 0x01, 0x00, 0x01, 0x00, 0x01, 0x00, 0x01, 0x00, 0x01, 0x00,
  0x01, 0x00, 0x01, 0x00, 0x01, 0x00, 0x01, 0x00, 0x01, 0x00, 0x01, 0x00,
  0x01, 0x00, 0x01, 0x00, 0x01, 0x00, 0x01, 0x00, 0x01, 0x00, 0x01, 0x00,
  0x01, 0x00, 0x01, 0x00, 0x01, 0x00, 0x01, 0x00, 0x01, 0x00, 0x01, 0x00,
  0x01, 0x00, 0x01, 0x00, 0x01, 0x00, 0x01, 0x00, 0x01, 0x00, 0x01, 0x00,
  0x01, 0x00, 0x01, 0x00, 0x01, 0x00, 0x01, 0x00, 0x01, 0x00, 0x01, 0x00,
  0x01, 0x00, 0x01, 0x00, 0x01, 0x00, 0x01, 0x00, 0x01, 0x00, 0x01, 0x00,
  0x01, 0x00, 0x01, 0x00, 0x01, 0x00, 0x01, 0x00, 0x01, 0x00, 0x01, 0x00,
  0x01, 0x00, 0x01, 0x00, 0x01, 0x00, 0x01, 0x00, 0x01, 0x00, 0x01, 0x00,
  0x01, 0x00, 0x01, 0x00, 0x01, 0x00, 0x01, 0x00, 0x01, 0x00, 0x01, 0x00,
  0x01, 0x00, 0x01, 0x00, 0x01, 0x00, 0x01, 0x00, 0x01, 0x00, 0x01, 0x00,
  0x01, 0x00, 0x01, 0x00, 0x01, 0x00, 0x01, 0x00, 0x01, 0x00, 0x01, 0x00,
  0x01, 0x00, 0x01, 0x00, 0x01, 0x00, 0x01, 0x00, 0x01, 0x00, 0x01, 0x00,
  0x01, 0x00, 0x01, 0x00, 0x01, 0x00, 0x01, 0x00, 0x01, 0x00, 0x01, 0x00,
  0x01, 0x00, 0x01, 0x00, 0x01, 0x00, 0x01, 0x00, 0x01, 0x00, 0x01, 0x00,
  0x01, 0x00, 0x01, 0x00, 0x01, 0x00, 0x01, 0x00, 0x01, 0x00, 0x01, 0x00,
  0x01, 0x00, 0x01, 0x00, 0x01, 0x00, 0x01, 0x00, 0x01, 0x00, 0x01, 0x00,
  0x01, 0x00, 0x01, 0x00, 0x01, 0x00, 0x01, 0x00, 0x01, 0x00, 0x01, 0x00,
  0x01, 0x00, 0x01, 0x00, 0x01, 0x00, 0x01, 0x00, 0x01, 0x00, 0x01, 0x00,
  0x01, 0x00, 0x01, 0x00, 0x01, 0x00, 0x01, 0x00, 0x01, 0x00, 0x01, 0x00,
  0x01, 0x00, 0x01, 0x00, 0x01, 0x00, 0x01, 0x00, 0x01, 0x00, 0x01, 0x00,
  0x01, 0x00, 0x01, 0x00, 0x01, 0x00, 0x01, 0x00, 0x01, 0x00, 0x01, 0x00,
  0x01, 0x00, 0x01, 0x00, 0x01, 0x00, 0x01, 0x00, 0x01, 0x00, 0x01, 0x00,
  0x01, 0x00, 0x01, 0x00, 0x01, 0x00, 0x01, 0x00, 0x01, 0x00, 0x01, 0x00,
  0x01, 0x00, 0x01, 0x00, 0x01, 0x00, 0x01, 0x00, 0x01, 0x00, 0x01, 0x00,
  0x01, 0x00, 0x01, 0x00, 0x01, 0x00, 0x01, 0x00, 0x01, 0x00, 0x01, 0x00,
  0x01, 0x00, 0x01, 0x00, 0x01, 0x00, 0x01, 0x00, 0x01, 0x00, 0x01, 0x00,
  0x01, 0x00, 0x01, 0x00, 0x01, 0x00, 0x01, 0x00, 0x01, 0x00, 0x01, 0x00,
  0x01, 0x00, 0x01, 0x00, 0x01, 0x00, 0x01, 0x00, 0x01, 0x00, 0x01, 0x00,
  0x01, 0x00, 0x01, 0x00, 0x01, 0x00, 0x01, 0x00, 0x01, 0x00, 0x01, 0x00,
  0x01, 0x00, 0x01, 0x00, 0x01, 0x00, 0x01, 0x00, 0x01, 0x00, 0x01, 0x00,
  0x01, 0x00, 0x01, 0x00, 0x01, 0x00, 0x01, 0x00, 0x01, 0x00, 0x01, 0x00,
  0x01, 0x00, 0x01, 0x00, 0x01, 0x00, 0x01, 0x00, 0x01, 0x00, 0x01, 0x00,
  0x01, 0x00, 0x01, 0x00, 0x01, 0x00, 0x01, 0x00, 0x01, 0x00, 0x01, 0x00,
  0x01, 0x00, 0x01, 0x00, 0x01, 0x00, 0x01, 0x00, 0x01, 0x00, 0x01, 0x00,
  0x01, 0x00, 0x01, 0x00, 0x01, 0x00, 0x01, 0x00, 0x01, 0x00, 0x01, 0x00,
  0x01, 0x00, 0x01, 0x00, 0x01, 0x00, 0x01, 0x00, 0x01, 0x00, 0x01, 0x00,
  0x01, 0x00, 0x01, 0x00, 0x01, 0x00, 0x01, 0x00, 0x01, 0x00, 0x01, 0x00,
  0x01, 0x00, 0x01, 0x00, 0x01, 0x00, 0x01, 0x00, 0x01, 0x00, 0x01, 0x00,
  0x01, 0x00, 0x01, 0x00, 0x01, 0x00, 0x01, 0x00, 0x01, 0x00, 0x01, 0x00,
  0x01, 0x00, 0x01, 0x00, 0x01, 0x00, 0x01, 0x00, 0x01, 0x00, 0x01, 0x00,
  0x01, 0x00, 0x01, 0x00, 0x01, 0x00, 0x01, 0x00, 0x01, 0x00, 0x01, 0x00,
  0x01, 0x00, 0x01, 0x00, 0x01, 0x00, 0x01, 0x00, 0x01, 0x00, 0x01, 0x00,
  0x01, 0x00, 0x01, 0x00, 0x01, 0x00, 0x01, 0x00, 0x01, 0x00, 0x01, 0x00,
  0x01, 0x00, 0x01, 0x00, 0x01, 0x00, 0x01, 0x00, 0x01, 0x00, 0x01, 0x00,
  0x01, 0x00, 0x01, 0x00, 0x01, 0x00, 0x01, 0x00, 0x01, 0x00, 0x01, 0x00,
  0x01, 0x00, 0x01, 0x00, 0x01, 0x00, 0x01, 0x00, 0x01, 0x00, 0x01, 0x00,
  0x01, 0x00, 0x01, 0x00, 0x01, 0x00, 0x01, 0x00, 0x01, 0x00, 0x01, 0x00,
  0x01, 0x00, 0x01, 0x00, 0x01, 0x00, 0x01, 0x00, 0x01, 0x00, 0x01, 0x00,
  0x01, 0x00, 0x01, 0x00, 0x01, 0x00, 0x01, 0x00, 0x01, 0x00, 0x01, 0x00,
  0x01, 0x00, 0x01, 0x00, 0x01, 0x00, 0x01, 0x00, 0x01, 0x00, 0x01, 0x00,
  0x01, 0x00, 0x01, 0x00, 0x01, 0x00, 0x01, 0x00, 0x01, 0x00, 0x01, 0x00,
  0x01, 0x00, 0x01, 0x00, 0x01, 0x00, 0x01, 0x00, 0x01, 0x00, 0x01, 0x00,
  0x01, 0x00, 0x01, 0x00, 0x01, 0x00, 0x01, 0x00, 0x01, 0x00, 0x01, 0x00,
  0x01, 0x00, 0x01, 0x00, 0x01, 0x00, 0x01, 0x00, 0x01, 0x00, 0x01, 0x00,
  0x01, 0x00, 0x01, 0x00, 0x01, 0x00, 0x01, 0x00, 0x01, 0x00, 0x01, 0x00,
  0x01, 0x00, 0x01, 0x00, 0x01, 0x00, 0x01, 0x00, 0x01, 0x00, 0x01, 0x00,
  0x01, 0x00, 0x01, 0x00, 0x01, 0x00, 0x01, 0x00, 0x01, 0x00, 0x01, 0x00,
  0x01, 0x00, 0x01, 0x00, 0x01, 0x00, 0x01, 0x00, 0x01, 0x00, 0x01, 0x00,
  0xab, 0x7f, 0xab, 0x7f, 0xab, 0x7f, 0xab, 0x7f, 0xab, 0x7f, 0xab, 0x7f,
  0xab, 0x7f, 0xab, 0x7f, 0xab, 0x7f, 0xab, 0x7f, 0xab, 0x7f, 0xab, 0x7f,
  0x01, 0x00, 0x01, 0x00, 0x01, 0x00, 0xab, 0x7f, 0xab, 0x7f, 0xab, 0x7f,
  0xab, 0x7f, 0xab, 0x7f, 0xab, 0x7f, 0xab, 0x7f, 0xab, 0x7f, 0xab, 0x7f,
  0xab, 0x7f, 0xab, 0x7f, 0xab, 0x7f, 0x01, 0x00, 0x01, 0x00, 0x01, 0x00,
  0x01, 0x00, 0x01, 0x00, 0x01, 0x00, 0xab, 0x7f, 0xab, 0x7f, 0xab, 0x7f,
  0xab, 0x7f, 0xab, 0x7f, 0xab, 0x7f, 0xab, 0x7f, 0xab, 0x7f, 0xab, 0x7f,
  0xab, 0x7f, 0xab, 0x7f, 0xab, 0x7f, 0xab, 0x7f, 0xab, 0x7f, 0xab, 0x7f,
  0x01, 0x00, 0x01, 0x00, 0x01, 0x00, 0x01, 0x00, 0x01, 0x00, 0x01, 0x00,
  0xab, 0x7f, 0xab, 0x7f, 0xab, 0x7f, 0xab, 0x7f, 0xab, 0x7f, 0xab, 0x7f,
  0xab, 0x7f, 0xab, 0x7f, 0xab, 0x7f, 0xab, 0x7f, 0xab, 0x7f, 0xab, 0x7f,
  0x01, 0x00, 0x01, 0x00, 0x01, 0x00, 0xab, 0x7f, 0xab, 0x7f, 0xab, 0x7f,
  0xab, 0x7f, 0xab, 0x7f, 0xab, 0x7f, 0xab, 0x7f, 0xab, 0x7f, 0xab, 0x7f,
  0xab, 0x7f, 0xab, 0x7f, 0xab, 0x7f, 0xab, 0x7f, 0xab, 0x7f, 0xab, 0x7f,
  0x01, 0x00, 0x01, 0x00, 0x01, 0x00, 0x01, 0x00, 0x01, 0x00, 0x01, 0x00,
  0xab, 0x7f, 0xab, 0x7f, 0xab, 0x7f, 0xab, 0x7f, 0xab, 0x7f, 0xab, 0x7f,
  0xab, 0x7f, 0xab, 0x7f, 0xab, 0x7f, 0x01, 0x00, 0x01, 0x00, 0x01, 0x00,
  0x01, 0x00, 0x01, 0x00, 0x01, 0x00, 0x01, 0x00, 0x01, 0x00, 0x01, 0x00,
  0x01, 0x00, 0x01, 0x00, 0x01, 0x00, 0x01, 0x00, 0x01, 0x00, 0x01, 0x00,
  0x01, 0x00, 0x01, 0x00, 0x01, 0x00, 0x01, 0x00, 0x01, 0x00, 0x01, 0x00,
  0xab, 0x7f, 0xab, 0x7f, 0xab, 0x7f, 0xab, 0x7f, 0xab, 0x7f, 0xab, 0x7f,
  0xab, 0x7f, 0xab, 0x7f, 0xab, 0x7f, 0xab, 0x7f, 0xab, 0x7f, 0xab, 0x7f,
  0x23, 0x14, 0x01, 0x00, 0x01, 0x00, 0xab, 0x7f, 0xab, 0x7f, 0xab, 0x7f,
  0xab, 0x7f, 0xab, 0x7f, 0xab, 0x7f, 0xab, 0x7f, 0xab, 0x7f, 0xab, 0x7f,
  0xab, 0x7f, 0xab, 0x7f, 0xab, 0x7f, 0x23, 0x14, 0x01, 0x00, 0x01, 0x00,
  0x01, 0x00, 0x01, 0x00, 0x01, 0x00, 0xab, 0x7f, 0xab, 0x7f, 0xab, 0x7f,
  0xab, 0x7f, 0xab, 0x7f, 0xab, 0x7f, 0xab, 0x7f, 0xab, 0x7f, 0xab, 0x7f,
  0xab, 0x7f, 0xab, 0x7f, 0xab, 0x7f, 0xab, 0x7f, 0xab, 0x7f, 0xab, 0x7f,
  0x23, 0x14, 0x01, 0x00, 0x01, 0x00, 0x01, 0x00, 0x01, 0x00, 0x01, 0x00,
  0xab, 0x7f, 0xab, 0x7f, 0xab, 0x7f, 0xab, 0x7f, 0xab, 0x7f, 0xab, 0x7f,
  0xab, 0x7f, 0xab, 0x7f, 0xab, 0x7f, 0xab, 0x7f, 0xab, 0x7f, 0xab, 0x7f,
  0x23, 0x14, 0x01, 0x00, 0x01, 0x00, 0xab, 0x7f, 0xab, 0x7f, 0xab, 0x7f,
  0xab, 0x7f, 0xab, 0x7f, 0xab, 0x7f, 0xab, 0x7f, 0xab, 0x7f, 0xab, 0x7f,
  0xab, 0x7f, 0xab, 0x7f, 0xab, 0x7f, 0xab, 0x7f, 0xab, 0x7f, 0xab, 0x7f,
  0x23, 0x14, 0x01, 0x00, 0x01, 0x00, 0x01, 0x00, 0x01, 0x00, 0x01, 0x00,
  0xab, 0x7f, 0xab, 0x7f, 0xab, 0x7f, 0xab, 0x7f, 0xab, 0x7f, 0xab, 0x7f,
  0xab, 0x7f, 0xab, 0x7f, 0xab, 0x7f, 0x23, 0x14, 0x01, 0x00, 0x01, 0x00,
  0x01, 0x00, 0x01, 0x00, 0x01, 0x00, 0x01, 0x00, 0x01, 0x00, 0x01, 0x00,
  0x01, 0x00, 0x01, 0x00, 0x01, 0x00, 0x01, 0x00, 0x01, 0x00, 0x01, 0x00,
  0x01, 0x00, 0x01, 0x00, 0x01, 0x00, 0x01, 0x00, 0x01, 0x00, 0x01, 0x00,
  0xab, 0x7f, 0xab, 0x7f, 0xab, 0x7f, 0xab, 0x7f, 0xab, 0x7f, 0xab, 0x7f,
  0xab, 0x7f, 0xab, 0x7f, 0xab, 0x7f, 0xab, 0x7f, 0xab, 0x7f, 0xab, 0x7f,
  0x23, 0x14, 0x01, 0x00, 0x01, 0x00, 0xab, 0x7f, 0xab, 0x7f, 0xab, 0x7f,
  0xab, 0x7f, 0xab, 0x7f, 0xab, 0x7f, 0xab, 0x7f, 0xab, 0x7f, 0xab, 0x7f,
  0xab, 0x7f, 0xab, 0x7f, 0xab, 0x7f, 0x23, 0x14, 0x01, 0x00, 0x01, 0x00,
  0x01, 0x00, 0x01, 0x00, 0x01, 0x00, 0xab, 0x7f, 0xab, 0x7f, 0xab, 0x7f,
  0xab, 0x7f, 0xab, 0x7f, 0xab, 0x7f, 0xab, 0x7f, 0xab, 0x7f, 0xab, 0x7f,
  0xab, 0x7f, 0xab, 0x7f, 0xab, 0x7f, 0xab, 0x7f, 0xab, 0x7f, 0xab, 0x7f,
  0x23, 0x14, 0x01, 0x00, 0x01, 0x00, 0x01, 0x00, 0x01, 0x00, 0x01, 0x00,
  0xab, 0x7f, 0xab, 0x7f, 0xab, 0x7f, 0xab, 0x7f, 0xab, 0x7f, 0xab, 0x7f,
  0xab, 0x7f, 0xab, 0x7f, 0xab, 0x7f, 0xab, 0x7f, 0xab, 0x7f, 0xab, 0x7f,
  0x23, 0x14, 0x01, 0x00, 0x01, 0x00, 0xab, 0x7f, 0xab, 0x7f, 0xab, 0x7f,
  0xab, 0x7f, 0xab, 0x7f, 0xab, 0x7f, 0xab, 0x7f, 0xab, 0x7f, 0xab, 0x7f,
  0xab, 0x7f, 0xab, 0x7f, 0xab, 0x7f, 0xab, 0x7f, 0xab, 0x7f, 0xab, 0x7f,
  0x23, 0x14, 0x01, 0x00, 0x01, 0x00, 0x01, 0x00, 0x01, 0x00, 0x01, 0x00,
  0xab, 0x7f, 0xab, 0x7f, 0xab, 0x7f, 0xab, 0x7f, 0xab, 0x7f, 0xab, 0x7f,
  0xab, 0x7f, 0xab, 0x7f, 0xab, 0x7f, 0x23, 0x14, 0x01, 0x00, 0x01, 0x00,
  0x01, 0x00, 0x01, 0x00, 0x01, 0x00, 0x01, 0x00, 0x01, 0x00, 0x01, 0x00,
  0x01, 0x00, 0x01, 0x00, 0x01, 0x00, 0x01, 0x00, 0x01, 0x00, 0x01, 0x00,
  0x01, 0x00, 0x01, 0x00, 0x01, 0x00, 0x6a, 0x7f, 0x6a, 0x7f, 0x6a, 0x7f,
  0x01, 0x00, 0x23, 0x14, 0x23, 0x14, 0x23, 0x14, 0x23, 0x14, 0x23, 0x14,
  0x23, 0x14, 0x23, 0x14, 0x23, 0x14, 0x23, 0x14, 0x23, 0x14, 0x23, 0x14,
  0x23, 0x14, 0x01, 0x00, 0x01, 0x00, 0x6a, 0x7f, 0x6a, 0x7f, 0x6a, 0x7f,
  0x23, 0x14, 0x23, 0x14, 0x23, 0x14, 0x23, 0x14, 0x23, 0x14, 0x23, 0x14,
  0x23, 0x14, 0x23, 0x14, 0x23, 0x14, 0x6a, 0x7f, 0x6a, 0x7f, 0x6a, 0x7f,
  0x01, 0x00, 0x01, 0x00, 0x01, 0x00, 0x6a, 0x7f, 0x6a, 0x7f, 0x6a, 0x7f,
  0x23, 0x14, 0x23, 0x14, 0x23, 0x14, 0x23, 0x14, 0x23, 0x14, 0x23, 0x14,
  0x23, 0x14, 0x23, 0x14, 0x23, 0x14, 0x23, 0x14, 0x23, 0x14, 0x23, 0x14,
  0x23, 0x14, 0x01, 0x00, 0x01, 0x00, 0x6a, 0x7f, 0x6a, 0x7f, 0x6a, 0x7f,
  0x01, 0x00, 0x23, 0x14, 0x23, 0x14, 0x23, 0x14, 0x23, 0x14, 0x23, 0x14,
  0x23, 0x14, 0x23, 0x14, 0x23, 0x14, 0x23, 0x14, 0x23, 0x14, 0x23, 0x14,
  0x23, 0x14, 0x01, 0x00, 0x01, 0x00, 0x01, 0x00, 0x23, 0x14, 0x23, 0x14,
  0x23, 0x14, 0x23, 0x14, 0x23, 0x14, 0x6a, 0x7f, 0x6a, 0x7f, 0x6a, 0x7f,
  0x23, 0x14, 0x23, 0x14, 0x23, 0x14, 0x23, 0x14, 0x23, 0x14, 0x23, 0x14,
  0x23, 0x14, 0x01, 0x00, 0x01, 0x00, 0x6a, 0x7f, 0x6a, 0x7f, 0x6a, 0x7f,
  0x01, 0x00, 0x23, 0x14, 0x23, 0x14, 0x23, 0x14, 0x23, 0x14, 0x23, 0x14,
  0x23, 0x14, 0x23, 0x14, 0x23, 0x14, 0x6a, 0x7f, 0x6a, 0x7f, 0x6a, 0x7f,
  0x01, 0x00, 0x01, 0x00, 0x01, 0x00, 0x01, 0x00, 0x01, 0x00, 0x01, 0x00,
  0x01, 0x00, 0x01, 0x00, 0x01, 0x00, 0x01, 0x00, 0x01, 0x00, 0x01, 0x00,
  0x01, 0x00, 0x01, 0x00, 0x01, 0x00, 0x6a, 0x7f, 0x6a, 0x7f, 0x6a, 0x7f,
  0x23, 0x14, 0x01, 0x00, 0x01, 0x00, 0x01, 0x00, 0x01, 0x00, 0x01, 0x00,
  0x01, 0x00, 0x01, 0x00, 0x01, 0x00, 0x01, 0x00, 0x01, 0x00, 0x01, 0x00,
  0x01, 0x00, 0x01, 0x00, 0x01, 0x00, 0x6a, 0x7f, 0x6a, 0x7f, 0x6a, 0x7f,
  0x23, 0x14, 0x01, 0x00, 0x01, 0x00, 0x01, 0x00, 0x01, 0x00, 0x01, 0x00,
  0x01, 0x00, 0x01, 0x00, 0x01, 0x00, 0x6a, 0x7f, 0x6a, 0x7f, 0x6a, 0x7f,
  0x23, 0x14, 0x01, 0x00, 0x01, 0x00, 0x6a, 0x7f, 0x6a, 0x7f, 0x6a, 0x7f,
  0x23, 0x14, 0x01, 0x00, 0x01, 0x00, 0x01, 0x00, 0x01, 0x00, 0x01, 0x00,
  0x01, 0x00, 0x01, 0x00, 0x01, 0x00, 0x01, 0x00, 0x01, 0x00, 0x01, 0x00,
  0x01, 0x00, 0x01, 0x00, 0x01, 0x00, 0x6a, 0x7f, 0x6a, 0x7f, 0x6a, 0x7f,
  0x23, 0x14, 0x01, 0x00, 0x01, 0x00, 0x01, 0x00, 0x01, 0x00, 0x01, 0x00,
  0x01, 0x00, 0x01, 0x00, 0x01, 0x00, 0x01, 0x00, 0x01, 0x00, 0x01, 0x00,
  0x01, 0x00, 0x01, 0x00, 0x01, 0x00, 0x01, 0x00, 0x01, 0x00, 0x01, 0x00,
  0x01, 0x00, 0x01, 0x00, 0x01, 0x00, 0x6a, 0x7f, 0x6a, 0x7f, 0x6a, 0x7f,
  0x23, 0x14, 0x01, 0x00, 0x01, 0x00, 0x01, 0x00, 0x01, 0x00, 0x01, 0x00,
  0x01, 0x00, 0x01, 0x00, 0x01, 0x00, 0x6a, 0x7f, 0x6a, 0x7f, 0x6a, 0x7f,
  0x23, 0x14, 0x01, 0x00, 0x01, 0x00, 0x01, 0x00, 0x01, 0x00, 0x01, 0x00,
  0x01, 0x00, 0x01, 0x00, 0x01, 0x00, 0x6a, 0x7f, 0x6a, 0x7f, 0x6a, 0x7f,
  0x23, 0x14, 0x01, 0x00, 0x01, 0x00, 0x01, 0x00, 0x01, 0x00, 0x01, 0x00,
  0x01, 0x00, 0x01, 0x00, 0x01, 0x00, 0x01, 0x00, 0x01, 0x00, 0x01, 0x00,
  0x01, 0x00, 0x01, 0x00, 0x01, 0x00, 0x6a, 0x7f, 0x6a, 0x7f, 0x6a, 0x7f,
  0x23, 0x14, 0x01, 0x00, 0x01, 0x00, 0x01, 0x00, 0x01, 0x00, 0x01, 0x00,
  0x01, 0x00, 0x01, 0x00, 0x01, 0x00, 0x01, 0x00, 0x01, 0x00, 0x01, 0x00,
  0x01, 0x00, 0x01, 0x00, 0x01, 0x00, 0x6a, 0x7f, 0x6a, 0x7f, 0x6a, 0x7f,
  0x23, 0x14, 0x01, 0x00, 0x01, 0x00, 0x01, 0x00, 0x01, 0x00, 0x01, 0x00,
  0x01, 0x00, 0x01, 0x00, 0x01, 0x00, 0x6a, 0x7f, 0x6a, 0x7f, 0x6a, 0x7f,
  0x23, 0x14, 0x01, 0x00, 0x01, 0x00, 0x6a, 0x7f, 0x6a, 0x7f, 0x6a, 0x7f,
  0x23, 0x14, 0x01, 0x00, 0x01, 0x00, 0x01, 0x00, 0x01, 0x00, 0x01, 0x00,
  0x01, 0x00, 0xce, 0x39, 0x01, 0x00, 0x01, 0x00, 0x01, 0x00, 0x01, 0x00,
  0x01, 0x00, 0x01, 0x00, 0x01, 0x00, 0x6a, 0x7f, 0x6a, 0x7f, 0x6a, 0x7f,
  0x23, 0x14, 0x01, 0x00, 0x01, 0x00, 0x01, 0x00, 0x01, 0x00, 0x01, 0x00,
  0x01, 0x00, 0x01, 0x00, 0x01, 0x00, 0x01, 0x00, 0x01, 0x00, 0x01, 0x00,
  0x01, 0x00, 0x01, 0x00, 0x01, 0x00, 0x01, 0x00, 0x01, 0x00, 0x01, 0x00,
  0x01, 0x00, 0x01, 0x00, 0x01, 0x00, 0x6a, 0x7f, 0x6a, 0x7f, 0x6a, 0x7f,
  0x23, 0x14, 0x01, 0x00, 0x01, 0x00, 0x01, 0x00, 0x01, 0x00, 0x01, 0x00,
  0x01, 0x00, 0x01, 0x00, 0x01, 0x00, 0x6a, 0x7f, 0x6a, 0x7f, 0x6a, 0x7f,
  0x23, 0x14, 0x01, 0x00, 0x01, 0x00, 0x01, 0x00, 0x01, 0x00, 0x01, 0x00,
  0x01, 0x00, 0x01, 0x00, 0x01, 0x00, 0x6a, 0x7f, 0x6a, 0x7f, 0x6a, 0x7f,
  0x23, 0x14, 0x01, 0x00, 0x01, 0x00, 0x01, 0x00, 0x01, 0x00, 0x01, 0x00,
  0x01, 0x00, 0x01, 0x00, 0x01, 0x00, 0x01, 0x00, 0x01, 0x00, 0x01, 0x00,
  0x01, 0x00, 0x01, 0x00, 0x01, 0x00, 0x08, 0x7f, 0x08, 0x7f, 0x08, 0x7f,
  0x23, 0x14, 0x01, 0x00, 0x01, 0x00, 0x01, 0x00, 0x01, 0x00, 0x01, 0x00,
  0x01, 0x00, 0x01, 0x00, 0x01, 0x00, 0x01, 0x00, 0x01, 0x00, 0x01, 0x00,
  0x01, 0x00, 0x01, 0x00, 0x01, 0x00, 0x08, 0x7f, 0x08, 0x7f, 0x08, 0x7f,
  0x23, 0x14, 0x01, 0x00, 0x01, 0x00, 0x01, 0x00, 0x01, 0x00, 0x01, 0x00,
  0x01, 0x00, 0x01, 0x00, 0x01, 0x00, 0x08, 0x7f, 0x08, 0x7f, 0x08, 0x7f,
  0x23, 0x14, 0x01, 0x00, 0x01, 0x00, 0x08, 0x7f, 0x08, 0x7f, 0x08, 0x7f,
  0x23, 0x14, 0x01, 0x00, 0x01, 0x00, 0x01, 0x00, 0x01, 0x00, 0x01, 0x00,
  0x01, 0x00, 0x01, 0x00, 0x01, 0x00, 0x01, 0x00, 0x01, 0x00, 0x01, 0x00,
  0x01, 0x00, 0x01, 0x00, 0x01, 0x00, 0x08, 0x7f, 0x08, 0x7f, 0x08, 0x7f,
  0x23, 0x14, 0x01, 0x00, 0x01, 0x00, 0x01, 0x00, 0x01, 0x00, 0x01, 0x00,
  0x01, 0x00, 0x01, 0x00, 0x01, 0x00, 0x01, 0x00, 0x01, 0x00, 0x01, 0x00,
  0x01, 0x00, 0x01, 0x00, 0x01, 0x00, 0x01, 0x00, 0x01, 0x00, 0x01, 0x00,
  0x01, 0x00, 0x01, 0x00, 0x01, 0x00, 0x08, 0x7f, 0x08, 0x7f, 0x08, 0x7f,
  0x23, 0x14, 0x01, 0x00, 0x01, 0x00, 0x01, 0x00, 0x01, 0x00, 0x01, 0x00,
  0x01, 0x00, 0x01, 0x00, 0x01, 0x00, 0x08, 0x7f, 0x08, 0x7f, 0x08, 0x7f,
  0x23, 0x14, 0x01, 0x00, 0x01, 0x00, 0x01, 0x00, 0x01, 0x00, 0x01, 0x00,
  0x01, 0x00, 0x01, 0x00, 0x01, 0x00, 0x08, 0x7f, 0x08, 0x7f, 0x08, 0x7f,
  0x23, 0x14, 0x01, 0x00, 0x01, 0x00, 0x01, 0x00, 0x01, 0x00, 0x01, 0x00,
  0x01, 0x00, 0x01, 0x00, 0x01, 0x00, 0x01, 0x00, 0x01, 0x00, 0x01, 0x00,
  0x01, 0x00, 0x01, 0x00, 0x01, 0x00, 0x08, 0x7f, 0x08, 0x7f, 0x08, 0x7f,
  0x23, 0x14, 0x01, 0x00, 0x36, 0x3a, 0x01, 0x00, 0x01, 0x00, 0x01, 0x00,
  0x01, 0x00, 0x01, 0x00, 0x01, 0x00, 0x01, 0x00, 0x01, 0x00, 0x01, 0x00,
  0x01, 0x00, 0x01, 0x00, 0x01, 0x00, 0x08, 0x7f, 0x08, 0x7f, 0x08, 0x7f,
  0x23, 0x14, 0x01, 0x00, 0x01, 0x00, 0x01, 0x00, 0x01, 0x00, 0x01, 0x00,
  0x01, 0x00, 0x01, 0x00, 0x01, 0x00, 0x08, 0x7f, 0x08, 0x7f, 0x08, 0x7f,
  0x23, 0x14, 0x01, 0x00, 0x01, 0x00, 0x08, 0x7f, 0x08, 0x7f, 0x08, 0x7f,
  0x23, 0x14, 0x01, 0x00, 0x01, 0x00, 0x01, 0x00, 0x01, 0x00, 0x01, 0x00,
  0x01, 0x00, 0x01, 0x00, 0x01, 0x00, 0x01, 0x00, 0x01, 0x00, 0x01, 0x00,
  0x01, 0x00, 0x01, 0x00, 0x01, 0x00, 0x08, 0x7f, 0x08, 0x7f, 0x08, 0x7f,
  0x23, 0x14, 0x01, 0x00, 0x01, 0x00, 0x01, 0x00, 0x01, 0x00, 0x01, 0x00,
  0x01, 0x00, 0x01, 0x00, 0x01, 0x00, 0x01, 0x00, 0x01, 0x00, 0x01, 0x00,
  0x01, 0x00, 0x01, 0x00, 0x01, 0x00, 0x01, 0x00, 0x01, 0x00, 0x01, 0x00,
  0x01, 0x00, 0x01, 0x00, 0x01, 0x00, 0x08, 0x7f, 0x08, 0x7f, 0x08, 0x7f,
  0x23, 0x14, 0x01, 0x00, 0x01, 0x00, 0x01, 0x00, 0x01, 0x00, 0x01, 0x00,
  0x01, 0x00, 0x01, 0x00, 0x01, 0x00, 0x08, 0x7f, 0x08, 0x7f, 0x08, 0x7f,
  0x23, 0x14, 0x01, 0x00, 0x01, 0x00, 0x01, 0x00, 0x01, 0x00, 0x01, 0x00,
  0x01, 0x00, 0x01, 0x00, 0x01, 0x00, 0x08, 0x7f, 0x08, 0x7f, 0x08, 0x7f,
  0x23, 0x14, 0x01, 0x00, 0x01, 0x00, 0x01, 0x00, 0x01, 0x00, 0x01, 0x00,
  0x01, 0x00, 0x01, 0x00, 0x01, 0x00, 0x01, 0x00, 0x01, 0x00, 0x01, 0x00,
  0x01, 0x00, 0x01, 0x00, 0x01, 0x00, 0x08, 0x7f, 0x08, 0x7f, 0x08, 0x7f,
  0x23, 0x14, 0x01, 0x00, 0x01, 0x00, 0x01, 0x00, 0x01, 0x00, 0x01, 0x00,
  0x01, 0x00, 0x01, 0x00, 0x01, 0x00, 0x01, 0x00, 0x01, 0x00, 0x01, 0x00,
  0x01, 0x00, 0x01, 0x00, 0x01, 0x00, 0x08, 0x7f, 0x08, 0x7f, 0x08, 0x7f,
  0x23, 0x14, 0x01, 0x00, 0x01, 0x00, 0x01, 0x00, 0x01, 0x00, 0x01, 0x00,
  0x01, 0x00, 0x01, 0x00, 0x01, 0x00, 0x08, 0x7f, 0x08, 0x7f, 0x08, 0x7f,
  0x23, 0x14, 0x01, 0x00, 0x01, 0x00, 0x08, 0x7f, 0x08, 0x7f, 0x08, 0x7f,
  0x23, 0x14, 0x01, 0x00, 0x01, 0x00, 0x01, 0x00, 0x01, 0x00, 0x01, 0x00,
  0x01, 0x00, 0x01, 0x00, 0x01, 0x00, 0x01, 0x00, 0x01, 0x00, 0x01, 0x00,
  0x01, 0x00, 0x01, 0x00, 0x01, 0x00, 0x08, 0x7f, 0x08, 0x7f, 0x08, 0x7f,
  0x23, 0x14, 0x01, 0x00, 0x01, 0x00, 0x01, 0x00, 0x01, 0x00, 0x01, 0x00,
  0x01, 0x00, 0x01, 0x00, 0x01, 0x00, 0x01, 0x00, 0x01, 0x00, 0x01, 0x00,
  0x01, 0x00, 0x01, 0x00, 0x01, 0x00, 0x01, 0x00, 0x01, 0x00, 0x01, 0x00,
  0x01, 0x00, 0x01, 0x00, 0x01, 0x00, 0x08, 0x7f, 0x08, 0x7f, 0x08, 0x7f,
  0x23, 0x14, 0x01, 0x00, 0x01, 0x00, 0x01, 0x00, 0x01, 0x00, 0x01, 0x00,
  0x01, 0x00, 0x01, 0x00, 0x01, 0x00, 0x08, 0x7f, 0x08, 0x7f, 0x08, 0x7f,
  0x23, 0x14, 0x01, 0x00, 0x01, 0x00, 0x01, 0x00, 0x01, 0x00, 0x01, 0x00,
  0x01, 0x00, 0x01, 0x00, 0x01, 0x00, 0x08, 0x7f, 0x08, 0x7f, 0x08, 0x7f,
  0x23, 0x14, 0x01, 0x00, 0x01, 0x00, 0x01, 0x00, 0x01, 0x00, 0x01, 0x00,
  0x01, 0x00, 0x01, 0x00, 0x01, 0x00, 0x01, 0x00, 0x01, 0x00, 0x01, 0x00,
  0x01, 0x00, 0x01, 0x00, 0x01, 0x00, 0xc7, 0x7e, 0xc7, 0x7e, 0xc7, 0x7e,
  0x23, 0x14, 0x01, 0x00, 0x01, 0x00, 0x01, 0x00, 0x01, 0x00, 0x01, 0x00,
  0x01, 0x00, 0x01, 0x00, 0x01, 0x00, 0x01, 0x00, 0x01, 0x00, 0x01, 0x00,
  0x01, 0x00, 0x01, 0x00, 0x01, 0x00, 0xc7, 0x7e, 0xc7, 0x7e, 0xc7, 0x7e,
  0xc7, 0x7e, 0xc7, 0x7e, 0xc7, 0x7e, 0xc7, 0x7e, 0xc7, 0x7e, 0xc7, 0x7e,
  0xc7, 0x7e, 0xc7, 0x7e, 0xc7, 0x7e, 0x01, 0x00, 0x23, 0x14, 0x23, 0x14,
  0x23, 0x14, 0x01, 0x00, 0x01, 0x00, 0xc7, 0x7e, 0xc7, 0x7e, 0xc7, 0x7e,
  0xc7, 0x7e, 0xc7, 0x7e, 0xc7, 0x7e, 0xc7, 0x7e, 0xc7, 0x7e, 0xc7, 0x7e,
  0xc7, 0x7e, 0xc7, 0x7e, 0xc7, 0x7e, 0x01, 0x00, 0x01, 0x00, 0x01, 0x00,
  0x01, 0x00, 0x01, 0x00, 0x01, 0x00, 0x01, 0x00, 0x23, 0x14, 0x23, 0x14,
  0xc7, 0x7e, 0xc7, 0x7e, 0xc7, 0x7e, 0xc7, 0x7e, 0xc7, 0x7e, 0xc7, 0x7e,
  0xc7, 0x7e, 0xc7, 0x7e, 0xc7, 0x7e, 0x01, 0x00, 0x01, 0x00, 0x01, 0x00,
  0x01, 0x00, 0x01, 0x00, 0x01, 0x00, 0x01, 0x00, 0x01, 0x00, 0x01, 0x00,
  0x01, 0x00, 0x01, 0x00, 0x01, 0x00, 0xc7, 0x7e, 0xc7, 0x7e, 0xc7, 0x7e,
  0x23, 0x14, 0x01, 0x00, 0x01, 0x00, 0x01, 0x00, 0x01, 0x00, 0x01, 0x00,
  0x01, 0x00, 0x01, 0x00, 0x01, 0x00, 0xc7, 0x7e, 0xc7, 0x7e, 0xc7, 0x7e,
  0xc7, 0x7e, 0xc7, 0x7e, 0xc7, 0x7e, 0xc7, 0x7e, 0xc7, 0x7e, 0xc7, 0x7e,
  0xc7, 0x7e, 0xc7, 0x7e, 0xc7, 0x7e, 0xc7, 0x7e, 0xc7, 0x7e, 0xc7, 0x7e,
  0x23, 0x14, 0x01, 0x00, 0x01, 0x00, 0x01, 0x00, 0x01, 0x00, 0x01, 0x00,
  0x01, 0x00, 0x01, 0x00, 0x01, 0x00, 0x01, 0x00, 0x01, 0x00, 0x01, 0x00,
  0x01, 0x00, 0x01, 0x00, 0x01, 0x00, 0xc7, 0x7e, 0xc7, 0x7e, 0xc7, 0x7e,
  0x23, 0x14, 0x01, 0x00, 0x01, 0x00, 0x01, 0x00, 0x01, 0x00, 0x01, 0x00,
  0x01, 0x00, 0x01, 0x00, 0x01, 0x00, 0x01, 0x00, 0x01, 0x00, 0x01, 0x00,
  0x01, 0x00, 0x01, 0x00, 0x01, 0x00, 0xc7, 0x7e, 0xc7, 0x7e, 0xc7, 0x7e,
  0xc7, 0x7e, 0xc7, 0x7e, 0xc7, 0x7e, 0xc7, 0x7e, 0xc7, 0x7e, 0xc7, 0x7e,
  0xc7, 0x7e, 0xc7, 0x7e, 0xc7, 0x7e, 0x23, 0x14, 0x01, 0x00, 0x01, 0x00,
  0x01, 0x00, 0x01, 0x00, 0x01, 0x00, 0xc7, 0x7e, 0xc7, 0x7e, 0xc7, 0x7e,
  0xc7, 0x7e, 0xc7, 0x7e, 0xc7, 0x7e, 0xc7, 0x7e, 0xc7, 0x7e, 0xc7, 0x7e,
  0xc7, 0x7e, 0xc7, 0x7e, 0xc7, 0x7e, 0x23, 0x14, 0x01, 0x00, 0x01, 0x00,
  0x01, 0x00, 0x01, 0x00, 0x01, 0x00, 0x01, 0x00, 0x01, 0x00, 0x01, 0x00,
  0xc7, 0x7e, 0xc7, 0x7e, 0xc7, 0x7e, 0xc7, 0x7e, 0xc7, 0x7e, 0xc7, 0x7e,
  0xc7, 0x7e, 0xc7, 0x7e, 0xc7, 0x7e, 0x23, 0x14, 0x01, 0x00, 0x01, 0x00,
  0x01, 0x00, 0x01, 0x00, 0x01, 0x00, 0x01, 0x00, 0x01, 0x00, 0x01, 0x00,
  0x01, 0x00, 0x01, 0x00, 0x01, 0x00, 0xc7, 0x7e, 0xc7, 0x7e, 0xc7, 0x7e,
  0x23, 0x14, 0x01, 0x00, 0x01, 0x00, 0x01, 0x00, 0x01, 0x00, 0x01, 0x00,
  0x01, 0x00, 0x01, 0x00, 0x01, 0x00, 0xc7, 0x7e, 0xc7, 0x7e, 0xc7, 0x7e,
  0xc7, 0x7e, 0xc7, 0x7e, 0xc7, 0x7e, 0xc7, 0x7e, 0xc7, 0x7e, 0xc7, 0x7e,
  0xc7, 0x7e, 0xc7, 0x7e, 0xc7, 0x7e, 0xc7, 0x7e, 0xc7, 0x7e, 0xc7, 0x7e,
  0x23, 0x14, 0x01, 0x00, 0x01, 0x00, 0x01, 0x00, 0x01, 0x00, 0x01, 0x00,
  0x01, 0x00, 0x01, 0x00, 0x01, 0x00, 0x01, 0x00, 0x01, 0x00, 0x01, 0x00,
  0x01, 0x00, 0x01, 0x00, 0x01, 0x00, 0xc7, 0x7e, 0xc7, 0x7e, 0xc7, 0x7e,
  0x23, 0x14, 0x01, 0x00, 0x01, 0x00, 0x01, 0x00, 0x01, 0x00, 0x01, 0x00,
  0x01, 0x00, 0x01, 0x00, 0x01, 0x00, 0x01, 0x00, 0x01, 0x00, 0x01, 0x00,
  0x01, 0x00, 0x01, 0x00, 0x01, 0x00, 0xc7, 0x7e, 0xc7, 0x7e, 0xc7, 0x7e,
  0xc7, 0x7e, 0xc7, 0x7e, 0xc7, 0x7e, 0xc7, 0x7e, 0xc7, 0x7e, 0xc7, 0x7e,
  0xc7, 0x7e, 0xc7, 0x7e, 0xc7, 0x7e, 0x23, 0x14, 0x01, 0x00, 0x01, 0x00,
  0x01, 0x00, 0x01, 0x00, 0x01, 0x00, 0xc7, 0x7e, 0xc7, 0x7e, 0xc7, 0x7e,
  0xc7, 0x7e, 0xc7, 0x7e, 0xc7, 0x7e, 0xc7, 0x7e, 0xc7, 0x7e, 0xc7, 0x7e,
  0xc7, 0x7e, 0xc7, 0x7e, 0xc7, 0x7e, 0x23, 0x14, 0x01, 0x00, 0x01, 0x00,
  0x01, 0x00, 0x01, 0x00, 0x01, 0x00, 0x01, 0x00, 0x01, 0x00, 0x01, 0x00,
  0xc7, 0x7e, 0xc7, 0x7e, 0xc7, 0x7e, 0xc7, 0x7e, 0xc7, 0x7e, 0xc7, 0x7e,
  0xc7, 0x7e, 0xc7, 0x7e, 0xc7, 0x7e, 0x23, 0x14, 0x01, 0x00, 0x01, 0x00,
  0x01, 0x00, 0x01, 0x00, 0x01, 0x00, 0x01, 0x00, 0x01, 0x00, 0x01, 0x00,
  0x01, 0x00, 0x01, 0x00, 0x01, 0x00, 0xc7, 0x7e, 0xc7, 0x7e, 0xc7, 0x7e,
  0x23, 0x14, 0x01, 0x00, 0x01, 0x00, 0x01, 0x00, 0x01, 0x00, 0x01, 0x00,
  0x01, 0x00, 0x01, 0x00, 0x01, 0x00, 0xc7, 0x7e, 0xc7, 0x7e, 0xc7, 0x7e,
  0xc7, 0x7e, 0xc7, 0x7e, 0xc7, 0x7e, 0xc7, 0x7e, 0xc7, 0x7e, 0xc7, 0x7e,
  0xc7, 0x7e, 0xc7, 0x7e, 0xc7, 0x7e, 0xc7, 0x7e, 0xc7, 0x7e, 0xc7, 0x7e,
  0x23, 0x14, 0x01, 0x00, 0x01, 0x00, 0x01, 0x00, 0x01, 0x00, 0x01, 0x00,
  0x01, 0x00, 0x01, 0x00, 0x01, 0x00, 0x01, 0x00, 0x01, 0x00, 0x01, 0x00,
  0x01, 0x00, 0x01, 0x00, 0x01, 0x00, 0x66, 0x7e, 0x66, 0x7e, 0x66, 0x7e,
  0x23, 0x14, 0x01, 0x00, 0x01, 0x00, 0x01, 0x00, 0x01, 0x00, 0x01, 0x00,
  0x01, 0x00, 0x01, 0x00, 0x01, 0x00, 0x01, 0x00, 0x01, 0x00, 0x01, 0x00,
  0x01, 0x00, 0x01, 0x00, 0x01, 0x00, 0x66, 0x7e, 0x66, 0x7e, 0x66, 0x7e,
  0x23, 0x14, 0x23, 0x14, 0x23, 0x14, 0x66, 0x7e, 0x66, 0x7e, 0x66, 0x7e,
  0x23, 0x14, 0x23, 0x14, 0x23, 0x14, 0x23, 0x14, 0x01, 0x00, 0x01, 0x00,
  0x01, 0x00, 0x01, 0x00, 0x01, 0x00, 0x66, 0x7e, 0x66, 0x7e, 0x66, 0x7e,
  0x23, 0x14, 0x23, 0x14, 0x23, 0x14, 0x23, 0x14, 0x23, 0x14, 0x23, 0x14,
  0x23, 0x14, 0x23, 0x14, 0x23, 0x14, 0x23, 0x14, 0x01, 0x00, 0x01, 0x00,
  0x01, 0x00, 0x01, 0x00, 0x01, 0x00, 0x01, 0x00, 0x01, 0x00, 0x01, 0x00,
  0x01, 0x00, 0x23, 0x14, 0x23, 0x14, 0x23, 0x14, 0x23, 0x14, 0x23, 0x14,
  0x23, 0x14, 0x23, 0x14, 0x23, 0x14, 0x66, 0x7e, 0x66, 0x7e, 0x66, 0x7e,
  0x01, 0x00, 0x01, 0x00, 0x01, 0x00, 0x01, 0x00, 0x01, 0x00, 0x01, 0x00,
  0x01, 0x00, 0x01, 0x00, 0x01, 0x00, 0x66, 0x7e, 0x66, 0x7e, 0x66, 0x7e,
  0x23, 0x14, 0x01, 0x00, 0x01, 0x00, 0x01, 0x00, 0x01, 0x00, 0x01, 0x00,
  0x01, 0x00, 0x01, 0x00, 0x01, 0x00, 0x66, 0x7e, 0x66, 0x7e, 0x66, 0x7e,
  0x23, 0x14, 0x23, 0x14, 0x23, 0x14, 0x23, 0x14, 0x23, 0x14, 0x23, 0x14,
  0x23, 0x14, 0x23, 0x14, 0x23, 0x14, 0x66, 0x7e, 0x66, 0x7e, 0x66, 0x7e,
  0x23, 0x14, 0x01, 0x00, 0x01, 0x00, 0x01, 0x00, 0x01, 0x00, 0x01, 0x00,
  0x01, 0x00, 0x01, 0x00, 0x01, 0x00, 0x01, 0x00, 0x01, 0x00, 0x01, 0x00,
  0x01, 0x00, 0x01, 0x00, 0x01, 0x00, 0x66, 0x7e, 0x66, 0x7e, 0x66, 0x7e,
  0x23, 0x14, 0x01, 0x00, 0x01, 0x00, 0x01, 0x00, 0x01, 0x00, 0x01, 0x00,
  0x01, 0x00, 0x01, 0x00, 0x01, 0x00, 0x01, 0x00, 0x01, 0x00, 0x01, 0x00,
  0x01, 0x00, 0x01, 0x00, 0x01, 0x00, 0x66, 0x7e, 0x66, 0x7e, 0x66, 0x7e,
  0x23, 0x14, 0x01, 0x00, 0x01, 0x00, 0x66, 0x7e, 0x66, 0x7e, 0x66, 0x7e,
  0x23, 0x14, 0x01, 0x00, 0x01, 0x00, 0x01, 0x00, 0x01, 0x00, 0x01, 0x00,
  0x01, 0x00, 0x01, 0x00, 0x01, 0x00, 0x66, 0x7e, 0x66, 0x7e, 0x66, 0x7e,
  0x23, 0x14, 0x01, 0x00, 0x01, 0x00, 0x01, 0x00, 0x01, 0x00, 0x01, 0x00,
  0x01, 0x00, 0x01, 0x00, 0x01, 0x00, 0x01, 0x00, 0x01, 0x00, 0x01, 0x00,
  0x01, 0x00, 0x01, 0x00, 0x01, 0x00, 0x01, 0x00, 0x01, 0x00, 0x01, 0x00,
  0x01, 0x00, 0x01, 0x00, 0x01, 0x00, 0x01, 0x00, 0x01, 0x00, 0x01, 0x00,
  0x01, 0x00, 0x01, 0x00, 0x01, 0x00, 0x66, 0x7e, 0x66, 0x7e, 0x66, 0x7e,
  0x23, 0x14, 0x01, 0x00, 0x01, 0x00, 0x01, 0x00, 0x01, 0x00, 0x01, 0x00,
  0x01, 0x00, 0x01, 0x00, 0x01, 0x00, 0x66, 0x7e, 0x66, 0x7e, 0x66, 0x7e,
  0x23, 0x14, 0x01, 0x00, 0x01, 0x00, 0x01, 0x00, 0x01, 0x00, 0x01, 0x00,
  0x01, 0x00, 0x01, 0x00, 0x01, 0x00, 0x66, 0x7e, 0x66, 0x7e, 0x66, 0x7e,
  0x23, 0x14, 0x01, 0x00, 0x01, 0x00, 0x01, 0x00, 0x01, 0x00, 0x01, 0x00,
  0x01, 0x00, 0x01, 0x00, 0x01, 0x00, 0x66, 0x7e, 0x66, 0x7e, 0x66, 0x7e,
  0x23, 0x14, 0x01, 0x00, 0x01, 0x00, 0x01, 0x00, 0x01, 0x00, 0x01, 0x00,
  0x01, 0x00, 0x01, 0x00, 0x01, 0x00, 0x01, 0x00, 0x01, 0x00, 0x01, 0x00,
  0x01, 0x00, 0x01, 0x00, 0x01, 0x00, 0x66, 0x7e, 0x66, 0x7e, 0x66, 0x7e,
  0x23, 0x14, 0x01, 0x00, 0x01, 0x00, 0x01, 0x00, 0x01, 0x00, 0x01, 0x00,
  0x01, 0x00, 0x01, 0x00, 0x01, 0x00, 0x01, 0x00, 0x01, 0x00, 0x01, 0x00,
  0x01, 0x00, 0x01, 0x00, 0x01, 0x00, 0x66, 0x7e, 0x66, 0x7e, 0x66, 0x7e,
  0x23, 0x14, 0x01, 0x00, 0x01, 0x00, 0x66, 0x7e, 0x66, 0x7e, 0x66, 0x7e,
  0x23, 0x14, 0x01, 0x00, 0x01, 0x00, 0x01, 0x00, 0x01, 0x00, 0x01, 0x00,
  0x01, 0x00, 0x01, 0x00, 0x01, 0x00, 0x66, 0x7e, 0x66, 0x7e, 0x66, 0x7e,
  0x23, 0x14, 0x01, 0x00, 0x01, 0x00, 0x01, 0x00, 0x01, 0x00, 0x01, 0x00,
  0x01, 0x00, 0x01, 0x00, 0x01, 0x00, 0x01, 0x00, 0x01, 0x00, 0x01, 0x00,
  0x01, 0x00, 0x01, 0x00, 0x01, 0x00, 0x01, 0x00, 0x01, 0x00, 0x01, 0x00,
  0x01, 0x00, 0x01, 0x00, 0x01, 0x00, 0x01, 0x00, 0x01, 0x00, 0x01, 0x00,
  0x01, 0x00, 0x01, 0x00, 0x01, 0x00, 0x66, 0x7e, 0x66, 0x7e, 0x66, 0x7e,
  0x23, 0x14, 0x01, 0x00, 0x01, 0x00, 0x01, 0x00, 0x01, 0x00, 0x01, 0x00,
  0x01, 0x00, 0x01, 0x00, 0x01, 0x00, 0x66, 0x7e, 0x66, 0x7e, 0x66, 0x7e,
  0x23, 0x14, 0x01, 0x00, 0x01, 0x00, 0x01, 0x00, 0x01, 0x00, 0x01, 0x00,
  0x01, 0x00, 0x01, 0x00, 0x01, 0x00, 0x66, 0x7e, 0x66, 0x7e, 0x66, 0x7e,
  0x23, 0x14, 0x01, 0x00, 0x01, 0x00, 0x01, 0x00, 0x01, 0x00, 0x01, 0x00,
  0x01, 0x00, 0x01, 0x00, 0x01, 0x00, 0x66, 0x7e, 0x66, 0x7e, 0x66, 0x7e,
  0x23, 0x14, 0x01, 0x00, 0x01, 0x00, 0x01, 0x00, 0x01, 0x00, 0x01, 0x00,
  0x01, 0x00, 0x01, 0x00, 0x01, 0x00, 0x01, 0x00, 0x01, 0x00, 0x01, 0x00,
  0x01, 0x00, 0x01, 0x00, 0x01, 0x00, 0x25, 0x7e, 0x25, 0x7e, 0x25, 0x7e,
  0x23, 0x14, 0x01, 0x00, 0x01, 0x00, 0x01, 0x00, 0x01, 0x00, 0x01, 0x00,
  0x01, 0x00, 0x01, 0x00, 0x01, 0x00, 0x01, 0x00, 0x01, 0x00, 0x01, 0x00,
  0x01, 0x00, 0x01, 0x00, 0x01, 0x00, 0x25, 0x7e, 0x25, 0x7e, 0x25, 0x7e,
  0x23, 0x14, 0x01, 0x00, 0x01, 0x00, 0x01, 0x00, 0x23, 0x14, 0x23, 0x14,
  0x25, 0x7e, 0x25, 0x7e, 0x25, 0x7e, 0x01, 0x00, 0x01, 0x00, 0x01, 0x00,
  0x01, 0x00, 0x01, 0x00, 0x01, 0x00, 0x25, 0x7e, 0x25, 0x7e, 0x25, 0x7e,
  0x23, 0x14, 0x01, 0x00, 0x01, 0x00, 0x01, 0x00, 0x01, 0x00, 0x01, 0x00,
  0x01, 0x00, 0x01, 0x00, 0x01, 0x00, 0x01, 0x00, 0x01, 0x00, 0x01, 0x00,
  0x01, 0x00, 0x01, 0x00, 0x01, 0x00, 0x01, 0x00, 0x01, 0x00, 0x01, 0x00,
  0x01, 0x00, 0x01, 0x00, 0x01, 0x00, 0x01, 0x00, 0x01, 0x00, 0x01, 0x00,
  0x01, 0x00, 0x01, 0x00, 0x01, 0x00, 0x25, 0x7e, 0x25, 0x7e, 0x25, 0x7e,
  0x23, 0x14, 0x01, 0x00, 0x01, 0x00, 0x01, 0x00, 0x01, 0x00, 0x01, 0x00,
  0x01, 0x00, 0x01, 0x00, 0x01, 0x00, 0x25, 0x7e, 0x25, 0x7e, 0x25, 0x7e,
  0x23, 0x14, 0x01, 0x00, 0x01, 0x00, 0x01, 0x00, 0x01, 0x00, 0x01, 0x00,
  0x01, 0x00, 0x01, 0x00, 0x01, 0x00, 0x25, 0x7e, 0x25, 0x7e, 0x25, 0x7e,
  0x23, 0x14, 0x01, 0x00, 0x01, 0x00, 0x01, 0x00, 0x01, 0x00, 0x01, 0x00,
  0x01, 0x00, 0x01, 0x00, 0x01, 0x00, 0x25, 0x7e, 0x25, 0x7e, 0x25, 0x7e,
  0x23, 0x14, 0x01, 0x00, 0x01, 0x00, 0x01, 0x00, 0x01, 0x00, 0x01, 0x00,
  0x01, 0x00, 0x01, 0x00, 0x01, 0x00, 0x01, 0x00, 0x01, 0x00, 0x01, 0x00,
  0x01, 0x00, 0x01, 0x00, 0x01, 0x00, 0x25, 0x7e, 0x25, 0x7e, 0x25, 0x7e,
  0x23, 0x14, 0x01, 0x00, 0x01, 0x00, 0x01, 0x00, 0x01, 0x00, 0x01, 0x00,
  0x01, 0x00, 0x01, 0x00, 0x01, 0x00, 0x01, 0x00, 0x01, 0x00, 0x01, 0x00,
  0x01, 0x00, 0x01, 0x00, 0x01, 0x00, 0x25, 0x7e, 0x25, 0x7e, 0x25, 0x7e,
  0x23, 0x14, 0x01, 0x00, 0x01, 0x00, 0x01, 0x00, 0x01, 0x00, 0x01, 0x00,
  0x25, 0x7e, 0x25, 0x7e, 0x25, 0x7e, 0x23, 0x14, 0x01, 0x00, 0x01, 0x00,
  0x01, 0x00, 0x01, 0x00, 0x01, 0x00, 0x25, 0x7e, 0x25, 0x7e, 0x25, 0x7e,
  0x23, 0x14, 0x01, 0x00, 0x01, 0x00, 0x01, 0x00, 0x01, 0x00, 0x01, 0x00,
  0x01, 0x00, 0x01, 0x00, 0x01, 0x00, 0x01, 0x00, 0x01, 0x00, 0x01, 0x00,
  0x01, 0x00, 0x01, 0x00, 0x01, 0x00, 0x01, 0x00, 0x01, 0x00, 0x01, 0x00,
  0x01, 0x00, 0x01, 0x00, 0x01, 0x00, 0x01, 0x00, 0x01, 0x00, 0x01, 0x00,
  0x01, 0x00, 0x01, 0x00, 0x01, 0x00, 0x25, 0x7e, 0x25, 0x7e, 0x25, 0x7e,
  0x23, 0x14, 0x01, 0x00, 0x01, 0x00, 0x01, 0x00, 0x01, 0x00, 0x01, 0x00,
  0x01, 0x00, 0x01, 0x00, 0x01, 0x00, 0x25, 0x7e, 0x25, 0x7e, 0x25, 0x7e,
  0x23, 0x14, 0x01, 0x00, 0x01, 0x00, 0x01, 0x00, 0x01, 0x00, 0x01, 0x00,
  0x01, 0x00, 0x01, 0x00, 0x01, 0x00, 0x25, 0x7e, 0x25, 0x7e, 0x25, 0x7e,
  0x23, 0x14, 0x01, 0x00, 0x01, 0x00, 0x01, 0x00, 0x01, 0x00, 0x01, 0x00,
  0x01, 0x00, 0x01, 0x00, 0x01, 0x00, 0x25, 0x7e, 0x25, 0x7e, 0x25, 0x7e,
  0x23, 0x14, 0x01, 0x00, 0x01, 0x00, 0x01, 0x00, 0x01, 0x00, 0x01, 0x00,
  0x01, 0x00, 0x01, 0x00, 0x01, 0x00, 0x01, 0x00, 0x01, 0x00, 0x01, 0x00,
  0x01, 0x00, 0x01, 0x00, 0x01, 0x00, 0x25, 0x7e, 0x25, 0x7e, 0x25, 0x7e,
  0x23, 0x14, 0x01, 0x00, 0x01, 0x00, 0x01, 0x00, 0x01, 0x00, 0x01, 0x00,
  0x01, 0x00, 0x01, 0x00, 0x01, 0x00, 0x01, 0x00, 0x01, 0x00, 0x01, 0x00,
  0x01, 0x00, 0x01, 0x00, 0x01, 0x00, 0x25, 0x7e, 0x25, 0x7e, 0x25, 0x7e,
  0x23, 0x14, 0x01, 0x00, 0x01, 0x00, 0x01, 0x00, 0x01, 0x00, 0x01, 0x00,
  0x25, 0x7e, 0x25, 0x7e, 0x25, 0x7e, 0x23, 0x14, 0x01, 0x00, 0x01, 0x00,
  0x01, 0x00, 0x01, 0x00, 0x01, 0x00, 0x25, 0x7e, 0x25, 0x7e, 0x25, 0x7e,
  0x23, 0x14, 0x01, 0x00, 0x01, 0x00, 0x01, 0x00, 0x01, 0x00, 0x01, 0x00,
  0x01, 0x00, 0x01, 0x00, 0x01, 0x00, 0x01, 0x00, 0x01, 0x00, 0x01, 0x00,
  0x01, 0x00, 0x01, 0x00, 0x01, 0x00, 0x01, 0x00, 0x01, 0x00, 0x01, 0x00,
  0x01, 0x00, 0x01, 0x00, 0x01, 0x00, 0x01, 0x00, 0x01, 0x00, 0x01, 0x00,
  0x01, 0x00, 0x01, 0x00, 0x01, 0x00, 0x25, 0x7e, 0x25, 0x7e, 0x25, 0x7e,
  0x23, 0x14, 0x01, 0x00, 0x01, 0x00, 0x01, 0x00, 0x01, 0x00, 0x01, 0x00,
  0x01, 0x00, 0x01, 0x00, 0x08, 0x31, 0x25, 0x7e, 0x25, 0x7e, 0x25, 0x7e,
  0x23, 0x14, 0x01, 0x00, 0x01, 0x00, 0x01, 0x00, 0x01, 0x00, 0x01, 0x00,
  0x01, 0x00, 0x01, 0x00, 0x01, 0x00, 0x25, 0x7e, 0x25, 0x7e, 0x25, 0x7e,
  0x23, 0x14, 0x01, 0x00, 0x01, 0x00, 0x01, 0x00, 0x01, 0x00, 0x01, 0x00,
  0x01, 0x00, 0x01, 0x00, 0x01, 0x00, 0x25, 0x7e, 0x25, 0x7e, 0x25, 0x7e,
  0x23, 0x14, 0x01, 0x00, 0x01, 0x00, 0x01, 0x00, 0x01, 0x00, 0x01, 0x00,
  0x01, 0x00, 0x01, 0x00, 0x01, 0x00, 0x01, 0x00, 0x01, 0x00, 0x01, 0x00,
  0x01, 0x00, 0x01, 0x00, 0x01, 0x00, 0x01, 0x00, 0x23, 0x14, 0x23, 0x14,
  0xe3, 0x7d, 0xe3, 0x7d, 0xe3, 0x7d, 0xe3, 0x7d, 0xe3, 0x7d, 0xe3, 0x7d,
  0xe3, 0x7d, 0xe3, 0x7d, 0xe3, 0x7d, 0xe3, 0x7d, 0xe3, 0x7d, 0xe3, 0x7d,
  0x01, 0x00, 0x01, 0x00, 0x95, 0x7b, 0xe3, 0x7d, 0xe3, 0x7d, 0xe3, 0x7d,
  0x23, 0x14, 0x01, 0x00, 0x01, 0x00, 0x01, 0x00, 0x01, 0x00, 0x01, 0x00,
  0x01, 0x00, 0x23, 0x14, 0x23, 0x14, 0xe3, 0x7d, 0xe3, 0x7d, 0xe3, 0x7d,
  0x01, 0x00, 0x01, 0x00, 0x01, 0x00, 0xe3, 0x7d, 0xe3, 0x7d, 0xe3, 0x7d,
  0xe3, 0x7d, 0xe3, 0x7d, 0xe3, 0x7d, 0xe3, 0x7d, 0xe3, 0x7d, 0xe3, 0x7d,
  0xe3, 0x7d, 0xe3, 0x7d, 0xe3, 0x7d, 0xe3, 0x7d, 0xe3, 0x7d, 0xe3, 0x7d,
  0x01, 0x00, 0x01, 0x00, 0x01, 0x00, 0xe3, 0x7d, 0xe3, 0x7d, 0xe3, 0x7d,
  0xe3, 0x7d, 0xe3, 0x7d, 0xe3, 0x7d, 0xe3, 0x7d, 0xe3, 0x7d, 0xe3, 0x7d,
  0xe3, 0x7d, 0xe3, 0x7d, 0xe3, 0x7d, 0x01, 0x00, 0x23, 0x14, 0x23, 0x14,
  0x23, 0x14, 0x01, 0x00, 0x01, 0x00, 0x01, 0x00, 0x01, 0x00, 0x01, 0x00,
  0x01, 0x00, 0x01, 0x00, 0x01, 0x00, 0xe3, 0x7d, 0xe3, 0x7d, 0xe3, 0x7d,
  0x23, 0x14, 0x01, 0x00, 0x01, 0x00, 0x01, 0x00, 0x01, 0x00, 0x01, 0x00,
  0x01, 0x00, 0x01, 0x00, 0x01, 0x00, 0xe3, 0x7d, 0xe3, 0x7d, 0xe3, 0x7d,
  0x23, 0x14, 0x01, 0x00, 0x01, 0x00, 0x01, 0x00, 0x01, 0x00, 0x01, 0x00,
  0x01, 0x00, 0x01, 0x00, 0x01, 0x00, 0xe3, 0x7d, 0xe3, 0x7d, 0xe3, 0x7d,
  0x23, 0x14, 0x01, 0x00, 0x01, 0x00, 0x01, 0x00, 0x01, 0x00, 0x01, 0x00,
  0x01, 0x00, 0x01, 0x00, 0x01, 0x00, 0x01, 0x00, 0x01, 0x00, 0x01, 0x00,
  0x01, 0x00, 0x01, 0x00, 0x01, 0x00, 0x01, 0x00, 0x01, 0x00, 0x01, 0x00,
  0xe3, 0x7d, 0xe3, 0x7d, 0xe3, 0x7d, 0xe3, 0x7d, 0xe3, 0x7d, 0xe3, 0x7d,
  0xe3, 0x7d, 0xe3, 0x7d, 0xe3, 0x7d, 0xe3, 0x7d, 0xe3, 0x7d, 0xe3, 0x7d,
  0x23, 0x14, 0x01, 0x00, 0x01, 0x00, 0xe3, 0x7d, 0xe3, 0x7d, 0xe3, 0x7d,
  0x23, 0x14, 0x01, 0x00, 0x01, 0x00, 0x01, 0x00, 0x01, 0x00, 0x01, 0x00,
  0x01, 0x00, 0x01, 0x00, 0x01, 0x00, 0xe3, 0x7d, 0xe3, 0x7d, 0xe3, 0x7d,
  0x23, 0x14, 0x01, 0x00, 0x01, 0x00, 0xe3, 0x7d, 0xe3, 0x7d, 0xe3, 0x7d,
  0xe3, 0x7d, 0xe3, 0x7d, 0xe3, 0x7d, 0xe3, 0x7d, 0xe3, 0x7d, 0xe3, 0x7d,
  0xe3, 0x7d, 0xe3, 0x7d, 0xe3, 0x7d, 0xe3, 0x7d, 0xe3, 0x7d, 0xe3, 0x7d,
  0x23, 0x14, 0x01, 0x00, 0x01, 0x00, 0xe3, 0x7d, 0xe3, 0x7d, 0xe3, 0x7d,
  0xe3, 0x7d, 0xe3, 0x7d, 0xe3, 0x7d, 0xe3, 0x7d, 0xe3, 0x7d, 0xe3, 0x7d,
  0xe3, 0x7d, 0xe3, 0x7d, 0xe3, 0x7d, 0x23, 0x14, 0x01, 0x00, 0x01, 0x00,
  0x01, 0x00, 0x01, 0x00, 0x01, 0x00, 0x01, 0x00, 0x01, 0x00, 0x01, 0x00,
  0x01, 0x00, 0x01, 0x00, 0x01, 0x00, 0xe3, 0x7d, 0xe3, 0x7d, 0xe3, 0x7d,
  0x23, 0x14, 0x01, 0x00, 0x01, 0x00, 0x01, 0x00, 0x01, 0x00, 0x01, 0x00,
  0x01, 0x00, 0x01, 0x00, 0x01, 0x00, 0xe3, 0x7d, 0xe3, 0x7d, 0xe3, 0x7d,
  0x23, 0x14, 0x01, 0x00, 0x01, 0x00, 0x01, 0x00, 0x01, 0x00, 0x01, 0x00,
  0x01, 0x00, 0x01, 0x00, 0x01, 0x00, 0xe3, 0x7d, 0xe3, 0x7d, 0xe3, 0x7d,
  0x23, 0x14, 0x01, 0x00, 0x01, 0x00, 0x01, 0x00, 0x01, 0x00, 0x01, 0x00,
  0x01, 0x00, 0x01, 0x00, 0x01, 0x00, 0x01, 0x00, 0x01, 0x00, 0x01, 0x00,
  0x01, 0x00, 0x01, 0x00, 0x01, 0x00, 0x01, 0x00, 0x01, 0x00, 0x01, 0x00,
  0xe3, 0x7d, 0xe3, 0x7d, 0xe3, 0x7d, 0xe3, 0x7d, 0xe3, 0x7d, 0xe3, 0x7d,
  0xe3, 0x7d, 0xe3, 0x7d, 0xe3, 0x7d, 0xe3, 0x7d, 0xe3, 0x7d, 0xe3, 0x7d,
  0x23, 0x14, 0x01, 0x00, 0x01, 0x00, 0xe3, 0x7d, 0xe3, 0x7d, 0xe3, 0x7d,
  0x23, 0x14, 0x01, 0x00, 0x01, 0x00, 0x01, 0x00, 0x01, 0x00, 0x01, 0x00,
  0x01, 0x00, 0x01, 0x00, 0x01, 0x00, 0xe3, 0x7d, 0xe3, 0x7d, 0xe3, 0x7d,
  0x23, 0x14, 0x01, 0x00, 0x01, 0x00, 0xe3, 0x7d, 0xe3, 0x7d, 0xe3, 0x7d,
  0xe3, 0x7d, 0xe3, 0x7d, 0xe3, 0x7d, 0xe3, 0x7d, 0xe3, 0x7d, 0xe3, 0x7d,
  0xe3, 0x7d, 0xe3, 0x7d, 0xe3, 0x7d, 0xe3, 0x7d, 0xe3, 0x7d, 0xe3, 0x7d,
  0x23, 0x14, 0x01, 0x00, 0x01, 0x00, 0xe3, 0x7d, 0xe3, 0x7d, 0xe3, 0x7d,
  0xe3, 0x7d, 0xe3, 0x7d, 0xe3, 0x7d, 0xe3, 0x7d, 0xe3, 0x7d, 0xe3, 0x7d,
  0xe3, 0x7d, 0xe3, 0x7d, 0xe3, 0x7d, 0x23, 0x14, 0x01, 0x00, 0x01, 0x00,
  0x01, 0x00, 0x01, 0x00, 0x01, 0x00, 0x01, 0x00, 0x01, 0x00, 0x01, 0x00,
  0x01, 0x00, 0x01, 0x00, 0x01, 0x00, 0xe3, 0x7d, 0xe3, 0x7d, 0xe3, 0x7d,
  0x23, 0x14, 0x01, 0x00, 0x01, 0x00, 0x01, 0x00, 0x01, 0x00, 0x01, 0x00,
  0x01, 0x00, 0x01, 0x00, 0x01, 0x00, 0xe3, 0x7d, 0xe3, 0x7d, 0xe3, 0x7d,
  0x23, 0x14, 0x01, 0x00, 0x01, 0x00, 0x01, 0x00, 0x01, 0x00, 0x01, 0x00,
  0x01, 0x00, 0x01, 0x00, 0x01, 0x00, 0xe3, 0x7d, 0xe3, 0x7d, 0xe3, 0x7d,
  0x23, 0x14, 0x01, 0x00, 0x01, 0x00, 0x01, 0x00, 0x01, 0x00, 0x01, 0x00,
  0x01, 0x00, 0x01, 0x00, 0x00, 0x00, 0x00, 0x00, 0x00, 0x00, 0x00, 0x00,
  0x00, 0x00, 0x00, 0x00, 0x00, 0x00, 0x00, 0x00, 0x00, 0x00, 0x2e, 0x36,
  0x00, 0x00, 0x23, 0x14, 0x23, 0x14, 0x23, 0x14, 0x23, 0x14, 0x23, 0x14,
  0x23, 0x14, 0x23, 0x14, 0x23, 0x14, 0x23, 0x14, 0x23, 0x14, 0x23, 0x14,
  0x23, 0x14, 0x00, 0x00, 0x00, 0x00, 0x00, 0x00, 0x23, 0x14, 0x23, 0x14,
  0x23, 0x14, 0x00, 0x00, 0x00, 0x00, 0x00, 0x00, 0x00, 0x00, 0x00, 0x00,
  0x00, 0x00, 0x00, 0x00, 0x00, 0x00, 0x00, 0x00, 0x23, 0x14, 0x23, 0x14,
  0x23, 0x14, 0x00, 0x00, 0x00, 0x00, 0x00, 0x00, 0x23, 0x14, 0x23, 0x14,
  0x23, 0x14, 0x23, 0x14, 0x23, 0x14, 0x23, 0x14, 0x23, 0x14, 0x23, 0x14,
  0x23, 0x14, 0x23, 0x14, 0x23, 0x14, 0x23, 0x14, 0x23, 0x14, 0x23, 0x14,
  0x23, 0x14, 0x00, 0x00, 0x00, 0x00, 0x00, 0x00, 0x23, 0x14, 0x23, 0x14,
  0x23, 0x14, 0x23, 0x14, 0x23, 0x14, 0x23, 0x14, 0x23, 0x14, 0x23, 0x14,
  0x23, 0x14, 0x23, 0x14, 0x23, 0x14, 0x23, 0x14, 0x00, 0x00, 0x00, 0x00,
  0x00, 0x00, 0x00, 0x00, 0x00, 0x00, 0x00, 0x00, 0x00, 0x00, 0x00, 0x00,
  0x00, 0x00, 0x00, 0x00, 0x00, 0x00, 0x00, 0x00, 0x23, 0x14, 0x23, 0x14,
  0x23, 0x14, 0x00, 0x00, 0x00, 0x00, 0x00, 0x00, 0x00, 0x00, 0x00, 0x00,
  0x00, 0x00, 0x00, 0x00, 0x00, 0x00, 0x00, 0x00, 0x23, 0x14, 0x23, 0x14,
  0x23, 0x14, 0x00, 0x00, 0x00, 0x00, 0x00, 0x00, 0x00, 0x00, 0x00, 0x00,
  0x00, 0x00, 0x00, 0x00, 0x00, 0x00, 0x00, 0x00, 0x23, 0x14, 0x23, 0x14,
  0x23, 0x14, 0x00, 0x00, 0x00, 0x00, 0x00, 0x00, 0x52, 0x4a, 0x00, 0x00,
  0x00, 0x00, 0x00, 0x00, 0x00, 0x00, 0x00, 0x00, 0x00, 0x00, 0x00, 0x00,
  0x00, 0x00, 0x00, 0x00, 0x00, 0x00, 0x00, 0x00, 0x00, 0x00, 0x00, 0x00,
  0x00, 0x00, 0x00, 0x00, 0x00, 0x00, 0x00, 0x00, 0x00, 0x00, 0x00, 0x00,
  0x00, 0x00, 0x00, 0x00, 0x00, 0x00, 0x00, 0x00, 0x00, 0x00, 0x00, 0x00,
  0x00, 0x00, 0x00, 0x00, 0x00, 0x00, 0x00, 0x00, 0x00, 0x00, 0x00, 0x00,
  0x00, 0x00, 0x00, 0x00, 0x00, 0x00, 0x00, 0x00, 0x00, 0x00, 0x00, 0x00,
  0x00, 0x00, 0x00, 0x00, 0x00, 0x00, 0x00, 0x00, 0x00, 0x00, 0x00, 0x00,
  0x00, 0x00, 0x00, 0x00, 0x00, 0x00, 0x00, 0x00, 0x00, 0x00, 0x00, 0x00,
  0x00, 0x00, 0x00, 0x00, 0x00, 0x00, 0x00, 0x00, 0x00, 0x00, 0x00, 0x00,
  0x00, 0x00, 0x00, 0x00, 0x00, 0x00, 0x00, 0x00, 0x00, 0x00, 0x00, 0x00,
  0x00, 0x00, 0x00, 0x00, 0x00, 0x00, 0x00, 0x00, 0x00, 0x00, 0x00, 0x00,
  0x00, 0x00, 0x00, 0x00, 0x00, 0x00, 0x00, 0x00, 0x00, 0x00, 0x00, 0x00,
  0x00, 0x00, 0x00, 0x00, 0x00, 0x00, 0x00, 0x00, 0x00, 0x00, 0x00, 0x00,
  0x00, 0x00, 0x00, 0x00, 0x00, 0x00, 0x00, 0x00, 0x00, 0x00, 0x00, 0x00,
  0x00, 0x00, 0x00, 0x00, 0x00, 0x00, 0x00, 0x00, 0x00, 0x00, 0x00, 0x00,
  0x00, 0x00, 0x00, 0x00, 0x00, 0x00, 0x00, 0x00, 0x00, 0x00, 0x00, 0x00,
  0x00, 0x00, 0x00, 0x00, 0x00, 0x00, 0x00, 0x00, 0x00, 0x00, 0x00, 0x00,
  0x00, 0x00, 0x00, 0x00, 0x00, 0x00, 0x00, 0x00, 0x00, 0x00, 0x00, 0x00,
  0x00, 0x00, 0x00, 0x00, 0x00, 0x00, 0x00, 0x00, 0x00, 0x00, 0x00, 0x00,
  0x00, 0x00, 0x00, 0x00, 0x00, 0x00, 0x00, 0x00, 0x00, 0x00, 0x00, 0x00,
  0x00, 0x00, 0x00, 0x00, 0x00, 0x00, 0x00, 0x00, 0x00, 0x00, 0x00, 0x00,
  0x00, 0x00, 0x00, 0x00, 0x00, 0x00, 0x00, 0x00, 0x00, 0x00, 0x00, 0x00,
  0x00, 0x00, 0x00, 0x00, 0x00, 0x00, 0x00, 0x00, 0x00, 0x00, 0x00, 0x00,
  0x00, 0x00, 0x00, 0x00, 0x00, 0x00, 0x00, 0x00, 0x00, 0x00, 0x00, 0x00,
  0x00, 0x00, 0x00, 0x00, 0x00, 0x00, 0x00, 0x00, 0x00, 0x00, 0x00, 0x00,
  0x00, 0x00, 0x00, 0x00, 0x00, 0x00, 0x00, 0x00, 0x00, 0x00, 0x00, 0x00,
  0x00, 0x00, 0x00, 0x00, 0x00, 0x00, 0x00, 0x00, 0x00, 0x00, 0x00, 0x00,
  0x00, 0x00, 0x00, 0x00, 0x00, 0x00, 0x00, 0x00, 0x00, 0x00, 0x00, 0x00,
  0x00, 0x00, 0x00, 0x00, 0x00, 0x00, 0x00, 0x00, 0x00, 0x00, 0x00, 0x00,
  0x00, 0x00, 0x00, 0x00, 0x00, 0x00, 0x00, 0x00, 0x00, 0x00, 0x00, 0x00,
  0x00, 0x00, 0x00, 0x00, 0x00, 0x00, 0x00, 0x00, 0x00, 0x00, 0x00, 0x00,
  0x00, 0x00, 0x00, 0x00, 0x00, 0x00, 0x00, 0x00, 0x00, 0x00, 0x00, 0x00,
  0x00, 0x00, 0x00, 0x00, 0x00, 0x00, 0x00, 0x00, 0x00, 0x00, 0x00, 0x00,
  0x00, 0x00, 0x00, 0x00, 0x00, 0x00, 0x00, 0x00, 0x00, 0x00, 0x00, 0x00,
  0x00, 0x00, 0x00, 0x00, 0x00, 0x00, 0x00, 0x00, 0x00, 0x00, 0x00, 0x00,
  0x00, 0x00, 0x00, 0x00, 0x00, 0x00, 0x00, 0x00, 0x00, 0x00, 0x00, 0x00,
  0x00, 0x00, 0x00, 0x00, 0x00, 0x00, 0x00, 0x00, 0x00, 0x00, 0x00, 0x00,
  0x00, 0x00, 0x00, 0x00, 0x00, 0x00, 0x00, 0x00, 0x00, 0x00, 0x00, 0x00,
  0x00, 0x00, 0x00, 0x00, 0x00, 0x00, 0x00, 0x00, 0x00, 0x00, 0x00, 0x00,
  0x00, 0x00, 0x00, 0x00, 0x00, 0x00, 0x00, 0x00, 0x00, 0x00, 0x00, 0x00,
  0x00, 0x00, 0x00, 0x00, 0x00, 0x00, 0x00, 0x00, 0x00, 0x00, 0x00, 0x00,
  0x00, 0x00, 0x00, 0x00, 0x00, 0x00, 0x00, 0x00, 0x00, 0x00, 0x00, 0x00,
  0x00, 0x00, 0x00, 0x00, 0x00, 0x00, 0x00, 0x00, 0x00, 0x00, 0x00, 0x00,
  0x00, 0x00, 0x00, 0x00, 0x00, 0x00, 0x00, 0x00, 0x00, 0x00, 0x00, 0x00,
  0x00, 0x00, 0x00, 0x00, 0x00, 0x00, 0x00, 0x00, 0x00, 0x00, 0x00, 0x00,
  0x00, 0x00, 0x00, 0x00, 0x00, 0x00, 0x00, 0x00, 0x00, 0x00, 0x00, 0x00,
  0x00, 0x00, 0x00, 0x00, 0x00, 0x00, 0x00, 0x00, 0x00, 0x00, 0x00, 0x00,
  0x00, 0x00, 0x00, 0x00, 0x00, 0x00, 0x00, 0x00, 0x00, 0x00, 0x00, 0x00,
  0x00, 0x00, 0x00, 0x00, 0x00, 0x00, 0x00, 0x00, 0x00, 0x00, 0x00, 0x00,
  0x00, 0x00, 0x00, 0x00, 0x00, 0x00, 0x00, 0x00, 0x00, 0x00, 0x00, 0x00,
  0x00, 0x00, 0x00, 0x00, 0x00, 0x00, 0x00, 0x00, 0x00, 0x00, 0x00, 0x00,
  0x00, 0x00, 0x00, 0x00, 0x00, 0x00, 0x00, 0x00, 0x00, 0x00, 0x00, 0x00,
  0x00, 0x00, 0x00, 0x00, 0x00, 0x00, 0x00, 0x00, 0x00, 0x00, 0x00, 0x00,
  0x00, 0x00, 0x00, 0x00, 0x00, 0x00, 0x00, 0x00, 0x00, 0x00, 0x00, 0x00,
  0x00, 0x00, 0x00, 0x00, 0x00, 0x00, 0x00, 0x00, 0x00, 0x00, 0x00, 0x00,
  0x00, 0x00, 0x00, 0x00, 0x00, 0x00, 0x00, 0x00, 0x00, 0x00, 0x00, 0x00,
  0x00, 0x00, 0x00, 0x00, 0x00, 0x00, 0x00, 0x00, 0x00, 0x00, 0x00, 0x00,
  0x00, 0x00, 0x00, 0x00, 0x00, 0x00, 0x00, 0x00, 0x00, 0x00, 0x00, 0x00,
  0x00, 0x00, 0x00, 0x00, 0x00, 0x00, 0x00, 0x00, 0x00, 0x00, 0x00, 0x00,
  0x00, 0x00, 0x00, 0x00, 0x00, 0x00, 0x00, 0x00, 0x00, 0x00, 0x00, 0x00,
  0x00, 0x00, 0x00, 0x00, 0x00, 0x00, 0x00, 0x00, 0x00, 0x00, 0x00, 0x00,
  0x00, 0x00, 0x00, 0x00, 0x00, 0x00, 0x00, 0x00, 0x00, 0x00, 0x00, 0x00,
  0x00, 0x00, 0x00, 0x00, 0x00, 0x00, 0x00, 0x00, 0x00, 0x00, 0x00, 0x00,
  0x00, 0x00, 0x00, 0x00, 0x00, 0x00, 0x00, 0x00, 0x00, 0x00, 0x00, 0x00,
  0x00, 0x00, 0x00, 0x00, 0x00, 0x00, 0x00, 0x00, 0x00, 0x00, 0x00, 0x00,
  0x00, 0x00, 0x00, 0x00, 0x00, 0x00, 0x00, 0x00, 0x00, 0x00, 0x00, 0x00,
  0x00, 0x00, 0x00, 0x00, 0x00, 0x00, 0x00, 0x00, 0x00, 0x00, 0x00, 0x00,
  0x00, 0x00, 0x00, 0x00, 0x00, 0x00, 0x00, 0x00, 0x00, 0x00, 0x00, 0x00,
  0x00, 0x00, 0x00, 0x00, 0x00, 0x00, 0x00, 0x00, 0x00, 0x00, 0x00, 0x00,
  0x00, 0x00, 0x00, 0x00, 0x00, 0x00, 0x00, 0x00, 0x00, 0x00, 0x00, 0x00,
  0x00, 0x00, 0x00, 0x00, 0x00, 0x00, 0x00, 0x00, 0x00, 0x00, 0x00, 0x00,
  0x00, 0x00, 0x00, 0x00, 0x00, 0x00, 0x00, 0x00, 0x00, 0x00, 0x00, 0x00,
  0x00, 0x00, 0x00, 0x00, 0x00, 0x00, 0x00, 0x00, 0x00, 0x00, 0x00, 0x00,
  0x00, 0x00, 0x00, 0x00, 0x00, 0x00, 0x00, 0x00, 0x00, 0x00, 0x00, 0x00,
  0x00, 0x00, 0x00, 0x00, 0x00, 0x00, 0x00, 0x00, 0x00, 0x00, 0x00, 0x00,
  0x00, 0x00, 0x00, 0x00, 0x00, 0x00, 0x00, 0x00, 0x00, 0x00, 0x00, 0x00,
  0x00, 0x00, 0x00, 0x00, 0x00, 0x00, 0x00, 0x00, 0x00, 0x00, 0x00, 0x00,
  0x00, 0x00, 0x00, 0x00, 0x00, 0x00, 0x00, 0x00, 0x00, 0x00, 0x00, 0x00,
  0x00, 0x00, 0x00, 0x00, 0x00, 0x00, 0x00, 0x00, 0x00, 0x00, 0x00, 0x00,
  0x00, 0x00, 0x00, 0x00, 0x00, 0x00, 0x00, 0x00, 0x00, 0x00, 0x00, 0x00,
  0x00, 0x00, 0x00, 0x00,
};
const unsigned int DefaultSS160_555_len = 38404;
